cand,key,name,psnr,msssim,lpips_alex,lpips_vgg,dists,wd3,wd5,clipiqa,mse
msillm,q1,02809272b4ca9b08af45771501b741296187c7e26907efb44abbbfcb6cd804f7,22.560398453269606,0.8862950801849365,0.15629273043835865,0.3604286242057295,0.13513583768816556,0.7978204610972385,0.2714774780368351,0.6918770670890808,360.6122831456801
msillm,q1,0369d229ba4c9965d5caeb38c359a027a810968eee930b81520b604e76b4df14,30.344277160192178,0.9264485836029053,0.07202077373204863,0.2773832083624952,0.1029387619565515,0.1863636547738933,0.05315420399927317,0.7689393162727356,60.06931020699295
msillm,q1,07b9f93f170a0381836bdf301280a5b80b2c4be6e66f793a3c335dc200fb4e5b,24.507416770895336,0.8833545446395874,0.10013622212059357,0.2907049454310361,0.10486962795257568,0.399762503163851,0.14808178875797035,0.8213350176811218,230.32372927198222
msillm,q1,0d154749c7771f58e89ad343653ec4e20d6f037da829f47f5598e5d0a4ab61f0,25.934876629370645,0.7985730171203613,0.17177079648656005,0.39958315851057274,0.16732659006820005,0.28736178394869166,0.10527176463032985,0.6405767798423767,165.8031197342218
msillm,q1,1b4ad095795ac552b38a21d51be7bfaee8e7d0a70619d84767814321df4ed062,26.913956925231282,0.8451988101005554,0.14720127672741287,0.34465167396946955,0.129296423573243,0.2431190285211941,0.08906915456767557,0.7779467701911926,132.33803089878015
msillm,q1,1cba10ad9bb4ced57e42f7656c5f2a58d32dc6bad084957d2f8d1c78e0fcd224,32.419353832914624,0.9378185272216797,0.08332380799811731,0.32951917159325866,0.12152069792585465,0.09693744791332876,0.026622131934944702,0.47916141152381897,37.251603999955755
msillm,q1,2397c73f8feeb8f630fe055da5551c671794afae80528e8612dc62fc0cf61294,25.330135869727066,0.9201192855834961,0.11056463205639054,0.2783774746691479,0.1124243892291013,0.4611253976047697,0.14230418217653934,0.5249426960945129,190.57537099800857
msillm,q1,2684452db505ddbbb53f42a3f3bcfe86fdd0d6d8d98c029db4b4c6fc1f55b750,26.207226277662667,0.8795441389083862,0.1415412806412753,0.3383141021518146,0.12074345069773057,0.4232998705723463,0.12634239354666996,0.8201653957366943,155.72478254729626
msillm,q1,2a760bf1ccea6998be3890dcc2371b23f35fe3006562884b45bc534a621d5c12,33.941168775748764,0.982958972454071,0.04015088701171094,0.15039659355734958,0.07423107942630505,0.05838308639215778,0.016378459230082177,0.8053648471832275,26.239979009518677
msillm,q1,4ebc0e6c463bcf8ada38673c268aae56d44864347fd74b81a9fb5659bf96a010,27.346944905304433,0.8601555824279785,0.12867118160733404,0.33003263368326075,0.10833101062213674,0.24066284047754272,0.09649659725882553,0.5600538849830627,119.78043069278493
msillm,q1,50d13125b665e0c4c1673264807bfc3cc7a217819329696843fea4c69aff8b91,31.643524996132047,0.9743285179138184,0.027477386749952155,0.12433992625515469,0.07768246724325067,0.06581196936311413,0.03067817576490596,0.8046537041664124,44.53770775888481
msillm,q1,50fe4c3d47d864858e1aaa60fecef5c453b4e18d2b368718eeb5c1e249e0c902,22.700557260623814,0.8988841772079468,0.16783456499745816,0.35887173259699784,0.1296164450454123,0.9593335896222948,0.3205978794221302,0.2966494858264923,349.1601205833655
msillm,q1,581048154e3c4b579c79155742dcf643c18b9bb47782aca7f0768eff185bc32e,23.219238756227814,0.8150639533996582,0.21790029906800815,0.44342940538139136,0.15158525240290296,0.5978102990423565,0.22115081514794613,0.19863145053386688,309.8535564268902
msillm,q1,608cb09e6ffc66d4bc838d4088bf4c0ab889d7e83d4f5d78805cbc4497e432a1,23.622274204061004,0.8472468256950378,0.17982114573904112,0.3788827761423354,0.13869762245346517,0.8067267398018885,0.2515577457858643,0.165996715426445,282.39235841838365
msillm,q1,79b1bb29124f590c2e99e6c71c18affe25115d594a821cadc58bf24bf94dae8d,22.220667226487592,0.8941730856895447,0.11401637643575668,0.314344747364521,0.11224920451641082,0.9660369702758999,0.34631013305591746,0.5327969193458557,389.95423227945963
msillm,q1,8426ed2245c791232862b0a0b2a62a1f17031e8e6e38921fe939df0b3a05ac41,34.86458299360815,0.9466937780380249,0.06924566417001188,0.28001981787383556,0.08803078159689903,0.053158019982724625,0.015240087581970246,0.29896846413612366,21.213975429534912
msillm,q1,86127fbdb368eb28c3039cf61aff1c4cfdc4ade24070c8f2389968d5ead681e1,22.801374399306063,0.8576664924621582,0.15897501992886184,0.4046122254651101,0.17185414838986318,1.0437409130486155,0.38576157146099815,0.595323920249939,341.14807178935064
msillm,q1,937476dd72f98638f34299dda5e9c252621b5e809c364692fc2934e000583286,18.08957665987023,0.6866571307182312,0.21974443892637888,0.27155496925115585,0.21369298299153647,1.1319274096604204,0.7821710410770043,0.2670738995075226,1009.5380558437771
msillm,q1,a2a946cc516f9eec0f141da3c31a96df94fe342c651af46f0d38f6c04400323a,26.006765058183117,0.9125305414199829,0.12201600743128974,0.30843898158739597,0.11305518378229702,0.4326670964472701,0.11737367847212131,0.24012042582035065,163.08118369906558
msillm,q1,a365e6541bab5c0f4e01bf43a0c3a655d88292a8ac45403a889c308d11854555,21.112761697254896,0.8275267481803894,0.16460739001631736,0.382773228515597,0.14455712560345144,0.8876106099649298,0.35648744950002753,0.5792414546012878,503.273648370481
msillm,q1,b0b3744cc6b5ad6426b1ac02909b4389ea7fc4140d72a888ccdfb21f573a6db4,20.64996062102841,0.8406962156295776,0.1640455048312159,0.3524677934015498,0.12271243246162639,0.8721139406319066,0.3877706133630979,0.8296731114387512,559.8662638346354
msillm,q1,bb7344a2ba499b2d48b891abee1b903dc17d265437ac57028b5999b6cd5bcdc4,28.21040390459229,0.9474210739135742,0.079449393437244,0.19437850639224052,0.12112224847078323,0.2530472527564598,0.09182425396462468,0.4634665250778198,98.18383026123047
msillm,q1,c9510efb03d1852c29ecad84cc0558768728681a3b9b04eae0dbbd9be142dd95,29.050434464833863,0.9444234371185303,0.08485581477117889,0.26016843432889264,0.08916333019733429,0.2170239266759831,0.04509847462124649,0.6577649712562561,80.91646740483303
msillm,q1,d0208a1e9b4fde642b9752da2907d82d5b530a6e2e6e18ef71d5524a92d1cf9a,20.881475277774033,0.7401015758514404,0.2328295766869012,0.46088165956384997,0.1613497711279813,0.8317820727475063,0.3899026979181064,0.7055330276489258,530.8023453057981
msillm,q1,da52c4f66dc00c2f381e8475fbf8a7aa2c5433a9c59cc175646c62e02892faf7,21.935842699050564,0.9031026363372803,0.17301278675303738,0.366361507247476,0.14687349480741163,1.169573818299999,0.3878504056917703,0.5339407324790955,416.3859731636795
msillm,q1,e0d8e29cadfc99663c7d1a4a5afe20c454ec54d0d873776ec397c59405c74790,28.524514516847002,0.9054932594299316,0.10546227868865518,0.3422484205049627,0.12968850030618556,0.210820844989288,0.102237898705355,0.7014357447624207,91.33324943991268
msillm,q1,ebfd571f1c6824316047a29cb5f376eec15f56dd51821119c1842be068a8b950,24.667320546230506,0.9786962270736694,0.036063548672245815,0.07963045290671289,0.056944090873003006,0.3894611339420524,0.19266516652044485,0.0713668167591095,221.99761374791464
msillm,q1,eda6d42794b0d0140628fa90fc0c14a7ba88159b8474d0077027c32ee2ddf6f0,23.319974469829145,0.8743718862533569,0.14679918314019838,0.3582557187068696,0.12254950667128843,0.7314259006864221,0.24292319601095125,0.5137947797775269,302.74913703070746
msillm,q1,f67f11de4ca9ebda3db52c41fd3d26c3105687b2d37571e54631a1e4486d0b30,33.250185085384494,0.9370171427726746,0.05773270864030529,0.21921373136779843,0.08476115266482036,0.09402739837713012,0.03884499515761268,0.6200697422027588,30.765349444221048
msillm,q1,ff32adfa29d4b5de26293352f53cc983d12d3ededd71fe65ca0ef0d887be65c4,27.60724942847204,0.919509768486023,0.10243235548191211,0.2532371153726297,0.09160348212017733,0.28680338693879065,0.06926019578427356,0.8045985102653503,112.8120309867111
msillm,q2,02809272b4ca9b08af45771501b741296187c7e26907efb44abbbfcb6cd804f7,24.35233142219319,0.9270616769790649,0.1052592098055517,0.29718984698548034,0.10806523018023546,0.525540107067809,0.15675673750090272,0.7633395791053772,238.69714175953584
msillm,q2,0369d229ba4c9965d5caeb38c359a027a810968eee930b81520b604e76b4df14,31.434906273557097,0.9443728923797607,0.049478141448515305,0.24726253406089896,0.07934362607843735,0.1321185496930147,0.03466149265524768,0.7764855623245239,46.72934929342831
msillm,q2,07b9f93f170a0381836bdf301280a5b80b2c4be6e66f793a3c335dc200fb4e5b,25.57746403471532,0.9110490679740906,0.07564589834826833,0.25537374773446253,0.08373410877059488,0.3006815537248258,0.10654207962686546,0.7818183898925781,180.025471646178
msillm,q2,0d154749c7771f58e89ad343653ec4e20d6f037da829f47f5598e5d0a4ab61f0,27.016394801808797,0.8637350797653198,0.12920879035749855,0.3442623652956065,0.11711911103304695,0.2166936738673592,0.07549474770729318,0.649979293346405,129.25307401769302
msillm,q2,1b4ad095795ac552b38a21d51be7bfaee8e7d0a70619d84767814321df4ed062,27.798047299988728,0.8881170153617859,0.107216398574804,0.3048156637110208,0.09447784486569856,0.17484295073532657,0.05974521245375294,0.7172792553901672,107.96317077101322
msillm,q2,1cba10ad9bb4ced57e42f7656c5f2a58d32dc6bad084957d2f8d1c78e0fcd224,33.47673322258922,0.950467586517334,0.0590903145776501,0.29427832589276787,0.09486591309598348,0.06592984931054653,0.016223046252482172,0.4107271730899811,29.201626280750656
msillm,q2,2397c73f8feeb8f630fe055da5551c671794afae80528e8612dc62fc0cf61294,26.944472786472705,0.9469466209411621,0.07579364972736906,0.2362884511842447,0.0833337079076206,0.30978477162365803,0.0862452419175521,0.5515161156654358,131.41141213809743
msillm,q2,2684452db505ddbbb53f42a3f3bcfe86fdd0d6d8d98c029db4b4c6fc1f55b750,27.655469113620242,0.9125160574913025,0.0962175968596164,0.29242850918980207,0.09438885012093712,0.28522291858573545,0.0728751316211955,0.8522595763206482,111.56640768612132
msillm,q2,2a760bf1ccea6998be3890dcc2371b23f35fe3006562884b45bc534a621d5c12,36.17365537672563,0.988095760345459,0.02322511973887168,0.15999099374588194,0.0515664666891098,0.040061911113416365,0.011246206331612562,0.8839830160140991,15.693319737226114
msillm,q2,4ebc0e6c463bcf8ada38673c268aae56d44864347fd74b81a9fb5659bf96a010,28.756567692343573,0.9155044555664062,0.09025255531510885,0.27179833795217906,0.07780041081063888,0.15919764265898212,0.05823081752211878,0.5574427843093872,86.58119817995558
msillm,q2,50d13125b665e0c4c1673264807bfc3cc7a217819329696843fea4c69aff8b91,32.50531957309688,0.9780553579330444,0.023729086730300504,0.16549400142120088,0.07672285244745367,0.05091939688817988,0.02158285363628595,0.8164961338043213,36.52148293887868
msillm,q2,50fe4c3d47d864858e1aaa60fecef5c453b4e18d2b368718eeb5c1e249e0c902,24.197833946900623,0.9311152696609497,0.11776832270401495,0.306012426721461,0.10176062786284788,0.7041771496305393,0.22327822345151718,0.42334601283073425,247.34148629898888
msillm,q2,581048154e3c4b579c79155742dcf643c18b9bb47782aca7f0768eff185bc32e,24.615311256238822,0.8743617534637451,0.16147650716887726,0.3862170193057794,0.1228261174081446,0.46680765112318773,0.17609335648498148,0.20229126513004303,224.6721468635531
msillm,q2,608cb09e6ffc66d4bc838d4088bf4c0ab889d7e83d4f5d78805cbc4497e432a1,25.224477711693662,0.8989281058311462,0.1180448344379079,0.3116891300853561,0.10572944260111042,0.5499061100992335,0.15393159780003157,0.15343305468559265,195.26867965000127
msillm,q2,79b1bb29124f590c2e99e6c71c18affe25115d594a821cadc58bf24bf94dae8d,23.487228936234963,0.9187897443771362,0.07991338483989238,0.2778586111962795,0.0981483906507492,0.7036870113925943,0.23773589780707063,0.5618290901184082,291.31139119466144
msillm,q2,8426ed2245c791232862b0a0b2a62a1f17031e8e6e38921fe939df0b3a05ac41,36.00308568366814,0.9575637578964233,0.05050912615843117,0.25271286256611347,0.06061964109539986,0.033960547693119736,0.008377769439035274,0.24158215522766113,16.321940581003826
msillm,q2,86127fbdb368eb28c3039cf61aff1c4cfdc4ade24070c8f2389968d5ead681e1,24.427512029478148,0.9086337089538574,0.10534170544782623,0.3327052698272174,0.1297057058478965,0.7114330470109858,0.24092805928721409,0.5823841094970703,234.60062129119706
msillm,q2,937476dd72f98638f34299dda5e9c252621b5e809c364692fc2934e000583286,18.8606693631226,0.7889172434806824,0.14551173150539398,0.24059467514355978,0.1875317245721817,0.9544279859837843,0.65030526545698,0.3221622407436371,845.304974132114
msillm,q2,a2a946cc516f9eec0f141da3c31a96df94fe342c651af46f0d38f6c04400323a,27.70852789808563,0.943283200263977,0.07994663375703727,0.25807651903699425,0.08224327073377721,0.28369449093750815,0.06632343275655674,0.23949973285198212,110.21166692995557
msillm,q2,a365e6541bab5c0f4e01bf43a0c3a655d88292a8ac45403a889c308d11854555,22.212110382293844,0.8735241889953613,0.11801846750518855,0.3272030366694226,0.1062429336940541,0.6464394661496045,0.24437335029613982,0.6602059602737427,390.72331112132355
msillm,q2,b0b3744cc6b5ad6426b1ac02909b4389ea7fc4140d72a888ccdfb21f573a6db4,21.821720029142988,0.8895689249038696,0.12304105022374322,0.30974277994211985,0.0979187868973788,0.6375352988397615,0.273804939884609,0.8585430979728699,427.4726740818398
msillm,q2,bb7344a2ba499b2d48b891abee1b903dc17d265437ac57028b5999b6cd5bcdc4,30.18069419324888,0.9687821865081787,0.05117146437987685,0.14795723976567388,0.09884573519229889,0.15132248864165376,0.04336382040797133,0.5781876444816589,62.37505499521891
msillm,q2,c9510efb03d1852c29ecad84cc0558768728681a3b9b04eae0dbbd9be142dd95,31.01247717317641,0.9639932513237,0.053461089872700325,0.2121447994866792,0.06557049803874072,0.14083274665068757,0.026200546948037504,0.6881083250045776,51.503013820274205
msillm,q2,d0208a1e9b4fde642b9752da2907d82d5b530a6e2e6e18ef71d5524a92d1cf9a,22.001583805909092,0.8254911303520203,0.17208782684277085,0.39226332841550604,0.12402173420962165,0.5918499558362836,0.2602430624693209,0.7484968900680542,410.13041764801625
msillm,q2,da52c4f66dc00c2f381e8475fbf8a7aa2c5433a9c59cc175646c62e02892faf7,23.751933499222663,0.9388965368270874,0.11858237762661542,0.30553018065059884,0.1265018403530121,0.8259759872268606,0.24907253258813133,0.6558362245559692,274.08609978170955
msillm,q2,e0d8e29cadfc99663c7d1a4a5afe20c454ec54d0d873776ec397c59405c74790,29.238962517083515,0.9284147620201111,0.08217368486392147,0.3192438159795368,0.10173607889343711,0.13715753956474694,0.05761745702072346,0.589582085609436,77.47901826746323
msillm,q2,ebfd571f1c6824316047a29cb5f376eec15f56dd51821119c1842be068a8b950,26.595190328374105,0.9877229928970337,0.02184149084496312,0.04680212528910488,0.03296374902129173,0.15963032452811254,0.05732990751883561,0.2667052745819092,142.41683435440063
msillm,q2,eda6d42794b0d0140628fa90fc0c14a7ba88159b8474d0077027c32ee2ddf6f0,24.610676180836176,0.9039480686187744,0.10441409066027287,0.3037478220375145,0.09074410883819356,0.5248338089922803,0.1640122889824651,0.5713849663734436,224.91205970913757
msillm,q2,f67f11de4ca9ebda3db52c41fd3d26c3105687b2d37571e54631a1e4486d0b30,33.83235373415366,0.9419260025024414,0.04317019249120837,0.21834616757491054,0.06798263946000267,0.07229543719482172,0.02759861963834294,0.5132046341896057,26.90574286965763
msillm,q2,ff32adfa29d4b5de26293352f53cc983d12d3ededd71fe65ca0ef0d887be65c4,29.366441248398246,0.9478461146354675,0.06543350880417753,0.2032095540972317,0.06629140797783346,0.20822786893702816,0.05275331614646251,0.8398842215538025,75.23782564051011
msillm,q3,02809272b4ca9b08af45771501b741296187c7e26907efb44abbbfcb6cd804f7,26.29325016332143,0.9565005302429199,0.06484848133781378,0.21996570439899668,0.06769864734481362,0.2888062016273954,0.06512841828784459,0.8475300073623657,152.67057614793964
msillm,q3,0369d229ba4c9965d5caeb38c359a027a810968eee930b81520b604e76b4df14,32.812163715724644,0.9610261917114258,0.031216888236539328,0.21118102788048632,0.05806711579070372,0.09340688685049874,0.02500078777342058,0.7473891973495483,34.03015986423866
msillm,q3,07b9f93f170a0381836bdf301280a5b80b2c4be6e66f793a3c335dc200fb4e5b,27.120661849317635,0.9392879009246826,0.053866021970615664,0.22564768436200477,0.0654277396552703,0.21421300062169502,0.07375076963928004,0.811084508895874,126.18687229530484
msillm,q3,0d154749c7771f58e89ad343653ec4e20d6f037da829f47f5598e5d0a4ab61f0,28.131896275455304,0.9128243923187256,0.09581579086096847,0.30055722410188,0.079859180485501,0.15275642092036673,0.05018309714794437,0.7100872993469238,99.97484358245251
msillm,q3,1b4ad095795ac552b38a21d51be7bfaee8e7d0a70619d84767814321df4ed062,29.12614980407509,0.9294583201408386,0.07651171950917494,0.2539103438979701,0.06790639852222644,0.12164190917549508,0.0374967275609401,0.7884142994880676,79.51798756917317
msillm,q3,1cba10ad9bb4ced57e42f7656c5f2a58d32dc6bad084957d2f8d1c78e0fcd224,34.922630711094854,0.9632000923156738,0.04002435299911473,0.24184424256526152,0.06786884772546083,0.0452742361650763,0.01074024248653043,0.4008144438266754,20.932316357263854
msillm,q3,2397c73f8feeb8f630fe055da5551c671794afae80528e8612dc62fc0cf61294,28.892017328465215,0.9664620757102966,0.04736390220658744,0.1894585751435336,0.05618253560627208,0.18356960070633718,0.03968448292887938,0.7436867952346802,83.92254159964767
msillm,q3,2684452db505ddbbb53f42a3f3bcfe86fdd0d6d8d98c029db4b4c6fc1f55b750,29.50074908912136,0.9447650909423828,0.06408307018744595,0.23440422924125895,0.06840398942722994,0.18347090058996401,0.04136792995025812,0.8647496104240417,72.94666676240809
msillm,q3,2a760bf1ccea6998be3890dcc2371b23f35fe3006562884b45bc534a621d5c12,38.643487393681454,0.9930440783500671,0.015012862674635032,0.09403947625180771,0.03981391314802499,0.027389542627045575,0.007429046070863865,0.8813158869743347,8.886517930304867
msillm,q3,4ebc0e6c463bcf8ada38673c268aae56d44864347fd74b81a9fb5659bf96a010,30.02714542722495,0.9435298442840576,0.06233332680319162,0.243803010179716,0.05199746244093951,0.118263699782606,0.043992863225575905,0.6123648881912231,64.61983104032629
msillm,q3,50d13125b665e0c4c1673264807bfc3cc7a217819329696843fea4c69aff8b91,33.6661105170426,0.9856172800064087,0.017107298480133228,0.1444934760484156,0.05047002960653866,0.030118783723959677,0.010293840182804433,0.8118448853492737,27.955631630093443
msillm,q3,50fe4c3d47d864858e1aaa60fecef5c453b4e18d2b368718eeb5c1e249e0c902,25.761907621933517,0.9559181928634644,0.07471883057812113,0.237091825976048,0.06323749434064936,0.42207179601334727,0.10605432033053384,0.6723880171775818,172.53992251800412
msillm,q3,581048154e3c4b579c79155742dcf643c18b9bb47782aca7f0768eff185bc32e,25.963154145516057,0.9182149171829224,0.11472809511226612,0.3236060122867207,0.08764232318479936,0.31018688929596683,0.09936496666640819,0.32267439365386963,164.72705961234405
msillm,q3,608cb09e6ffc66d4bc838d4088bf4c0ab889d7e83d4f5d78805cbc4497e432a1,26.786512664698414,0.9338905215263367,0.07361739897625703,0.24413697750252836,0.06939668807328916,0.3310904510976976,0.07041969618693232,0.20858371257781982,136.27904904434104
msillm,q3,79b1bb29124f590c2e99e6c71c18affe25115d594a821cadc58bf24bf94dae8d,25.039231352765224,0.941731333732605,0.0489736769348383,0.22234196811914445,0.06097830533981323,0.4128490366248684,0.11081158035207542,0.6421956419944763,203.77796719868977
msillm,q3,8426ed2245c791232862b0a0b2a62a1f17031e8e6e38921fe939df0b3a05ac41,37.49450542374011,0.9698421359062195,0.03661047318018973,0.2196375811472535,0.04544934257864952,0.021069672579571375,0.004633864543495581,0.21537509560585022,11.577900648117065
msillm,q3,86127fbdb368eb28c3039cf61aff1c4cfdc4ade24070c8f2389968d5ead681e1,25.941069799292382,0.9399802684783936,0.06890432533548503,0.2744650331432702,0.08610876197697687,0.467141519846083,0.1406282917771222,0.714304506778717,165.56684800445058
msillm,q3,937476dd72f98638f34299dda5e9c252621b5e809c364692fc2934e000583286,21.14326966155516,0.917731523513794,0.07392585836350918,0.19382043555378914,0.0701212187608083,0.40752120550193166,0.25017764725189345,0.42860284447669983,499.7506811353895
msillm,q3,a2a946cc516f9eec0f141da3c31a96df94fe342c651af46f0d38f6c04400323a,29.572752536604284,0.9658641815185547,0.04740293921135804,0.19739863342222044,0.05646007061004639,0.1629287022609729,0.029224221744330415,0.3159492611885071,71.74722481521906
msillm,q3,a365e6541bab5c0f4e01bf43a0c3a655d88292a8ac45403a889c308d11854555,23.796558662209925,0.9201970100402832,0.07872144542634488,0.2686568852733163,0.07220532280557296,0.40338695385028533,0.12977292630557355,0.7591054439544678,271.284196322572
msillm,q3,b0b3744cc6b5ad6426b1ac02909b4389ea7fc4140d72a888ccdfb21f573a6db4,23.474539192930187,0.9308249950408936,0.08046711801606066,0.24697915473405052,0.06234205926165861,0.3752494186260104,0.13673370870612245,0.874275267124176,292.16382494159774
msillm,q3,bb7344a2ba499b2d48b891abee1b903dc17d265437ac57028b5999b6cd5bcdc4,32.538964546691396,0.9827343225479126,0.033162643550895154,0.11790901282802224,0.06387677788734436,0.09150168989765461,0.02145299462925081,0.6048099994659424,36.23964262008667
msillm,q3,c9510efb03d1852c29ecad84cc0558768728681a3b9b04eae0dbbd9be142dd95,33.290579382883074,0.9779086112976074,0.031429296000586714,0.16796692771946684,0.04447742437615114,0.08558778201587847,0.015137243441177667,0.7072475552558899,30.48052356196385
msillm,q3,d0208a1e9b4fde642b9752da2907d82d5b530a6e2e6e18ef71d5524a92d1cf9a,23.594170349680592,0.8941525220870972,0.12324275889379137,0.32281363185714274,0.08237523524200215,0.39534821767710504,0.15257839851500113,0.6880098581314087,284.22568766276044
msillm,q3,da52c4f66dc00c2f381e8475fbf8a7aa2c5433a9c59cc175646c62e02892faf7,25.53931096292553,0.9622601866722107,0.07253765086917316,0.23792054469094556,0.08088400206145119,0.474315404333538,0.09847263687489809,0.7950254678726196,181.61397525562958
msillm,q3,e0d8e29cadfc99663c7d1a4a5afe20c454ec54d0d873776ec397c59405c74790,30.559965102900378,0.9548462629318237,0.061541071030146936,0.2667327739736613,0.07668363083811368,0.08741147277098395,0.029672580200297533,0.5863914489746094,57.158898447074144
msillm,q3,ebfd571f1c6824316047a29cb5f376eec15f56dd51821119c1842be068a8b950,29.00557228868965,0.9927687644958496,0.012558033093228005,0.02862229652237147,0.024264343082904816,0.0722776213312506,0.01942089689339782,0.6020058989524841,81.75665831565857
msillm,q3,eda6d42794b0d0140628fa90fc0c14a7ba88159b8474d0077027c32ee2ddf6f0,26.00246884179908,0.9287582635879517,0.06969838691692726,0.2547815921259861,0.05972569158264235,0.3354407826346848,0.09454030296121607,0.7028008103370667,163.24259001289317
msillm,q3,f67f11de4ca9ebda3db52c41fd3d26c3105687b2d37571e54631a1e4486d0b30,34.908441684119815,0.9554747939109802,0.030054854998346783,0.18562858566349627,0.04548451830359066,0.05242702201031182,0.02022192644964229,0.5671695470809937,21.0008170931947
msillm,q3,ff32adfa29d4b5de26293352f53cc983d12d3ededd71fe65ca0ef0d887be65c4,31.409509265249774,0.968752384185791,0.03710742538027904,0.15034556228886634,0.042000022179940165,0.12827363075073409,0.030037628420987547,0.8753519654273987,47.003417370366115
msillm,q4,02809272b4ca9b08af45771501b741296187c7e26907efb44abbbfcb6cd804f7,28.67793613618252,0.9776959419250488,0.03822054208858925,0.15773799493908883,0.045449960056473226,0.1627948311769735,0.03434907151155177,0.8760496377944946,88.1630786372166
msillm,q4,0369d229ba4c9965d5caeb38c359a027a810968eee930b81520b604e76b4df14,34.30882843081613,0.973346471786499,0.020000434288864628,0.17620841413736343,0.04020551372976864,0.06019906537590584,0.015866999423678252,0.7986736297607422,24.110017065908394
msillm,q4,07b9f93f170a0381836bdf301280a5b80b2c4be6e66f793a3c335dc200fb4e5b,28.919173115765844,0.9608415365219116,0.036632084638318595,0.18835193694514388,0.045026866828694063,0.14142749828366932,0.04811793864491921,0.8264230489730835,83.39942363664215
msillm,q4,0d154749c7771f58e89ad343653ec4e20d6f037da829f47f5598e5d0a4ab61f0,29.66005122578018,0.9481879472732544,0.06622266849393353,0.23351053398321656,0.04802040475256303,0.09252078531812913,0.027085856669849917,0.6984816789627075,70.31941324869791
msillm,q4,1b4ad095795ac552b38a21d51be7bfaee8e7d0a70619d84767814321df4ed062,31.08461720422785,0.9623514413833618,0.050215639468086395,0.19305145015057765,0.04411925297034414,0.07889178867075866,0.023943047329073257,0.7936924695968628,50.65457086395799
msillm,q4,1cba10ad9bb4ced57e42f7656c5f2a58d32dc6bad084957d2f8d1c78e0fcd224,36.50943578410916,0.9745118021965027,0.02753111823163565,0.20888739625371774,0.05091445683275612,0.0295952560071591,0.007515176357269161,0.43818172812461853,14.525690368849869
msillm,q4,2397c73f8feeb8f630fe055da5551c671794afae80528e8612dc62fc0cf61294,31.14577105425862,0.9809801578521729,0.02932734829647576,0.15032175928354263,0.03858768992564258,0.10922236714388427,0.023630140833484567,0.7513596415519714,49.946292413449754
msillm,q4,2684452db505ddbbb53f42a3f3bcfe86fdd0d6d8d98c029db4b4c6fc1f55b750,31.768786191249877,0.9688422083854675,0.037159482356818284,0.17495014183223248,0.038392757668214685,0.10414972682530842,0.02262519126752882,0.9000998139381409,43.27147922889859
msillm,q4,2a760bf1ccea6998be3890dcc2371b23f35fe3006562884b45bc534a621d5c12,40.90728561099642,0.9960699081420898,0.008060995702117938,0.052619420409459494,0.03000366225324828,0.01701006718333335,0.004676927835912233,0.8736485242843628,5.276571164185974
msillm,q4,4ebc0e6c463bcf8ada38673c268aae56d44864347fd74b81a9fb5659bf96a010,31.39940328232901,0.9628647565841675,0.04266438540619086,0.20817211563972865,0.035350421596975885,0.08574059103390856,0.033933835236226666,0.6425137519836426,47.112921142578124
msillm,q4,50d13125b665e0c4c1673264807bfc3cc7a217819329696843fea4c69aff8b91,35.611879975302465,0.9921973943710327,0.010083517770983557,0.09582850831656661,0.029113551448373232,0.01961019247758571,0.0068578197588325725,0.7955421209335327,17.860448620366114
msillm,q4,50fe4c3d47d864858e1aaa60fecef5c453b4e18d2b368718eeb5c1e249e0c902,27.735082615871246,0.9759635925292969,0.04368653422060572,0.16987338616156283,0.04041403973544085,0.23929249699177704,0.047763235057037744,0.8562757968902588,109.53983925399466
msillm,q4,581048154e3c4b579c79155742dcf643c18b9bb47782aca7f0768eff185bc32e,27.860570405326982,0.9549987316131592,0.0746773365516584,0.2495622110890818,0.05571348916043292,0.18851709613043388,0.05491907657458412,0.3257834017276764,106.42001611059838
msillm,q4,608cb09e6ffc66d4bc838d4088bf4c0ab889d7e83d4f5d78805cbc4497e432a1,28.6907510088254,0.9611212611198425,0.042901422444950134,0.1823719735531246,0.042479372784203176,0.19868396355497556,0.039462239492809185,0.3340631127357483,87.9033163232741
msillm,q4,79b1bb29124f590c2e99e6c71c18affe25115d594a821cadc58bf24bf94dae8d,26.71783465164722,0.9594979286193848,0.032568886037915946,0.1795438401401043,0.044850265979766844,0.25847703271504086,0.06643077305828998,0.6586405634880066,138.45125465393068
msillm,q4,8426ed2245c791232862b0a0b2a62a1f17031e8e6e38921fe939df0b3a05ac41,39.27412438237097,0.9802082777023315,0.02646899234969169,0.18489939160645008,0.02894981950521469,0.012438264259564846,0.002681727577729373,0.2808680832386017,7.685425599416097
msillm,q4,86127fbdb368eb28c3039cf61aff1c4cfdc4ade24070c8f2389968d5ead681e1,27.88858024568382,0.9647535085678101,0.04133949303602586,0.21853841517548092,0.05442252584168168,0.2813716885816426,0.0794131505834768,0.8160485625267029,105.73586836017546
msillm,q4,937476dd72f98638f34299dda5e9c252621b5e809c364692fc2934e000583286,22.97179123369943,0.9548031687736511,0.03941214053581158,0.1634684093296528,0.027788857618967693,0.2179209836655597,0.12277718112974075,0.4660554826259613,328.0206897523668
msillm,q4,a2a946cc516f9eec0f141da3c31a96df94fe342c651af46f0d38f6c04400323a,31.89622924739642,0.9815858602523804,0.026169187950846905,0.14466722524341416,0.036374429744832654,0.09074343581776097,0.016300070967291413,0.4322468340396881,42.02013430127911
msillm,q4,a365e6541bab5c0f4e01bf43a0c3a655d88292a8ac45403a889c308d11854555,25.66607420927252,0.9548954963684082,0.0503275168073528,0.20438369004165424,0.044851537487086125,0.25017627714012847,0.07960223181618693,0.7710358500480652,176.3895856071921
msillm,q4,b0b3744cc6b5ad6426b1ac02909b4389ea7fc4140d72a888ccdfb21f573a6db4,25.071805571097038,0.9548720121383667,0.05754196455373484,0.20243397495325874,0.04536319199730368,0.26702906358458517,0.09747031397069819,0.920749306678772,202.25525010052849
msillm,q4,bb7344a2ba499b2d48b891abee1b903dc17d265437ac57028b5999b6cd5bcdc4,35.24600355706459,0.9915899038314819,0.017382001475198194,0.07692672894336283,0.042183175683021545,0.05278470390175016,0.014009129146183076,0.5556970834732056,19.43032232920329
msillm,q4,c9510efb03d1852c29ecad84cc0558768728681a3b9b04eae0dbbd9be142dd95,35.82483317760855,0.9868736267089844,0.017561371717602015,0.12705005753566237,0.024505593320902658,0.043838521474859664,0.007840049987891676,0.7384602427482605,17.00579905790441
msillm,q4,d0208a1e9b4fde642b9752da2907d82d5b530a6e2e6e18ef71d5524a92d1cf9a,25.3825601586087,0.9388150572776794,0.08345844033448135,0.2486232183435384,0.052858387547380786,0.27538949669949087,0.10631483186712681,0.7850484848022461,188.28873817593444
msillm,q4,da52c4f66dc00c2f381e8475fbf8a7aa2c5433a9c59cc175646c62e02892faf7,27.980735645350126,0.9797362685203552,0.040810283580247096,0.17133254890932756,0.04804867225534776,0.2740518934503598,0.055157216989952386,0.7431878447532654,103.51583658854166
msillm,q4,e0d8e29cadfc99663c7d1a4a5afe20c454ec54d0d873776ec397c59405c74790,32.557449536347306,0.9756180644035339,0.040406531632384834,0.22420961808632403,0.05029944830081042,0.052935854229818516,0.016495881255170694,0.650043249130249,36.085722680185356
msillm,q4,ebfd571f1c6824316047a29cb5f376eec15f56dd51821119c1842be068a8b950,31.2591350862778,0.9958693981170654,0.007507384485506918,0.020810602058190852,0.015429574996232986,0.043612864010415406,0.012600709817898372,0.7061858177185059,48.65941150983175
msillm,q4,eda6d42794b0d0140628fa90fc0c14a7ba88159b8474d0077027c32ee2ddf6f0,27.71990672571245,0.9542171359062195,0.047395640363295875,0.2129132452548719,0.03840577485514622,0.23718016613883283,0.07465536237823603,0.7464721202850342,109.92328239889706
msillm,q4,f67f11de4ca9ebda3db52c41fd3d26c3105687b2d37571e54631a1e4486d0b30,36.15634869929424,0.9699727892875671,0.02040914903216831,0.161104837213369,0.03413416766652874,0.0345167201679776,0.012722731151613851,0.6049522161483765,15.755982542349622
msillm,q4,ff32adfa29d4b5de26293352f53cc983d12d3ededd71fe65ca0ef0d887be65c4,33.77480228131266,0.9833254218101501,0.020005831905805013,0.10333057499545462,0.024600332624772014,0.07133279133350624,0.016971425789531244,0.8674431443214417,27.264662918390012
msillm,q5,02809272b4ca9b08af45771501b741296187c7e26907efb44abbbfcb6cd804f7,30.320313631899744,0.9856019020080566,0.024854059626950937,0.12577017935759882,0.03213972291525673,0.10901293710469818,0.0232524608066666,0.8594944477081299,60.40167715035233
msillm,q5,0369d229ba4c9965d5caeb38c359a027a810968eee930b81520b604e76b4df14,35.328085390188754,0.9790231585502625,0.015972874527249267,0.15744055408765287,0.030284702251939213,0.04639687046463738,0.012054519201434587,0.731724202632904,19.06653705671722
msillm,q5,07b9f93f170a0381836bdf301280a5b80b2c4be6e66f793a3c335dc200fb4e5b,30.090533713802227,0.9697508811950684,0.026375954466707565,0.16494062832173179,0.03253877373302684,0.08851848645746727,0.024478406011164165,0.8465570211410522,63.683509617225795
msillm,q5,0d154749c7771f58e89ad343653ec4e20d6f037da829f47f5598e5d0a4ab61f0,30.571393916910665,0.9616824984550476,0.0526377197355032,0.206412264134954,0.037519871662644776,0.07101277522365308,0.01882766802256248,0.757178783416748,57.0086778827742
msillm,q5,1b4ad095795ac552b38a21d51be7bfaee8e7d0a70619d84767814321df4ed062,32.306901354681045,0.9739751815795898,0.03793865736377867,0.16749033743613645,0.03477539827949122,0.05239547139365186,0.012691393288382724,0.7492287755012512,38.22876123796429
msillm,q5,1cba10ad9bb4ced57e42f7656c5f2a58d32dc6bad084957d2f8d1c78e0fcd224,37.40716771658835,0.978705108165741,0.024318926540447525,0.20272387915010592,0.04464305286268586,0.0229830594703529,0.005820861990664884,0.36051586270332336,11.81309208052058
msillm,q5,2397c73f8feeb8f630fe055da5551c671794afae80528e8612dc62fc0cf61294,32.547610130948605,0.9862961769104004,0.02109352700850543,0.12992397406521966,0.027277611984926113,0.07048913707446774,0.013517134718728965,0.7652574181556702,36.16757142310049
msillm,q5,2684452db505ddbbb53f42a3f3bcfe86fdd0d6d8d98c029db4b4c6fc1f55b750,33.07744054921884,0.9775267839431763,0.027124848709825206,0.1483466229018043,0.03156762473723468,0.07475316993994002,0.016246992912381023,0.8930556774139404,32.01373207241881
msillm,q5,2a760bf1ccea6998be3890dcc2371b23f35fe3006562884b45bc534a621d5c12,42.181991572876676,0.9965718984603882,0.006333087562936647,0.05832394774489362,0.025447042337779342,0.013007351769981166,0.0035196105558452334,0.8718690872192383,3.934424389367816
msillm,q5,4ebc0e6c463bcf8ada38673c268aae56d44864347fd74b81a9fb5659bf96a010,32.27012267781143,0.9701613187789917,0.034893788506879526,0.1934672573033501,0.03027087134473464,0.0719461148450511,0.02895461466267088,0.6117150187492371,38.553880160462626
msillm,q5,50d13125b665e0c4c1673264807bfc3cc7a217819329696843fea4c69aff8b91,36.9158644778172,0.9945849180221558,0.007323221804814667,0.08526652637417154,0.026373009471332327,0.013232327054695155,0.004115186375918751,0.8060495257377625,13.227991680070465
msillm,q5,50fe4c3d47d864858e1aaa60fecef5c453b4e18d2b368718eeb5c1e249e0c902,29.398796867311432,0.9845768809318542,0.028309466167824503,0.13083392579430414,0.026517362506301316,0.15517777070052619,0.02668980197006811,0.8922597765922546,74.67937491460101
msillm,q5,581048154e3c4b579c79155742dcf643c18b9bb47782aca7f0768eff185bc32e,29.226634444897407,0.9699344635009766,0.05309805524750398,0.20717038148707087,0.04099075610821064,0.1265238460009891,0.030855275369809528,0.36606019735336304,77.69926603547819
msillm,q5,608cb09e6ffc66d4bc838d4088bf4c0ab889d7e83d4f5d78805cbc4497e432a1,30.06204189006066,0.9723620414733887,0.029214414968794466,0.15213064184668018,0.03131710285065221,0.1355540547364461,0.026539571878646993,0.3047597408294678,64.10267778783063
msillm,q5,79b1bb29124f590c2e99e6c71c18affe25115d594a821cadc58bf24bf94dae8d,27.96298036124524,0.9690853357315063,0.023034922778606415,0.15570163689553737,0.034124502539634706,0.18807320606558733,0.0474895927176862,0.6259375214576721,103.93990720113119
msillm,q5,8426ed2245c791232862b0a0b2a62a1f17031e8e6e38921fe939df0b3a05ac41,40.06529533549341,0.9828386306762695,0.02433952083811164,0.17656225059181452,0.02530374750494957,0.010411800482252431,0.0023923339697756465,0.18958087265491486,6.405467430750529
msillm,q5,86127fbdb368eb28c3039cf61aff1c4cfdc4ade24070c8f2389968d5ead681e1,29.316683726046566,0.9759416580200195,0.027707827216411223,0.18151054006130968,0.037673828298928305,0.18468396293559874,0.04767961955170363,0.8328602313995361,76.1047893586706
msillm,q5,937476dd72f98638f34299dda5e9c252621b5e809c364692fc2934e000583286,23.865325770688692,0.9723103046417236,0.028381172257165115,0.15594576795895895,0.015993356704711914,0.28664827475950005,0.1834121549809716,0.42907726764678955,267.0224545796712
msillm,q5,a2a946cc516f9eec0f141da3c31a96df94fe342c651af46f0d38f6c04400323a,33.478627375728855,0.986577033996582,0.018118165571735623,0.12602515091352604,0.02627634528805228,0.05905429845676538,0.00994548133685493,0.4147877097129822,29.188892918007046
msillm,q5,a365e6541bab5c0f4e01bf43a0c3a655d88292a8ac45403a889c308d11854555,27.108524090016388,0.9700527191162109,0.033762344761806375,0.16234879958278992,0.0338494665482465,0.16539807349703659,0.047944393617125644,0.7416970133781433,126.54003547219669
msillm,q5,b0b3744cc6b5ad6426b1ac02909b4389ea7fc4140d72a888ccdfb21f573a6db4,26.225405742878813,0.9653581976890564,0.03970477086875369,0.1749281072003,0.034609708014656515,0.1644923091667485,0.048387932886275985,0.9262093901634216,155.0742846919041
msillm,q5,bb7344a2ba499b2d48b891abee1b903dc17d265437ac57028b5999b6cd5bcdc4,36.87547730102361,0.9942717552185059,0.011501224616949912,0.0629559651715681,0.029392406344413757,0.03661405489236813,0.009946318302952957,0.618746280670166,13.351579030354818
msillm,q5,c9510efb03d1852c29ecad84cc0558768728681a3b9b04eae0dbbd9be142dd95,37.27586221740414,0.9896283149719238,0.01279556063716026,0.11326236433404334,0.02032444442019743,0.029138897560292774,0.005375536938776022,0.7227895855903625,12.17570561427696
msillm,q5,d0208a1e9b4fde642b9752da2907d82d5b530a6e2e6e18ef71d5524a92d1cf9a,26.71637806605996,0.9594737887382507,0.05720991127412109,0.20169125975054852,0.03434469191467061,0.17264176090691977,0.05334418245244521,0.7918359041213989,138.4976977778416
msillm,q5,da52c4f66dc00c2f381e8475fbf8a7aa2c5433a9c59cc175646c62e02892faf7,29.721629714335315,0.9871786832809448,0.025020077013794113,0.12650949225267943,0.03213281035423279,0.171967561987811,0.032398260851270955,0.7481688857078552,69.32939165900736
msillm,q5,e0d8e29cadfc99663c7d1a4a5afe20c454ec54d0d873776ec397c59405c74790,34.007949993680626,0.9826958179473877,0.03136515126508825,0.19891463044811697,0.04049643435898949,0.03443933927504257,0.009342069311303696,0.5528514385223389,25.83957471660539
msillm,q5,ebfd571f1c6824316047a29cb5f376eec15f56dd51821119c1842be068a8b950,32.92007107536428,0.996861457824707,0.00615985639160499,0.02121788199292496,0.015968527644872665,0.031046664301824872,0.009674034282059861,0.6912568211555481,33.19504435857137
msillm,q5,eda6d42794b0d0140628fa90fc0c14a7ba88159b8474d0077027c32ee2ddf6f0,28.787461720014697,0.965628981590271,0.03470632162712076,0.18141558715233616,0.03000857461901272,0.16265249806763357,0.04453769441005745,0.708232045173645,85.96747853397544
msillm,q5,f67f11de4ca9ebda3db52c41fd3d26c3105687b2d37571e54631a1e4486d0b30,36.81355515001229,0.9748286604881287,0.01725056699668879,0.14757130784439107,0.026871300503319383,0.024762528715660224,0.0075388269517775814,0.5721275806427002,13.543310826120813
msillm,q5,ff32adfa29d4b5de26293352f53cc983d12d3ededd71fe65ca0ef0d887be65c4,35.202433012050136,0.9879152178764343,0.013866063043036881,0.08394869458587731,0.01846107700291802,0.047612147098643684,0.010629100959515957,0.8664190173149109,19.626237936580882
mbt,q1,02809272b4ca9b08af45771501b741296187c7e26907efb44abbbfcb6cd804f7,26.411614255093777,0.9519578814506531,0.2218562588095665,0.31989118027336455,0.1457816909341251,0.7526579181772564,0.3329880592872564,0.6322648525238037,148.56583060470282
mbt,q1,0369d229ba4c9965d5caeb38c359a027a810968eee930b81520b604e76b4df14,32.210293705196825,0.9455274343490601,0.22389988741453956,0.4017407844171805,0.20294281980570625,0.6076726459370193,0.3412551869071318,0.3110494911670685,39.08867869657629
mbt,q1,07b9f93f170a0381836bdf301280a5b80b2c4be6e66f793a3c335dc200fb4e5b,27.31376551188734,0.9366463422775269,0.36700531656251234,0.43687048791085975,0.20703129522940691,0.7452976705986657,0.3936097764800989,0.586884081363678,120.69903827742034
mbt,q1,0d154749c7771f58e89ad343653ec4e20d6f037da829f47f5598e5d0a4ab61f0,28.374317619770167,0.887053370475769,0.5564244990839677,0.5599237938137616,0.30847618141595057,0.9609977123558939,0.5921199923049942,0.4639209806919098,94.5471841251149
mbt,q1,1b4ad095795ac552b38a21d51be7bfaee8e7d0a70619d84767814321df4ed062,29.20611063279051,0.9077441096305847,0.432250177389697,0.49846794260175603,0.26434682309627533,0.6240381405011464,0.35294075309618905,0.3061104118824005,78.06732485587136
mbt,q1,1cba10ad9bb4ced57e42f7656c5f2a58d32dc6bad084957d2f8d1c78e0fcd224,34.81677389269112,0.9554089903831482,0.2682949309915449,0.43245933479765086,0.25210224439218204,0.3472851938856362,0.2006896003312374,0.1602218747138977,21.44879861479824
mbt,q1,2397c73f8feeb8f630fe055da5551c671794afae80528e8612dc62fc0cf61294,28.964120902192334,0.9616324305534363,0.23382259217255255,0.30234419716631666,0.1667338695596246,0.5713413813363216,0.25485347109910655,0.5171225070953369,82.54072337431066
mbt,q1,2684452db505ddbbb53f42a3f3bcfe86fdd0d6d8d98c029db4b4c6fc1f55b750,29.306360584152728,0.9311058521270752,0.31330189297304434,0.41276656450594174,0.21520435757496778,0.8294655655043404,0.4076921428910448,0.6353054642677307,76.28590494791666
mbt,q1,2a760bf1ccea6998be3890dcc2371b23f35fe3006562884b45bc534a621d5c12,35.67310336531452,0.9835827350616455,0.18089713959087586,0.19830821749979052,0.12437516810565159,0.1415750364599399,0.07111411682042795,0.7516780495643616,17.610432591931573
mbt,q1,4ebc0e6c463bcf8ada38673c268aae56d44864347fd74b81a9fb5659bf96a010,30.29824288237904,0.9316295981407166,0.45164937438333735,0.5270316318554037,0.23114033481653998,0.7849419680407878,0.4716200535695478,0.39834266901016235,60.709418442670035
mbt,q1,50d13125b665e0c4c1673264807bfc3cc7a217819329696843fea4c69aff8b91,33.16838612961276,0.9638320207595825,0.08173826235510848,0.25224551304298287,0.15097916932667002,0.12940053283531955,0.06452656657526254,0.6417412757873535,31.350303380629594
mbt,q1,50fe4c3d47d864858e1aaa60fecef5c453b4e18d2b368718eeb5c1e249e0c902,26.070670611108334,0.954444169998169,0.29198715854206203,0.3476969242831807,0.1580970909124539,1.0259595637042276,0.4467905309381275,0.37796613574028015,160.699046444991
mbt,q1,581048154e3c4b579c79155742dcf643c18b9bb47782aca7f0768eff185bc32e,26.36844124983398,0.9129852056503296,0.4819432471643437,0.5114907832754837,0.2331877432681702,1.0160382074323475,0.5363628818366102,0.16494858264923096,150.05008158142314
mbt,q1,608cb09e6ffc66d4bc838d4088bf4c0ab889d7e83d4f5d78805cbc4497e432a1,26.474007670425944,0.9212870597839355,0.34564144617202236,0.41301193190555946,0.19003595587085276,1.1211244203101052,0.5498776011684151,0.2581082582473755,146.44670134899664
mbt,q1,79b1bb29124f590c2e99e6c71c18affe25115d594a821cadc58bf24bf94dae8d,24.868167840061588,0.9408347010612488,0.22314678579568864,0.3487421363592148,0.1608668565750122,1.1679134657254509,0.545504981713389,0.46263188123703003,211.96471761067707
mbt,q1,8426ed2245c791232862b0a0b2a62a1f17031e8e6e38921fe939df0b3a05ac41,36.82219038586431,0.9635117053985596,0.31169816199690104,0.431646641343832,0.2426733858883381,0.24654015065667068,0.14781426433642314,0.184370219707489,13.516408920288086
mbt,q1,86127fbdb368eb28c3039cf61aff1c4cfdc4ade24070c8f2389968d5ead681e1,25.906382908049604,0.9388309717178345,0.26430839501687736,0.39335514336335853,0.18668601527565815,1.129537346192577,0.5397394665205361,0.5881717801094055,166.89451740869407
mbt,q1,937476dd72f98638f34299dda5e9c252621b5e809c364692fc2934e000583286,20.648678080512358,0.9200948476791382,0.1719165692726771,0.30265115201473236,0.07984391848246257,0.7316568550983599,0.46218441198423826,0.42425474524497986,560.0316256417168
mbt,q1,a2a946cc516f9eec0f141da3c31a96df94fe342c651af46f0d38f6c04400323a,29.243893675188097,0.9518638849258423,0.22349231094121932,0.3209093824028969,0.17333149804788478,0.5335903559002522,0.2347123732890332,0.2355039268732071,77.39109532973346
mbt,q1,a365e6541bab5c0f4e01bf43a0c3a655d88292a8ac45403a889c308d11854555,24.15670814004347,0.9160006046295166,0.3695054901873364,0.42537213853176903,0.1814541865797604,1.138433254247759,0.5574056405085297,0.5550591349601746,249.69482804840686
mbt,q1,b0b3744cc6b5ad6426b1ac02909b4389ea7fc4140d72a888ccdfb21f573a6db4,23.53219083204259,0.9205567836761475,0.30059871594695486,0.4074209171182969,0.17422088069074293,0.853616722734574,0.4212485221303917,0.8109914064407349,288.31104329427086
mbt,q1,bb7344a2ba499b2d48b891abee1b903dc17d265437ac57028b5999b6cd5bcdc4,31.532255924133132,0.9732462167739868,0.1270185491302982,0.2215412352234125,0.1439467892050743,0.3403164488383936,0.1884093132852277,0.40583547949790955,45.693536122639976
mbt,q1,c9510efb03d1852c29ecad84cc0558768728681a3b9b04eae0dbbd9be142dd95,31.888591158049998,0.9648343324661255,0.15789032205939293,0.30812240462092794,0.14770969783558566,0.2874698194408818,0.1085478433819424,0.44302427768707275,42.094101610370714
mbt,q1,d0208a1e9b4fde642b9752da2907d82d5b530a6e2e6e18ef71d5524a92d1cf9a,24.002099638328577,0.8987614512443542,0.4721495556480744,0.47164719025878343,0.20453367846853593,0.8677463311807728,0.45050044965277575,0.5751462578773499,258.74406510895375
mbt,q1,da52c4f66dc00c2f381e8475fbf8a7aa2c5433a9c59cc175646c62e02892faf7,25.850032798643994,0.9640833139419556,0.18801083038834965,0.30571876273435705,0.1463349568493226,0.9932080073685617,0.4201226136683278,0.48294728994369507,169.0740987141927
mbt,q1,e0d8e29cadfc99663c7d1a4a5afe20c454ec54d0d873776ec397c59405c74790,31.13046040890749,0.9495195746421814,0.3498462251004051,0.42126898835687077,0.24369150873492745,0.3709632395506065,0.19642925798355138,0.3032628893852234,50.12268413468903
mbt,q1,ebfd571f1c6824316047a29cb5f376eec15f56dd51821119c1842be068a8b950,27.076031275801363,0.9880850315093994,0.06230467156274244,0.1848751176148653,0.0911371260881424,0.4610483302666266,0.26496454925203183,0.3840884566307068,127.49032648404439
mbt,q1,eda6d42794b0d0140628fa90fc0c14a7ba88159b8474d0077027c32ee2ddf6f0,26.113078285212282,0.9273600578308105,0.3964093355279343,0.44451090415903166,0.16387195534565868,1.1565895908056785,0.6104486293016949,0.5663344860076904,159.13750043881484
mbt,q1,f67f11de4ca9ebda3db52c41fd3d26c3105687b2d37571e54631a1e4486d0b30,34.299935891742805,0.9530029296875,0.2418699651299154,0.37807751505398285,0.18822850111652822,0.3973979963273932,0.26742557750152085,0.2430206686258316,24.15943489822687
mbt,q1,ff32adfa29d4b5de26293352f53cc983d12d3ededd71fe65ca0ef0d887be65c4,29.635083556851786,0.9510306119918823,0.18490794204613742,0.29604546515380636,0.13646250419756945,0.5137769433478712,0.23260799481903163,0.654593288898468,70.72484513825061
mbt,q2,02809272b4ca9b08af45771501b741296187c7e26907efb44abbbfcb6cd804f7,28.33294290279842,0.9688825011253357,0.16445472569150082,0.2580063067814883,0.11744202796150656,0.49958181813264996,0.20852767028329072,0.6891241669654846,95.45222814223345
mbt,q2,0369d229ba4c9965d5caeb38c359a027a810968eee930b81520b604e76b4df14,33.40430198481763,0.9577106833457947,0.19040513507583562,0.3573992118239403,0.17926648662370795,0.49375653691735993,0.2644053247167489,0.37036705017089844,29.692732268688726
mbt,q2,07b9f93f170a0381836bdf301280a5b80b2c4be6e66f793a3c335dc200fb4e5b,28.854543095975252,0.9542168974876404,0.2901740265243194,0.35966266945881004,0.16947600175352656,0.5262358697413861,0.27154850654188867,0.670467734336853,84.649822399663
mbt,q2,0d154749c7771f58e89ad343653ec4e20d6f037da829f47f5598e5d0a4ab61f0,29.41184331816882,0.9194757342338562,0.49988163218778725,0.517136582469239,0.27966107077458324,0.8129212063651721,0.5000850997646661,0.5449735522270203,74.45537049536611
mbt,q2,1b4ad095795ac552b38a21d51be7bfaee8e7d0a70619d84767814321df4ed062,30.53332402377178,0.9357535243034363,0.3615832799359372,0.4741317723926745,0.22335485329753474,0.4743302425220487,0.2586008833213434,0.34948092699050903,57.51060793692606
mbt,q2,1cba10ad9bb4ced57e42f7656c5f2a58d32dc6bad084957d2f8d1c78e0fcd224,35.728059170933264,0.9627455472946167,0.25220939173426443,0.4139670365065047,0.2338247929961936,0.3019292856160394,0.17046308265264404,0.1600087434053421,17.388993445337782
mbt,q2,2397c73f8feeb8f630fe055da5551c671794afae80528e8612dc62fc0cf61294,30.82638382068002,0.9729117155075073,0.18634762691662593,0.30903292149305345,0.13526131388019114,0.40110882103650264,0.17123407092547374,0.5479092001914978,53.757860849417895
mbt,q2,2684452db505ddbbb53f42a3f3bcfe86fdd0d6d8d98c029db4b4c6fc1f55b750,30.867278705907516,0.9474730491638184,0.26360418901723975,0.3684890939908869,0.19191122580977046,0.6515775485275459,0.3110616897430873,0.7046968340873718,53.2540314319087
mbt,q2,2a760bf1ccea6998be3890dcc2371b23f35fe3006562884b45bc534a621d5c12,38.54360552632791,0.9890275001525879,0.16497500825287967,0.2695266409166928,0.11582212561163409,0.12885368274554848,0.06461772166219797,0.7814005017280579,9.09326417418732
mbt,q2,4ebc0e6c463bcf8ada38673c268aae56d44864347fd74b81a9fb5659bf96a010,31.352324629409832,0.9488756060600281,0.4072811863001655,0.45562021530726377,0.19867284525843226,0.6990851400926418,0.4231831702336053,0.4250320494174957,47.626415656594666
mbt,q2,50d13125b665e0c4c1673264807bfc3cc7a217819329696843fea4c69aff8b91,35.050753613912136,0.9739236831665039,0.05983333248809418,0.22674839597414523,0.12126822121003095,0.0877948304521751,0.039464106097550224,0.7233819961547852,20.32380406996783
mbt,q2,50fe4c3d47d864858e1aaa60fecef5c453b4e18d2b368718eeb5c1e249e0c902,27.81250424897309,0.9701268076896667,0.2316439232248583,0.29173444984135805,0.12528674985155647,0.7424197490477296,0.3112245570504705,0.5080912113189697,107.60437664769805
mbt,q2,581048154e3c4b579c79155742dcf643c18b9bb47782aca7f0768eff185bc32e,27.84924700563345,0.9405684471130371,0.3928585587130798,0.4546016072342684,0.1930801740714482,0.7708428308477189,0.3955886326865105,0.2320442497730255,106.69784803006239
mbt,q2,608cb09e6ffc66d4bc838d4088bf4c0ab889d7e83d4f5d78805cbc4497e432a1,28.2889539402149,0.9472751021385193,0.2846919811677699,0.3554866460024142,0.1595354404519586,0.8477300352572225,0.40879585921772316,0.29503312706947327,96.42396076676113
mbt,q2,79b1bb29124f590c2e99e6c71c18affe25115d594a821cadc58bf24bf94dae8d,26.738719664476914,0.9573696851730347,0.16102860048413276,0.2977172411978245,0.13395184576511382,0.7809033556175337,0.3428897624029314,0.5572625398635864,137.78704757690429
mbt,q2,8426ed2245c791232862b0a0b2a62a1f17031e8e6e38921fe939df0b3a05ac41,37.68236616722785,0.9688977599143982,0.28889243584126234,0.3820026908069849,0.21874024346470833,0.21524295623613554,0.1278667709879466,0.1890440136194229,11.08775814374288
mbt,q2,86127fbdb368eb28c3039cf61aff1c4cfdc4ade24070c8f2389968d5ead681e1,27.68023013223175,0.9596595764160156,0.19905369679947368,0.3336142591032826,0.15541453219828058,0.8004642031320727,0.36970473627886447,0.6764335632324219,110.93212890625
mbt,q2,937476dd72f98638f34299dda5e9c252621b5e809c364692fc2934e000583286,23.16691845141741,0.9583539962768555,0.07021928485482931,0.19802583133180937,0.03286335368951162,0.3329057339863842,0.20142606467394844,0.46882364153862,313.60899861653644
mbt,q2,a2a946cc516f9eec0f141da3c31a96df94fe342c651af46f0d38f6c04400323a,31.086874967294484,0.966725766658783,0.17382265938555494,0.2854857326430433,0.14094437483478994,0.3738292463912484,0.15834974519738734,0.2533975839614868,50.6282439587163
mbt,q2,a365e6541bab5c0f4e01bf43a0c3a655d88292a8ac45403a889c308d11854555,26.05144785266827,0.9453641176223755,0.2702180086251567,0.3544360362431582,0.14268709754242617,0.7849194481229086,0.363054566520416,0.643496036529541,161.41190963445925
mbt,q2,b0b3744cc6b5ad6426b1ac02909b4389ea7fc4140d72a888ccdfb21f573a6db4,25.301187239460795,0.9463233351707458,0.21895696625990027,0.3194673866033554,0.14520010246950038,0.5533466278289887,0.25494154040266803,0.895076334476471,191.84992639878217
mbt,q2,bb7344a2ba499b2d48b891abee1b903dc17d265437ac57028b5999b6cd5bcdc4,33.92448001630183,0.9821577072143555,0.09356236190069467,0.2566168084740639,0.1145121306180954,0.23859480786563836,0.13034130956924417,0.44360631704330444,26.34100612004598
mbt,q2,c9510efb03d1852c29ecad84cc0558768728681a3b9b04eae0dbbd9be142dd95,33.6966221793308,0.9754340052604675,0.12649624991942854,0.26197951330858116,0.12543986527358783,0.21513712008605473,0.08071359932363811,0.48473188281059265,27.75991569967831
mbt,q2,d0208a1e9b4fde642b9752da2907d82d5b530a6e2e6e18ef71d5524a92d1cf9a,25.67953608472476,0.9369611740112305,0.31702867869068596,0.38116467568804235,0.1388339267057531,0.5456233477690094,0.2582770666030964,0.744436502456665,175.84367532169117
mbt,q2,da52c4f66dc00c2f381e8475fbf8a7aa2c5433a9c59cc175646c62e02892faf7,27.694819516501283,0.9771105051040649,0.13103053679361062,0.2482144272502731,0.1142627577571308,0.6730808770293579,0.2731585436955278,0.5816230773925781,110.5600965312883
mbt,q2,e0d8e29cadfc99663c7d1a4a5afe20c454ec54d0d873776ec397c59405c74790,32.59437232988583,0.9627755880355835,0.30104140078320224,0.4086406500023954,0.21534257794127745,0.28044425590607835,0.13890111944133476,0.31832951307296753,35.780229994829966
mbt,q2,ebfd571f1c6824316047a29cb5f376eec15f56dd51821119c1842be068a8b950,29.952097295046908,0.9926654696464539,0.02433636802015826,0.17052640859037638,0.060198698192834854,0.17239728905343243,0.08916475903766431,0.5737065076828003,65.74619619051616
mbt,q2,eda6d42794b0d0140628fa90fc0c14a7ba88159b8474d0077027c32ee2ddf6f0,27.73269291712468,0.9447700381278992,0.3448021442574613,0.39672301402863336,0.1388789789349425,0.8793522062873771,0.4621893987674395,0.6493486762046814,109.60012996897979
mbt,q2,f67f11de4ca9ebda3db52c41fd3d26c3105687b2d37571e54631a1e4486d0b30,35.4529749760715,0.9566285610198975,0.23242721180705464,0.3353048121812297,0.16852782666683197,0.3669611879429708,0.24588318534648337,0.2914873957633972,18.52605134053947
mbt,q2,ff32adfa29d4b5de26293352f53cc983d12d3ededd71fe65ca0ef0d887be65c4,31.697380329791102,0.9665650725364685,0.14783234449432175,0.24967536343371166,0.11373531625551336,0.37547126111030127,0.16422100374988524,0.6700942516326904,43.98882159064798
mbt,q3,02809272b4ca9b08af45771501b741296187c7e26907efb44abbbfcb6cd804f7,30.281015523657704,0.9800405502319336,0.11286272890865803,0.20707730085534207,0.09149583718355964,0.31242784876998325,0.1222570719052299,0.7548418045043945,60.95071554744945
mbt,q3,0369d229ba4c9965d5caeb38c359a027a810968eee930b81520b604e76b4df14,34.592562258189766,0.9673787951469421,0.1677109268877436,0.3648756720563945,0.16088778446702395,0.3926119531160586,0.2012020227314457,0.4733215272426605,22.58521010454963
mbt,q3,07b9f93f170a0381836bdf301280a5b80b2c4be6e66f793a3c335dc200fb4e5b,30.566343286965314,0.9672379493713379,0.2388429907753187,0.34147578653167276,0.1462903883527307,0.36755487157704064,0.18913682859556594,0.723208487033844,57.075014720243566
mbt,q3,0d154749c7771f58e89ad343653ec4e20d6f037da829f47f5598e5d0a4ab61f0,30.46123987635349,0.9414348006248474,0.4503856245209189,0.4863474329604822,0.2422177148215911,0.6735929800545711,0.413223331202469,0.6437095403671265,58.473134239047184
mbt,q3,1b4ad095795ac552b38a21d51be7bfaee8e7d0a70619d84767814321df4ed062,32.063297769864306,0.9561953544616699,0.2790197988874034,0.3933834511982767,0.17948173143361745,0.3368524408630803,0.1765463704014177,0.4593335688114166,40.43436097262199
mbt,q3,1cba10ad9bb4ced57e42f7656c5f2a58d32dc6bad084957d2f8d1c78e0fcd224,36.80065116861861,0.968674898147583,0.24131443899450372,0.3875302935688241,0.2103201638437012,0.25960058470483,0.14522764373410282,0.2105661779642105,13.583611250695288
mbt,q3,2397c73f8feeb8f630fe055da5551c671794afae80528e8612dc62fc0cf61294,32.594447445351086,0.9807999134063721,0.14619562010116438,0.23433302452459054,0.10741175044985378,0.2693948475935982,0.11207775328375288,0.592274010181427,35.7796111462163
mbt,q3,2684452db505ddbbb53f42a3f3bcfe86fdd0d6d8d98c029db4b4c6fc1f55b750,32.41264191032929,0.9613622426986694,0.2121881793527042,0.32631883971831377,0.1609945165760377,0.479982405495457,0.22049308764468475,0.7705961465835571,37.30922001857384
mbt,q3,2a760bf1ccea6998be3890dcc2371b23f35fe3006562884b45bc534a621d5c12,40.244559211162006,0.991529107093811,0.14506789566627865,0.1528022327813609,0.08729401436345331,0.10304046730488121,0.049964646159989495,0.7766037583351135,6.146451226596175
mbt,q3,4ebc0e6c463bcf8ada38673c268aae56d44864347fd74b81a9fb5659bf96a010,32.293683261008034,0.959856390953064,0.38875587354688085,0.47371104158022825,0.18049642180695252,0.6394245357175966,0.39168997311440845,0.5322570204734802,38.34529071882659
mbt,q3,50d13125b665e0c4c1673264807bfc3cc7a217819329696843fea4c69aff8b91,36.96758359381016,0.9852637052536011,0.03826530163778978,0.15647422840051792,0.10204262821113362,0.05694459502194805,0.023501246928632164,0.7994261980056763,13.071396891276041
mbt,q3,50fe4c3d47d864858e1aaa60fecef5c453b4e18d2b368718eeb5c1e249e0c902,29.529024247292867,0.9804967641830444,0.16740097225080303,0.23395206337725674,0.0909953913938852,0.4919745489410891,0.1973905995513922,0.6302021145820618,72.47328317901234
mbt,q3,581048154e3c4b579c79155742dcf643c18b9bb47782aca7f0768eff185bc32e,29.399107624365158,0.9591142535209656,0.30112008349253583,0.39410501079899923,0.15650260743204053,0.5551455270946423,0.27442578201218476,0.3172207176685333,74.67403146373483
mbt,q3,608cb09e6ffc66d4bc838d4088bf4c0ab889d7e83d4f5d78805cbc4497e432a1,29.918180236064636,0.9633268117904663,0.23616535158133975,0.3177999670014662,0.13528328111358717,0.6361683300311134,0.30400395866572216,0.3277452290058136,66.2616638981439
mbt,q3,79b1bb29124f590c2e99e6c71c18affe25115d594a821cadc58bf24bf94dae8d,28.74315619811766,0.968167781829834,0.1258526060730219,0.2700501218438148,0.1122811645269394,0.5128384684916909,0.22063081456536765,0.6788064241409302,86.84898376464844
mbt,q3,8426ed2245c791232862b0a0b2a62a1f17031e8e6e38921fe939df0b3a05ac41,38.87778123938225,0.9740995764732361,0.28036638628691435,0.3905026242136955,0.20624716207385063,0.1873002224168978,0.110715908711099,0.2379378378391266,8.419808944066366
mbt,q3,86127fbdb368eb28c3039cf61aff1c4cfdc4ade24070c8f2389968d5ead681e1,29.37737645201919,0.973137378692627,0.1441469808093837,0.28356909153402826,0.12412468282902828,0.5547140698592528,0.2520181159744966,0.7688364386558533,75.04862083893656
mbt,q3,937476dd72f98638f34299dda5e9c252621b5e809c364692fc2934e000583286,25.848510493620672,0.9774712324142456,0.029054527636617422,0.1268306920925776,0.01667468249797821,0.14349496971105205,0.07611506768196429,0.4395027756690979,169.1333735783895
mbt,q3,a2a946cc516f9eec0f141da3c31a96df94fe342c651af46f0d38f6c04400323a,32.86504454587761,0.9772300720214844,0.13629803872283766,0.2588430617662037,0.11261533779256484,0.2530923219393212,0.10335816547777579,0.3481910824775696,33.61831222234988
mbt,q3,a365e6541bab5c0f4e01bf43a0c3a655d88292a8ac45403a889c308d11854555,28.071222311684995,0.9649321436882019,0.17826860593084026,0.28280146490125097,0.10309010603848626,0.5101072803903822,0.22337334882116153,0.725067675113678,101.38136393229166
mbt,q3,b0b3744cc6b5ad6426b1ac02909b4389ea7fc4140d72a888ccdfb21f573a6db4,27.199441820815032,0.9645244479179382,0.16327641759725178,0.29154256862752576,0.1209144834209891,0.3602326365340559,0.16303501171161583,0.940365731716156,123.91850885129442
mbt,q3,bb7344a2ba499b2d48b891abee1b903dc17d265437ac57028b5999b6cd5bcdc4,35.949800799567775,0.9884459972381592,0.06464132328983396,0.12117288960143924,0.081454336643219,0.15965023115501253,0.08375304444829103,0.4595886468887329,16.52343289057414
mbt,q3,c9510efb03d1852c29ecad84cc0558768728681a3b9b04eae0dbbd9be142dd95,35.427817883822875,0.9824234843254089,0.11403263259459945,0.2540875044815681,0.10762822890982908,0.16332692494192813,0.061988086577960004,0.49854063987731934,18.633677404067097
mbt,q3,d0208a1e9b4fde642b9752da2907d82d5b530a6e2e6e18ef71d5524a92d1cf9a,27.495925505372437,0.9602566957473755,0.1952090409310425,0.28828695959904616,0.09150990984019111,0.3151418832855758,0.13308395978972984,0.8408055901527405,115.74115456973806
mbt,q3,da52c4f66dc00c2f381e8475fbf8a7aa2c5433a9c59cc175646c62e02892faf7,29.474667485759642,0.9852601289749146,0.08527558903922053,0.20215760793756035,0.08883751543129191,0.4436616251877507,0.17452293605503003,0.6689106822013855,73.3860668705959
mbt,q3,e0d8e29cadfc99663c7d1a4a5afe20c454ec54d0d873776ec397c59405c74790,34.48403925273908,0.9730428457260132,0.2482009498950313,0.34947418925516743,0.18692094175254598,0.20199375215468382,0.09451587408017105,0.37749359011650085,23.15668753829657
mbt,q3,ebfd571f1c6824316047a29cb5f376eec15f56dd51821119c1842be068a8b950,32.58234626078543,0.9955703020095825,0.014422185544390231,0.06553851114585996,0.04611537232995033,0.08434194556141761,0.04348535417633765,0.696929395198822,35.879446506500244
mbt,q3,eda6d42794b0d0140628fa90fc0c14a7ba88159b8474d0077027c32ee2ddf6f0,29.313590257116637,0.9582761526107788,0.3009741384462983,0.35622020854669456,0.11474706729253133,0.6857968579849208,0.36542409360252015,0.7463222742080688,76.15901792438981
mbt,q3,f67f11de4ca9ebda3db52c41fd3d26c3105687b2d37571e54631a1e4486d0b30,36.14383944682149,0.9616177082061768,0.22513187621884487,0.3680858639817612,0.16185063883370043,0.3480706909902194,0.2333708322902332,0.3450886905193329,15.801430895437601
mbt,q3,ff32adfa29d4b5de26293352f53cc983d12d3ededd71fe65ca0ef0d887be65c4,33.2437397856454,0.9761018753051758,0.11926634397138568,0.22119214131551632,0.09364027275758631,0.28186416879543086,0.12033651935368564,0.7196759581565857,30.81104173847273
mbt,q4,02809272b4ca9b08af45771501b741296187c7e26907efb44abbbfcb6cd804f7,32.2069318775271,0.9875239133834839,0.07400298948016237,0.16211349297972286,0.0681305608328651,0.1892615893103111,0.07086323867876418,0.7832856178283691,39.11894854377298
mbt,q4,0369d229ba4c9965d5caeb38c359a027a810968eee930b81520b604e76b4df14,35.92626304373576,0.9757053852081299,0.13876047274645636,0.35440070190850426,0.1400983089909834,0.2858515655206092,0.1409762884929418,0.6087335348129272,16.613229190602024
mbt,q4,07b9f93f170a0381836bdf301280a5b80b2c4be6e66f793a3c335dc200fb4e5b,32.36453987757821,0.9766864776611328,0.18836807455210125,0.31016225262599834,0.1263033223502776,0.25559596669252854,0.13471804379213484,0.8172997832298279,37.724750234566486
mbt,q4,0d154749c7771f58e89ad343653ec4e20d6f037da829f47f5598e5d0a4ab61f0,31.606091133348265,0.9609473943710327,0.37527921445229473,0.43759170744348974,0.1904447911416783,0.5054928226438171,0.3096572938604677,0.7613678574562073,44.92325822418811
mbt,q4,1b4ad095795ac552b38a21d51be7bfaee8e7d0a70619d84767814321df4ed062,33.75701656714555,0.9719049334526062,0.198222424050695,0.33673091115135895,0.14298772262899498,0.22141446089574401,0.11089638471925935,0.5664101243019104,27.376549168636924
mbt,q4,1cba10ad9bb4ced57e42f7656c5f2a58d32dc6bad084957d2f8d1c78e0fcd224,37.85849154264258,0.9755117893218994,0.21633557605475767,0.37209505327407594,0.18678850615487516,0.20649443701929768,0.11374221207236274,0.24753347039222717,10.647096899335052
mbt,q4,2397c73f8feeb8f630fe055da5551c671794afae80528e8612dc62fc0cf61294,34.40781343873801,0.9862060546875,0.11249817430096513,0.20384314938941422,0.08269555007710176,0.1770396219321365,0.0725339442268064,0.6718613505363464,23.566713220932904
mbt,q4,2684452db505ddbbb53f42a3f3bcfe86fdd0d6d8d98c029db4b4c6fc1f55b750,34.00316670982578,0.9732639193534851,0.1555366199463606,0.27626085452297156,0.12523732571040883,0.3101629202680482,0.13620548162237572,0.8256361484527588,25.86804989085478
mbt,q4,2a760bf1ccea6998be3890dcc2371b23f35fe3006562884b45bc534a621d5c12,41.813264862636224,0.9942636489868164,0.1128532001748681,0.12268561195453694,0.06588325109975092,0.07938601478495756,0.03603610229706804,0.8070855140686035,4.283057201867816
mbt,q4,4ebc0e6c463bcf8ada38673c268aae56d44864347fd74b81a9fb5659bf96a010,33.23849280234973,0.9695461988449097,0.35999122292679897,0.4424459027893403,0.1483870283645742,0.5538816945483297,0.34264686843328696,0.6469206213951111,30.84828898111979
mbt,q4,50d13125b665e0c4c1673264807bfc3cc7a217819329696843fea4c69aff8b91,39.328179228478895,0.9909639358520508,0.025663427598363556,0.13728723464643253,0.07859026123495663,0.03554913465361066,0.014113611449041585,0.810723602771759,7.590361112706802
mbt,q4,50fe4c3d47d864858e1aaa60fecef5c453b4e18d2b368718eeb5c1e249e0c902,31.411026086003403,0.9877344369888306,0.10569787556650462,0.17503244163077555,0.061085144678751625,0.29395089622585147,0.11216276788733927,0.7648053169250488,46.98700378166795
mbt,q4,581048154e3c4b579c79155742dcf643c18b9bb47782aca7f0768eff185bc32e,31.09427270727661,0.9734112024307251,0.2101029247700513,0.32298610367617764,0.11303506889841058,0.36704370937456915,0.17619022847880694,0.3885851502418518,50.54207759200435
mbt,q4,608cb09e6ffc66d4bc838d4088bf4c0ab889d7e83d4f5d78805cbc4497e432a1,31.453403951870275,0.9748612642288208,0.19151771623714298,0.2778707763143614,0.10920609066299364,0.46203556283800185,0.22032412174901267,0.40404027700424194,46.53074067558338
mbt,q4,79b1bb29124f590c2e99e6c71c18affe25115d594a821cadc58bf24bf94dae8d,30.548955540492933,0.9761720895767212,0.09999541901051998,0.24127170145511628,0.09207423627376557,0.3362959063400922,0.1446748801478836,0.707012951374054,57.303982671101885
mbt,q4,8426ed2245c791232862b0a0b2a62a1f17031e8e6e38921fe939df0b3a05ac41,40.00003223393911,0.9788327217102051,0.2649419102817774,0.3932062201201916,0.1843205764889717,0.15340715218291479,0.09047306473382566,0.320919007062912,6.502451737721761
mbt,q4,86127fbdb368eb28c3039cf61aff1c4cfdc4ade24070c8f2389968d5ead681e1,31.117891114680457,0.982526421546936,0.09663761471260766,0.22982862158144107,0.0920282218788491,0.37149608678003865,0.16912328302485644,0.7909130454063416,50.26795867753159
mbt,q4,937476dd72f98638f34299dda5e9c252621b5e809c364692fc2934e000583286,28.01735301820315,0.9877032041549683,0.020781556299577158,0.04965958402802547,0.01237801214059194,0.051498480221804734,0.022507296323814412,0.5135819911956787,102.64671590593126
mbt,q4,a2a946cc516f9eec0f141da3c31a96df94fe342c651af46f0d38f6c04400323a,34.58128525186626,0.9845486879348755,0.10071986918063724,0.23268041895592914,0.08973962015965406,0.1600680240770791,0.06328944894557266,0.40363457798957825,22.643931669347428
mbt,q4,a365e6541bab5c0f4e01bf43a0c3a655d88292a8ac45403a889c308d11854555,30.026849102051347,0.9778884649276733,0.10567945978220772,0.21692960604148753,0.07363409715540269,0.31684868308412556,0.1330410093459059,0.7372981905937195,64.62424029181986
mbt,q4,b0b3744cc6b5ad6426b1ac02909b4389ea7fc4140d72a888ccdfb21f573a6db4,28.827606050566466,0.9755940437316895,0.1299347671077532,0.25338095365201724,0.10016180084032171,0.24239503685579727,0.11156121119875613,0.9530969858169556,85.17649320714614
mbt,q4,bb7344a2ba499b2d48b891abee1b903dc17d265437ac57028b5999b6cd5bcdc4,37.74575278153381,0.9924923181533813,0.04311795171815902,0.08940790104679763,0.05823519080877304,0.1031414835050839,0.0520623842517998,0.5155096650123596,10.927104155222574
mbt,q4,c9510efb03d1852c29ecad84cc0558768728681a3b9b04eae0dbbd9be142dd95,37.066426010105445,0.9876131415367126,0.09408712560201392,0.24211145832258113,0.09230795818216661,0.11662940522690017,0.04472871623070599,0.5762057304382324,12.777260813993566
mbt,q4,d0208a1e9b4fde642b9752da2907d82d5b530a6e2e6e18ef71d5524a92d1cf9a,29.447553983226406,0.9758809804916382,0.10699020876165699,0.20522275834399112,0.06240940251771142,0.17191318110165357,0.06442111297491869,0.8718260526657104,73.84565764782475
mbt,q4,da52c4f66dc00c2f381e8475fbf8a7aa2c5433a9c59cc175646c62e02892faf7,31.263684061841367,0.9905409812927246,0.05386995986542281,0.16217801215894082,0.06156013397609486,0.2840810428442423,0.10989366529341878,0.7074738144874573,48.60847036324295
mbt,q4,e0d8e29cadfc99663c7d1a4a5afe20c454ec54d0d873776ec397c59405c74790,36.368782880030516,0.9809976816177368,0.19984839754726957,0.3296595711918438,0.1558255384950077,0.13973176519267488,0.0640840830959048,0.47350674867630005,15.003827861711091
mbt,q4,ebfd571f1c6824316047a29cb5f376eec15f56dd51821119c1842be068a8b950,34.57585577117099,0.9966341257095337,0.010391934309154749,0.04828254948370159,0.0369526669383049,0.04365340403655105,0.02054693627527206,0.7116789817810059,22.672258456548054
mbt,q4,eda6d42794b0d0140628fa90fc0c14a7ba88159b8474d0077027c32ee2ddf6f0,30.94257766017398,0.9700875282287598,0.24233897592799336,0.31147513114938546,0.09473795867433735,0.5237445468484093,0.2804485895370254,0.804179847240448,52.33865944856132
mbt,q4,f67f11de4ca9ebda3db52c41fd3d26c3105687b2d37571e54631a1e4486d0b30,37.08400231070008,0.9682433605194092,0.20647365895702557,0.36734136449647886,0.1429726805757074,0.28658661168713884,0.183431750293602,0.41996386647224426,12.725654552185457
mbt,q4,ff32adfa29d4b5de26293352f53cc983d12d3ededd71fe65ca0ef0d887be65c4,34.96866022589442,0.9842046499252319,0.08738246202907142,0.19055824566851645,0.07240352946169236,0.19304720269735384,0.0796796967674054,0.7516431212425232,20.711632822074144
codlite,0_0156,02809272b4ca9b08af45771501b741296187c7e26907efb44abbbfcb6cd804f7,16.684999664187625,0.6113390326499939,0.2712000450667213,0.4332402202136376,0.1678765710662393,1.3566113729039417,0.5140072640854554,0.9023643136024475,1395.0198729271983
codlite,0_0156,0369d229ba4c9965d5caeb38c359a027a810968eee930b81520b604e76b4df14,26.673371460032897,0.8933843374252319,0.10023178687209593,0.2772021744181128,0.12190298999057096,0.2605112892556563,0.10039455315950889,0.7386462092399597,139.87600337009803
codlite,0_0156,07b9f93f170a0381836bdf301280a5b80b2c4be6e66f793a3c335dc200fb4e5b,20.855637713321368,0.8002437949180603,0.14875703936114032,0.28784444787923025,0.12278979315477259,0.43939604057790455,0.15910628878018127,0.8170410394668579,533.969670194738
codlite,0_0156,0d154749c7771f58e89ad343653ec4e20d6f037da829f47f5598e5d0a4ab61f0,23.45826543168913,0.65810227394104,0.2476633357212824,0.43757021891720155,0.18834814148790696,0.37955374801575836,0.15820282649360623,0.5720988512039185,293.2606667911305
codlite,0_0156,1b4ad095795ac552b38a21d51be7bfaee8e7d0a70619d84767814321df4ed062,25.093085644912602,0.7821482419967651,0.1770529307817158,0.32803654905996826,0.12240711638801977,0.2185539143315509,0.07302693887289329,0.7556968331336975,201.2666399771707
codlite,0_0156,1cba10ad9bb4ced57e42f7656c5f2a58d32dc6bad084957d2f8d1c78e0fcd224,29.88670368674223,0.9262930154800415,0.11768721382233124,0.2898910225739757,0.1390483360556723,0.14652660276926582,0.05930007532456204,0.388837605714798,66.74365599795838
codlite,0_0156,2397c73f8feeb8f630fe055da5551c671794afae80528e8612dc62fc0cf61294,20.877002105223323,0.7961418032646179,0.16476298789767657,0.28206830682123407,0.14775765906361973,0.6279990953965336,0.21369992866263818,0.6555233597755432,531.3493459664139
codlite,0_0156,2684452db505ddbbb53f42a3f3bcfe86fdd0d6d8d98c029db4b4c6fc1f55b750,21.452009844242824,0.7746729850769043,0.1987676459200242,0.33760062158107756,0.15136577364276438,0.7005648548384937,0.28334854603646675,0.6336527466773987,465.4567968031939
codlite,0_0156,2a760bf1ccea6998be3890dcc2371b23f35fe3006562884b45bc534a621d5c12,26.693419227143824,0.9651791453361511,0.07188748475164175,0.14485121004540344,0.10968674205500505,0.13259068791879455,0.0459212706483297,0.8496612906455994,139.2318001231928
codlite,0_0156,4ebc0e6c463bcf8ada38673c268aae56d44864347fd74b81a9fb5659bf96a010,24.81357314853731,0.778668999671936,0.18676186155746966,0.34139538937631775,0.13410467365208795,0.32688007813624287,0.14879820463901955,0.5591515898704529,214.64612175436582
codlite,0_0156,50d13125b665e0c4c1673264807bfc3cc7a217819329696843fea4c69aff8b91,27.670947463150064,0.957211971282959,0.04460999076186186,0.14201402535169003,0.09972773089128383,0.06753246963546364,0.02490824840546616,0.8438889384269714,111.16949032054228
codlite,0_0156,50fe4c3d47d864858e1aaa60fecef5c453b4e18d2b368718eeb5c1e249e0c902,16.997745880147455,0.6424767971038818,0.2799107555621936,0.43261451531707507,0.17236719473644538,1.4017630697835333,0.514819301297116,0.6121498346328735,1298.0928950054656
codlite,0_0156,581048154e3c4b579c79155742dcf643c18b9bb47782aca7f0768eff185bc32e,19.837506169768936,0.6272362470626831,0.2912227592461712,0.44916863698553255,0.1658562693622086,0.6651105218383896,0.2559229439890533,0.47864070534706116,675.0403665954814
codlite,0_0156,608cb09e6ffc66d4bc838d4088bf4c0ab889d7e83d4f5d78805cbc4497e432a1,18.900154815133888,0.6204396486282349,0.2877014040508691,0.45120563416504395,0.1835806641508551,1.2876047718587407,0.46935555183314454,0.3960893750190735,837.6544101690155
codlite,0_0156,79b1bb29124f590c2e99e6c71c18affe25115d594a821cadc58bf24bf94dae8d,17.725363342409132,0.747887372970581,0.19306462556123732,0.33672057241201403,0.14641960263252257,1.3934124129438714,0.5746187655979174,0.6615657210350037,1097.852579498291
codlite,0_0156,8426ed2245c791232862b0a0b2a62a1f17031e8e6e38921fe939df0b3a05ac41,32.001724443198604,0.9333311319351196,0.0869565315078944,0.2613756963983178,0.11836304143071175,0.07189265025697722,0.026051263996262772,0.2857438027858734,41.01171366373698
codlite,0_0156,86127fbdb368eb28c3039cf61aff1c4cfdc4ade24070c8f2389968d5ead681e1,17.773040722173985,0.5636457204818726,0.24921461903169506,0.4436178048614596,0.18508095306451203,1.3190216959190992,0.4717330990241287,0.639282763004303,1085.8661342266478
codlite,0_0156,937476dd72f98638f34299dda5e9c252621b5e809c364692fc2934e000583286,14.399397700866777,0.20325332880020142,0.27946363389492035,0.36794119824965793,0.22371873756249747,1.9054266833360696,1.4504322439014785,0.39447519183158875,2361.242496172587
codlite,0_0156,a2a946cc516f9eec0f141da3c31a96df94fe342c651af46f0d38f6c04400323a,20.855490255255596,0.7706578969955444,0.2020103599109194,0.33792843884404966,0.1481274336576462,0.71645531007128,0.2423479188230718,0.4584692120552063,533.9878006280637
codlite,0_0156,a365e6541bab5c0f4e01bf43a0c3a655d88292a8ac45403a889c308d11854555,17.507235013769368,0.654848575592041,0.24411218341659097,0.3829207407201038,0.156832353683079,1.0649367090553234,0.41307162919901913,0.6675010323524475,1154.401439113243
codlite,0_0156,b0b3744cc6b5ad6426b1ac02909b4389ea7fc4140d72a888ccdfb21f573a6db4,17.43597005397663,0.648324728012085,0.22375419104800504,0.3690470576286316,0.14490756655440612,0.8761780653796878,0.36616421162015156,0.9056902527809143,1173.500706691368
codlite,0_0156,bb7344a2ba499b2d48b891abee1b903dc17d265437ac57028b5999b6cd5bcdc4,22.86073117971449,0.8702987432479858,0.14738154341466725,0.20950602553784847,0.16920608282089233,0.5617374841831406,0.2956157839336626,0.5042986273765564,336.5171815554301
codlite,0_0156,c9510efb03d1852c29ecad84cc0558768728681a3b9b04eae0dbbd9be142dd95,22.26041153639087,0.8473724722862244,0.16396908534362037,0.31557381924460914,0.13308058398611405,0.4699793649128467,0.14035430834289803,0.6825129985809326,386.4018590590533
codlite,0_0156,d0208a1e9b4fde642b9752da2907d82d5b530a6e2e6e18ef71d5524a92d1cf9a,18.120050066708583,0.4916982054710388,0.2775043447228039,0.4229255776194965,0.14496218632249272,0.6398929205254877,0.24302993735617656,0.8478460311889648,1002.4791625976562
codlite,0_0156,da52c4f66dc00c2f381e8475fbf8a7aa2c5433a9c59cc175646c62e02892faf7,15.466251464161815,0.5513986945152283,0.325616917803007,0.49976229913094466,0.2034413209732841,1.934404310472361,0.6736302779436634,0.72062748670578,1846.9503228879441
codlite,0_0156,e0d8e29cadfc99663c7d1a4a5afe20c454ec54d0d873776ec397c59405c74790,26.902532284327343,0.8782801628112793,0.12936879328506834,0.29149397480137207,0.12977313118822434,0.14619780614729386,0.051002321765989365,0.610373854637146,132.68662037568933
codlite,0_0156,ebfd571f1c6824316047a29cb5f376eec15f56dd51821119c1842be068a8b950,19.399350912142502,0.8854414820671082,0.0977478732529562,0.09047824773006141,0.10831347107887268,1.021388299914935,0.6168052361373886,0.094950832426548,746.6984841028849
codlite,0_0156,eda6d42794b0d0140628fa90fc0c14a7ba88159b8474d0077027c32ee2ddf6f0,18.839745260304255,0.7209855318069458,0.23241644900511294,0.3863191012950504,0.15913726915331447,1.040514842091344,0.3821007290176735,0.6399465799331665,849.3874402015038
codlite,0_0156,f67f11de4ca9ebda3db52c41fd3d26c3105687b2d37571e54631a1e4486d0b30,29.40636289872828,0.9193679690361023,0.08044907782117233,0.2250878381013286,0.11573568220232047,0.13759716357076865,0.06569645693032673,0.603034496307373,74.54938601824193
codlite,0_0156,ff32adfa29d4b5de26293352f53cc983d12d3ededd71fe65ca0ef0d887be65c4,21.37557843037839,0.7815362811088562,0.20186688380644602,0.3267737740102936,0.14181247248369105,0.6399788054052431,0.24933585251563498,0.8542802333831787,473.7208695953968
codlite,0_0312,02809272b4ca9b08af45771501b741296187c7e26907efb44abbbfcb6cd804f7,17.8148409501841,0.7234523296356201,0.2009464168373276,0.36901864321792827,0.12921367760966807,0.9845591874557773,0.34611156802796017,0.9001541137695312,1075.4649618709789
codlite,0_0312,0369d229ba4c9965d5caeb38c359a027a810968eee930b81520b604e76b4df14,28.53133645929557,0.9220110177993774,0.0652560831485864,0.22886103847447564,0.08696947886663324,0.16793134098009846,0.05916394381174402,0.7498006820678711,91.18989485198377
codlite,0_0312,07b9f93f170a0381836bdf301280a5b80b2c4be6e66f793a3c335dc200fb4e5b,21.573338147522406,0.8345348238945007,0.11061337007319226,0.2472706937614609,0.09554673433303833,0.3068691027410643,0.09244853212207745,0.8489960432052612,452.63334637810203
codlite,0_0312,0d154749c7771f58e89ad343653ec4e20d6f037da829f47f5598e5d0a4ab61f0,24.64644565588396,0.7483776807785034,0.18467528061831698,0.37485254494582904,0.15578940019888035,0.27462086153616516,0.11193604862331977,0.5027827620506287,223.06724075616575
codlite,0_0312,1b4ad095795ac552b38a21d51be7bfaee8e7d0a70619d84767814321df4ed062,25.706602947471925,0.8255137205123901,0.13243524475317253,0.28572286783080353,0.09674607295739024,0.1657340439683977,0.05091038700960417,0.7528335452079773,174.75115953411972
codlite,0_0312,1cba10ad9bb4ced57e42f7656c5f2a58d32dc6bad084957d2f8d1c78e0fcd224,31.41620095212557,0.9423786401748657,0.0821851344724882,0.24466371720711005,0.09925334936785467,0.099783323511176,0.03835063525065903,0.37113553285598755,46.93104943334092
codlite,0_0312,2397c73f8feeb8f630fe055da5551c671794afae80528e8612dc62fc0cf61294,21.69585895332013,0.8469650149345398,0.12239400032250321,0.24306046011693339,0.11547361770096948,0.45968330091168974,0.14085093106159635,0.703118085861206,440.04234008789064
codlite,0_0312,2684452db505ddbbb53f42a3f3bcfe86fdd0d6d8d98c029db4b4c6fc1f55b750,22.400555400188686,0.8349906206130981,0.14391891259480924,0.284461588631658,0.10961265932111179,0.48993568741335525,0.18286957365277018,0.668555498123169,374.131970095167
codlite,0_0312,2a760bf1ccea6998be3890dcc2371b23f35fe3006562884b45bc534a621d5c12,28.276387935310268,0.980133056640625,0.03833423222511493,0.11960222340863326,0.0714831321403898,0.08149838901682485,0.02742419353835097,0.8707531690597534,96.70336072198276
codlite,0_0312,4ebc0e6c463bcf8ada38673c268aae56d44864347fd74b81a9fb5659bf96a010,25.752140024234652,0.8186718225479126,0.1452630905982326,0.28314865310402476,0.11483668649897856,0.207150651980895,0.08178644812916123,0.6291232705116272,172.92841401941635
codlite,0_0312,50d13125b665e0c4c1673264807bfc3cc7a217819329696843fea4c69aff8b91,29.919469302449965,0.9674341678619385,0.030181537889053717,0.11238417668158517,0.06639955289223615,0.04295746991373736,0.01363632228933485,0.8667739629745483,66.24199912875306
codlite,0_0312,50fe4c3d47d864858e1aaa60fecef5c453b4e18d2b368718eeb5c1e249e0c902,18.759264280868397,0.7768699526786804,0.20787083329977812,0.3612606143693865,0.13564705425574455,1.0369786289913103,0.33276586082806525,0.6992931365966797,865.2745552219972
codlite,0_0312,581048154e3c4b579c79155742dcf643c18b9bb47782aca7f0768eff185bc32e,20.782899620400062,0.7053898572921753,0.22318098268338613,0.40081152639218737,0.13447525049303913,0.5128636526216404,0.18134606282853485,0.479277104139328,542.9882088126717
codlite,0_0312,608cb09e6ffc66d4bc838d4088bf4c0ab889d7e83d4f5d78805cbc4497e432a1,20.243708698205808,0.7290492057800293,0.21864760301861108,0.3784589067685838,0.15145712214357712,0.9408671729769256,0.31178876635808866,0.4852892756462097,614.7655052234924
codlite,0_0312,79b1bb29124f590c2e99e6c71c18affe25115d594a821cadc58bf24bf94dae8d,18.758756475927008,0.8161575198173523,0.13985247835516929,0.2863696053624153,0.11194233298301696,0.9692734975000349,0.3596616659185111,0.7122941017150879,865.3757345835368
codlite,0_0312,8426ed2245c791232862b0a0b2a62a1f17031e8e6e38921fe939df0b3a05ac41,32.749751467914514,0.9483373165130615,0.06687905872240663,0.23319944832473993,0.09072989970445633,0.04566835138125214,0.015019580621291887,0.31661516427993774,34.52273654937744
codlite,0_0312,86127fbdb368eb28c3039cf61aff1c4cfdc4ade24070c8f2389968d5ead681e1,19.167008513740843,0.6874436140060425,0.19285030430946193,0.38167258242114643,0.14600073949235384,0.9992039103973914,0.35317050529490956,0.6796876192092896,787.733852532392
codlite,0_0312,937476dd72f98638f34299dda5e9c252621b5e809c364692fc2934e000583286,14.371172909595254,0.21589875221252441,0.20875380809108415,0.30657726029555005,0.23479507863521576,1.2110488751883774,0.8981196396014486,0.37330713868141174,2376.63818136851
codlite,0_0312,a2a946cc516f9eec0f141da3c31a96df94fe342c651af46f0d38f6c04400323a,22.258595316572418,0.8475229144096375,0.14069806449115277,0.2751108245814548,0.11228041263187633,0.508588895699136,0.15796421032962307,0.4013362526893616,386.56348613664215
codlite,0_0312,a365e6541bab5c0f4e01bf43a0c3a655d88292a8ac45403a889c308d11854555,18.354778313368417,0.7262582182884216,0.18087891975746434,0.3353252357419799,0.12534558159463546,0.7653452684467245,0.2648338542126931,0.7418700456619263,949.7351890414369
codlite,0_0312,b0b3744cc6b5ad6426b1ac02909b4389ea7fc4140d72a888ccdfb21f573a6db4,17.87914821400872,0.7077369093894958,0.17584731070434345,0.33004092688069625,0.11903303230510039,0.6883316782857197,0.2610889921368835,0.933498740196228,1059.657556511374
codlite,0_0312,bb7344a2ba499b2d48b891abee1b903dc17d265437ac57028b5999b6cd5bcdc4,23.77156312328914,0.9060182571411133,0.11207982711493969,0.18297221092507243,0.13716448843479156,0.3777935002558479,0.17088022038731146,0.5888792276382446,272.85005680720013
codlite,0_0312,c9510efb03d1852c29ecad84cc0558768728681a3b9b04eae0dbbd9be142dd95,24.716676509312325,0.9090557098388672,0.10644827456049183,0.24885002948782023,0.09269931141067954,0.30253986851568415,0.08570763803962697,0.7128966450691223,219.48897477692248
codlite,0_0312,d0208a1e9b4fde642b9752da2907d82d5b530a6e2e6e18ef71d5524a92d1cf9a,18.557859196462132,0.5729958415031433,0.2210528975023943,0.3809741288423538,0.11596710524138282,0.5094108769893971,0.17587154449317013,0.8685004711151123,906.3468740425858
codlite,0_0312,da52c4f66dc00c2f381e8475fbf8a7aa2c5433a9c59cc175646c62e02892faf7,16.97912630698682,0.6878439784049988,0.2505172358277966,0.42855775917277616,0.17138409737278434,1.581559806506266,0.5351687132274088,0.7681499719619751,1303.6701755897673
codlite,0_0312,e0d8e29cadfc99663c7d1a4a5afe20c454ec54d0d873776ec397c59405c74790,27.375500164949532,0.89720618724823,0.09943494747447616,0.25772233561557883,0.10725092519732082,0.11126600570258782,0.03692748367687128,0.6441846489906311,118.99544689702053
codlite,0_0312,ebfd571f1c6824316047a29cb5f376eec15f56dd51821119c1842be068a8b950,19.609691222351152,0.9185439944267273,0.06115892800153233,0.07158013619482517,0.06068223714828491,0.6591466767807358,0.35482163844566905,0.15805324912071228,711.3957046667734
codlite,0_0312,eda6d42794b0d0140628fa90fc0c14a7ba88159b8474d0077027c32ee2ddf6f0,20.069720295878067,0.7967777252197266,0.1680071657048721,0.3253304533222142,0.12341423040511561,0.715309544794496,0.23081707466542148,0.6552231311798096,639.8944321177364
codlite,0_0312,f67f11de4ca9ebda3db52c41fd3d26c3105687b2d37571e54631a1e4486d0b30,31.051108558918877,0.9354838132858276,0.05366296715367878,0.18406818292158492,0.08556113991082884,0.08476142496029043,0.034382217396844876,0.654080867767334,51.046915490642874
codlite,0_0312,ff32adfa29d4b5de26293352f53cc983d12d3ededd71fe65ca0ef0d887be65c4,23.858731147115417,0.8722909688949585,0.12960661066805615,0.25026105436332086,0.10362978437367608,0.4010244671940708,0.13702786144260592,0.885301947593689,267.4282276826746
codlite,0_1250,02809272b4ca9b08af45771501b741296187c7e26907efb44abbbfcb6cd804f7,21.58656572222039,0.9048960208892822,0.10722946859896183,0.23390657261890524,0.08717500812867109,0.45423718691458015,0.13768869199854664,0.9034054279327393,451.25683043236825
codlite,0_1250,0369d229ba4c9965d5caeb38c359a027a810968eee930b81520b604e76b4df14,30.771424836070572,0.9559167623519897,0.04079363804913181,0.15791277372661758,0.05574732615667231,0.08852170420768443,0.03109304565349218,0.7719162106513977,54.442477117800244
codlite,0_1250,07b9f93f170a0381836bdf301280a5b80b2c4be6e66f793a3c335dc200fb4e5b,23.824738445031354,0.9072496294975281,0.07194835133850574,0.1882425905588795,0.06611501416739296,0.1929420551732191,0.05881571460493502,0.8651852011680603,269.5296307732077
codlite,0_1250,0d154749c7771f58e89ad343653ec4e20d6f037da829f47f5598e5d0a4ab61f0,27.13928452925847,0.8894237875938416,0.11564926108454956,0.26639448386781356,0.0950420651365729,0.1611389722517154,0.06365995797953945,0.5941672921180725,125.64693759095435
codlite,0_1250,1b4ad095795ac552b38a21d51be7bfaee8e7d0a70619d84767814321df4ed062,27.42244570963653,0.9066524505615234,0.08689960876577779,0.20117333649020447,0.06263315050225508,0.1052963944521372,0.03317146802749799,0.7529744505882263,117.71607957806503
codlite,0_1250,1cba10ad9bb4ced57e42f7656c5f2a58d32dc6bad084957d2f8d1c78e0fcd224,33.56621533847891,0.9655039310455322,0.04834257125022631,0.17430811440481722,0.06148387086622923,0.05770844552793316,0.022676033633891913,0.3591977655887604,28.60611149562601
codlite,0_1250,2397c73f8feeb8f630fe055da5551c671794afae80528e8612dc62fc0cf61294,24.762875059528703,0.9354438781738281,0.07199300934067544,0.16392973133308045,0.07201020367005292,0.23835249022552904,0.0662657903670467,0.7657859921455383,217.16651144588695
codlite,0_1250,2684452db505ddbbb53f42a3f3bcfe86fdd0d6d8d98c029db4b4c6fc1f55b750,25.85786227398883,0.9276201128959656,0.08190430447678355,0.19070059551912197,0.0710668979322209,0.24177724307610332,0.08245987627818321,0.8967463970184326,168.76956595626532
codlite,0_1250,2a760bf1ccea6998be3890dcc2371b23f35fe3006562884b45bc534a621d5c12,30.980330527003307,0.9903883934020996,0.022658529289966,0.06786332240906255,0.04789731728619542,0.04626977794119114,0.015090587346693222,0.8802057504653931,51.88565554564027
codlite,0_1250,4ebc0e6c463bcf8ada38673c268aae56d44864347fd74b81a9fb5659bf96a010,28.591081545209356,0.9261512160301208,0.09113439423415591,0.20393374439548043,0.07080813050270081,0.1452942842611639,0.06312517673647984,0.5781192779541016,89.94400179993873
codlite,0_1250,50d13125b665e0c4c1673264807bfc3cc7a217819329696843fea4c69aff8b91,30.560774461190086,0.9785306453704834,0.024113275999415613,0.1043129875064444,0.0483668855007957,0.02985763602316334,0.010610018305467424,0.8731132745742798,57.148247213924634
codlite,0_1250,50fe4c3d47d864858e1aaa60fecef5c453b4e18d2b368718eeb5c1e249e0c902,22.26444152771103,0.9137200713157654,0.1112008265875004,0.22685719741347396,0.07910879213868836,0.4906505097178636,0.13015289042513267,0.8233093619346619,386.043467706123
codlite,0_1250,581048154e3c4b579c79155742dcf643c18b9bb47782aca7f0768eff185bc32e,23.393637683592665,0.8677071928977966,0.1432573498318811,0.2914358772910558,0.08856322247903425,0.3079683480001012,0.10445232085334051,0.38969531655311584,297.65733734242644
codlite,0_1250,608cb09e6ffc66d4bc838d4088bf4c0ab889d7e83d4f5d78805cbc4497e432a1,23.516013396816007,0.8880290389060974,0.1154469789973661,0.23713759888036579,0.09018346754943624,0.42558279278530203,0.11274513019429953,0.39045199751853943,289.3870023839614
codlite,0_1250,79b1bb29124f590c2e99e6c71c18affe25115d594a821cadc58bf24bf94dae8d,21.343911630277617,0.9082974791526794,0.07921237722039223,0.19530248194932937,0.07229713797569275,0.49151297352279927,0.16082874541399597,0.7447398900985718,477.18765284220376
codlite,0_1250,8426ed2245c791232862b0a0b2a62a1f17031e8e6e38921fe939df0b3a05ac41,35.80845096515398,0.9723665118217468,0.045240725041367114,0.17736165970563889,0.04894918575882912,0.024209545246218767,0.00811351075324874,0.2715034484863281,17.07006851832072
codlite,0_1250,86127fbdb368eb28c3039cf61aff1c4cfdc4ade24070c8f2389968d5ead681e1,22.40731248298532,0.8820929527282715,0.10452428933416234,0.2403633571306213,0.08898975077222605,0.4662307191875832,0.14519204385844575,0.7967127561569214,373.55031981754826
codlite,0_1250,937476dd72f98638f34299dda5e9c252621b5e809c364692fc2934e000583286,14.908248248580659,0.5136898756027222,0.16663780684272447,0.2760448766251405,0.17129647235075632,0.770656184933614,0.5281235626327371,0.3394297957420349,2100.175249417623
codlite,0_1250,a2a946cc516f9eec0f141da3c31a96df94fe342c651af46f0d38f6c04400323a,25.7205919893039,0.9434689879417419,0.07361999473479741,0.17065193749525967,0.06328403195914101,0.22888625429836643,0.05847022144379976,0.44802790880203247,174.18917487649355
codlite,0_1250,a365e6541bab5c0f4e01bf43a0c3a655d88292a8ac45403a889c308d11854555,20.36781429174433,0.8537327647209167,0.11170943975448608,0.232952230336035,0.08302069008350373,0.4016557503841528,0.12934306149902536,0.7967913150787354,597.4463767855775
codlite,0_1250,b0b3744cc6b5ad6426b1ac02909b4389ea7fc4140d72a888ccdfb21f573a6db4,19.764770495770478,0.8510841131210327,0.12270658327376141,0.2407872604973176,0.07797853894093458,0.4258103981539427,0.1462401949714916,0.9482653141021729,686.4411516974955
codlite,0_1250,bb7344a2ba499b2d48b891abee1b903dc17d265437ac57028b5999b6cd5bcdc4,25.097436068539572,0.9610882997512817,0.07271000929176807,0.13188796769827604,0.09957588464021683,0.16537807232043633,0.06053674935427975,0.5490888357162476,201.06512769063315
codlite,0_1250,c9510efb03d1852c29ecad84cc0558768728681a3b9b04eae0dbbd9be142dd95,29.643699707502705,0.968614935874939,0.04806803181657896,0.14830770694157658,0.0472447709125631,0.11127245477039062,0.027503501235889297,0.7372429966926575,70.58467024260877
codlite,0_1250,d0208a1e9b4fde642b9752da2907d82d5b530a6e2e6e18ef71d5524a92d1cf9a,20.429901108819056,0.7786428332328796,0.15538962974267848,0.28938318192958834,0.0810829057412989,0.3593249648271012,0.1261520671026047,0.8205230832099915,588.9660346536075
codlite,0_1250,da52c4f66dc00c2f381e8475fbf8a7aa2c5433a9c59cc175646c62e02892faf7,21.077588464614784,0.8996798992156982,0.12811867211233166,0.2506604239344597,0.10461966675870558,0.6745321458457457,0.1686602083281863,0.7464795708656311,507.3661797018612
codlite,0_1250,e0d8e29cadfc99663c7d1a4a5afe20c454ec54d0d873776ec397c59405c74790,28.77576934695551,0.9403904676437378,0.07066280824296614,0.1897333743160262,0.06911767335499035,0.07323352772782628,0.026256882379837018,0.5819953083992004,86.19923789828431
codlite,0_1250,ebfd571f1c6824316047a29cb5f376eec15f56dd51821119c1842be068a8b950,20.877874783275196,0.950922966003418,0.04749054048443213,0.05628311121836305,0.048288244754076004,0.38174894006625526,0.19283407948047263,0.1607341468334198,531.2425865332285
codlite,0_1250,eda6d42794b0d0140628fa90fc0c14a7ba88159b8474d0077027c32ee2ddf6f0,22.941958107751766,0.8993772864341736,0.0985636653232516,0.22699667520675004,0.07974481085936229,0.3752932369382453,0.11655845502484771,0.6912109851837158,330.28172950495303
codlite,0_1250,f67f11de4ca9ebda3db52c41fd3d26c3105687b2d37571e54631a1e4486d0b30,32.84999217399117,0.9562844038009644,0.03712701612818694,0.1416684820079336,0.055259087214282916,0.0480240954265083,0.019255455333420983,0.6230266094207764,33.73503332200393
codlite,0_1250,ff32adfa29d4b5de26293352f53cc983d12d3ededd71fe65ca0ef0d887be65c4,28.050592096470673,0.9523015022277832,0.057331687420168344,0.1341938972911414,0.05252347080146565,0.16709573154561813,0.05270412865086972,0.9024472236633301,101.86409971947764
codlite,0_5000,02809272b4ca9b08af45771501b741296187c7e26907efb44abbbfcb6cd804f7,27.73580891524764,0.9799410700798035,0.04105307680061635,0.10577503416468115,0.03785334001569187,0.12744028861069878,0.033959390686557275,0.9093181490898132,109.52152171415442
codlite,0_5000,0369d229ba4c9965d5caeb38c359a027a810968eee930b81520b604e76b4df14,33.912403448135905,0.9804592132568359,0.019499990416635922,0.09580899457282879,0.027161266172633453,0.04362743934696579,0.016378177523261338,0.72409987449646,26.414355349073222
codlite,0_5000,07b9f93f170a0381836bdf301280a5b80b2c4be6e66f793a3c335dc200fb4e5b,27.75915025985207,0.9660553336143494,0.03922289020436651,0.11835795369218377,0.03819621117676006,0.09931691760970994,0.03384135228191839,0.8415398597717285,108.93447253657322
codlite,0_5000,0d154749c7771f58e89ad343653ec4e20d6f037da829f47f5598e5d0a4ab61f0,30.35464396877016,0.9619860649108887,0.06658236730624648,0.17112716817680526,0.05645730214960435,0.09455742039156388,0.043043850032778955,0.56669682264328,59.92609300800398
codlite,0_5000,1b4ad095795ac552b38a21d51be7bfaee8e7d0a70619d84767814321df4ed062,30.87375980274868,0.9708800315856934,0.04796972537511274,0.11247869169241503,0.03559417787351107,0.05075352305028733,0.016097899055233317,0.7666720151901245,53.17461823580558
codlite,0_5000,1cba10ad9bb4ced57e42f7656c5f2a58d32dc6bad084957d2f8d1c78e0fcd224,37.03333116491853,0.9840811491012573,0.025697975473713528,0.10331965146532048,0.03315912389639512,0.029385761474620402,0.012226183601512538,0.29632705450057983,12.875000197524777
codlite,0_5000,2397c73f8feeb8f630fe055da5551c671794afae80528e8612dc62fc0cf61294,30.20574447936263,0.9835583567619324,0.030182805295814488,0.08184676894589382,0.031738022320410786,0.07775262891504511,0.020145239800670754,0.7942084074020386,62.016308713426774
codlite,0_5000,2684452db505ddbbb53f42a3f3bcfe86fdd0d6d8d98c029db4b4c6fc1f55b750,31.300380316725807,0.9788780212402344,0.03621943484553519,0.0970052721855395,0.0341845444020103,0.07962221051910305,0.024020273895453144,0.920173168182373,48.19947737151501
codlite,0_5000,2a760bf1ccea6998be3890dcc2371b23f35fe3006562884b45bc534a621d5c12,35.30321029951904,0.9952038526535034,0.016817947777373523,0.049999258994799234,0.026647386879756534,0.025359995999683006,0.009404094046647375,0.911332905292511,19.176057837475305
codlite,0_5000,4ebc0e6c463bcf8ada38673c268aae56d44864347fd74b81a9fb5659bf96a010,31.703262365722722,0.9727283716201782,0.049400631338357925,0.1360048702096238,0.04463471893002005,0.08365785421388756,0.04056077191129923,0.547012984752655,43.92928394990809
codlite,0_5000,50d13125b665e0c4c1673264807bfc3cc7a217819329696843fea4c69aff8b91,31.603009023445146,0.9822940826416016,0.014605119532343986,0.057979210020344264,0.039656920643413765,0.01623502169293551,0.006508554937892635,0.8756142854690552,44.95515076880361
codlite,0_5000,50fe4c3d47d864858e1aaa60fecef5c453b4e18d2b368718eeb5c1e249e0c902,27.19325627984184,0.9773316383361816,0.04845745702860532,0.1102216614663233,0.03981206464914628,0.1719030654462866,0.03942566190207049,0.9199399948120117,124.09512844007202
codlite,0_5000,581048154e3c4b579c79155742dcf643c18b9bb47782aca7f0768eff185bc32e,27.555300683234528,0.9637527465820312,0.07668872333162434,0.16841598849866415,0.05734810200366345,0.13529720751228444,0.04340442659390301,0.32959145307540894,114.16955085726448
codlite,0_5000,608cb09e6ffc66d4bc838d4088bf4c0ab889d7e83d4f5d78805cbc4497e432a1,28.110557849920667,0.9650559425354004,0.04941923346589593,0.12297317517154358,0.04415486285499498,0.15185150653860546,0.03678278682342956,0.3797215521335602,100.46726411308339
codlite,0_5000,79b1bb29124f590c2e99e6c71c18affe25115d594a821cadc58bf24bf94dae8d,25.46728676957912,0.9654902219772339,0.035926428623497486,0.11120085045695305,0.03686726987361908,0.19750230882068537,0.059005966681487255,0.7095476984977722,184.65100847880046
codlite,0_5000,8426ed2245c791232862b0a0b2a62a1f17031e8e6e38921fe939df0b3a05ac41,39.38429665766729,0.9897446036338806,0.02468071971088648,0.10118961101397872,0.024861451238393784,0.010709684555452625,0.004080350648709631,0.21268153190612793,7.4929130872090655
codlite,0_5000,86127fbdb368eb28c3039cf61aff1c4cfdc4ade24070c8f2389968d5ead681e1,27.26608394125186,0.9710134267807007,0.041703554847445645,0.12072976837392713,0.04524693039597058,0.15968542882863732,0.04622797708440109,0.8220362663269043,122.03150481343921
codlite,0_5000,937476dd72f98638f34299dda5e9c252621b5e809c364692fc2934e000583286,19.771902814243827,0.8963582515716553,0.07708511377374332,0.1683002139131228,0.06605157752831776,0.31214738849909435,0.17317985726125684,0.46575313806533813,685.3147503534952
codlite,0_5000,a2a946cc516f9eec0f141da3c31a96df94fe342c651af46f0d38f6c04400323a,30.84483557519329,0.984074592590332,0.029601051213274547,0.08233667318435277,0.026951326166882235,0.07185613436084348,0.01581179539230764,0.5146099328994751,53.52994576248468
codlite,0_5000,a365e6541bab5c0f4e01bf43a0c3a655d88292a8ac45403a889c308d11854555,24.383478089548966,0.9573483467102051,0.052729558966615624,0.12975944495376418,0.04148725218632642,0.15896096498422327,0.050331912842805304,0.8223283886909485,236.99138111787684
codlite,0_5000,b0b3744cc6b5ad6426b1ac02909b4389ea7fc4140d72a888ccdfb21f573a6db4,23.50332433245835,0.9515573382377625,0.0662391314173446,0.14218770090271446,0.044948034777360805,0.18739153136827072,0.05718164237184588,0.9523952603340149,290.2337596220129
codlite,0_5000,bb7344a2ba499b2d48b891abee1b903dc17d265437ac57028b5999b6cd5bcdc4,29.099800351432812,0.9870719909667969,0.0593171832151711,0.08986183442175388,0.058455921709537506,0.06545513578640794,0.03000736454730609,0.5790427327156067,80.00190448760986
codlite,0_5000,c9510efb03d1852c29ecad84cc0558768728681a3b9b04eae0dbbd9be142dd95,35.13748010756816,0.9899362921714783,0.01830766854040763,0.07565227620961035,0.021908942916814018,0.03424518788074104,0.009120723099497166,0.7697191834449768,19.921973134957106
codlite,0_5000,d0208a1e9b4fde642b9752da2907d82d5b530a6e2e6e18ef71d5524a92d1cf9a,24.21846066620574,0.9338350296020508,0.09072256780722562,0.17217240276582102,0.055710391787921684,0.1705184737282894,0.053333293741999396,0.8322963118553162,246.1695287367877
codlite,0_5000,da52c4f66dc00c2f381e8475fbf8a7aa2c5433a9c59cc175646c62e02892faf7,27.135671721545506,0.9790424108505249,0.04602224075180643,0.10483498958980336,0.04876356230062597,0.18439681030302596,0.03904176439779228,0.7514820098876953,125.75150421740962
codlite,0_5000,e0d8e29cadfc99663c7d1a4a5afe20c454ec54d0d873776ec397c59405c74790,32.19432298587675,0.982121467590332,0.03647964612361701,0.10540060468894594,0.03905794497798471,0.0323843748401648,0.010715747648458,0.5770673751831055,39.23268779679841
codlite,0_5000,ebfd571f1c6824316047a29cb5f376eec15f56dd51821119c1842be068a8b950,26.643121163653536,0.9886431694030762,0.02165124745806679,0.041947543155401945,0.04233822599053383,0.11247364903283724,0.04823489948209623,0.5925303101539612,140.8536950747172
codlite,0_5000,eda6d42794b0d0140628fa90fc0c14a7ba88159b8474d0077027c32ee2ddf6f0,27.062832737095643,0.9633687734603882,0.04983929583948909,0.13883141106834598,0.03824981316631915,0.14937232484746846,0.04411291746911983,0.7792306542396545,127.8783686020795
codlite,0_5000,f67f11de4ca9ebda3db52c41fd3d26c3105687b2d37571e54631a1e4486d0b30,36.15664864801361,0.9793509840965271,0.021711319284376633,0.10288148806156482,0.029374453659151114,0.03057377852642989,0.013705859464537182,0.5889641642570496,15.754894381255106
codlite,0_5000,ff32adfa29d4b5de26293352f53cc983d12d3ededd71fe65ca0ef0d887be65c4,32.910393592728965,0.9844345450401306,0.022375746772569767,0.05861514490097761,0.023826334581655614,0.05222387588087726,0.015542550156078085,0.9103869795799255,33.26909610523897
vtm420,qp50,2a760bf1ccea6998be3890dcc2371b23f35fe3006562884b45bc534a621d5c12,32.9952184184812,0.9634460210800171,0.20935552605781063,0.20963617517002697,0.18260457443779912,0.22116900355739283,0.10319062159080786,0.4201427698135376,32.62560088058998
vtm420,qp50,50d13125b665e0c4c1673264807bfc3cc7a217819329696843fea4c69aff8b91,31.12010576445161,0.948665976524353,0.11972839728216915,0.1691773306030561,0.18449255701373604,0.23984487821251016,0.14652019868038194,0.3182477653026581,50.242331471162686
vtm420,qp50,0369d229ba4c9965d5caeb38c359a027a810968eee930b81520b604e76b4df14,29.588484809508245,0.9104987978935242,0.29793075897237836,0.47957079156356697,0.26053908695192896,0.8129133115216786,0.4858739979594194,0.12717464566230774,71.48779141295189
vtm420,qp50,4ebc0e6c463bcf8ada38673c268aae56d44864347fd74b81a9fb5659bf96a010,27.35950529190766,0.8366510272026062,0.5418706407441812,0.6004291839459364,0.2944838324013878,1.0356490715333755,0.6535196340349323,0.19496600329875946,119.43450987572764
vtm420,qp50,bb7344a2ba499b2d48b891abee1b903dc17d265437ac57028b5999b6cd5bcdc4,27.687145247097664,0.9109915494918823,0.2534717277158052,0.24132001330144703,0.2229670137166977,0.8870574353067582,0.5456171406460356,0.10528094321489334,110.75563621520996
vtm420,qp50,0d154749c7771f58e89ad343653ec4e20d6f037da829f47f5598e5d0a4ab61f0,25.761729436911864,0.7448148727416992,0.7408123763168559,0.6705566148547565,0.3630135573008481,1.4073455079746697,0.9075929209878353,0.19822631776332855,172.5470017377068
vtm420,qp50,1b4ad095795ac552b38a21d51be7bfaee8e7d0a70619d84767814321df4ed062,26.783126536301708,0.8092219233512878,0.5601963722392133,0.6035281388383162,0.3520296490506122,0.9339260419627575,0.5707952278420696,0.09534815698862076,136.38534519128632
vtm420,qp50,1cba10ad9bb4ced57e42f7656c5f2a58d32dc6bad084957d2f8d1c78e0fcd224,32.01366001327334,0.9277085065841675,0.32584206327723647,0.4633977363265834,0.29805528047015367,0.4540180837126068,0.2760726281851664,0.08756407350301743,40.89915728028924
vtm420,qp50,8426ed2245c791232862b0a0b2a62a1f17031e8e6e38921fe939df0b3a05ac41,33.79436274740304,0.9382048845291138,0.36661623418331146,0.4788532070815563,0.29167861118912697,0.3212224098065093,0.20250090761144068,0.09500443190336227,27.14213999112447
vtm420,qp50,c9510efb03d1852c29ecad84cc0558768728681a3b9b04eae0dbbd9be142dd95,27.102331822691895,0.9065365195274353,0.2955249079886605,0.44422620394650625,0.21165403495816623,0.656095948537024,0.28406369820991845,0.13593871891498566,126.72058775658701
vtm420,qp50,e0d8e29cadfc99663c7d1a4a5afe20c454ec54d0d873776ec397c59405c74790,28.54465895629348,0.8955211043357849,0.44243099347633474,0.48544299593743157,0.3105083100935992,0.6213960954597363,0.40344908823554576,0.09072447568178177,90.91058768478095
vtm420,qp50,f67f11de4ca9ebda3db52c41fd3d26c3105687b2d37571e54631a1e4486d0b30,32.10968905464189,0.9302691221237183,0.2809231036945301,0.4129595909194619,0.2323388813757429,0.48425200571716687,0.32520622493542606,0.14747123420238495,40.004740297404766
vtm420,qp50,2684452db505ddbbb53f42a3f3bcfe86fdd0d6d8d98c029db4b4c6fc1f55b750,25.61189126925713,0.8522404432296753,0.4671889640829142,0.5211759504149942,0.28446290300172916,1.4142133969550794,0.749852835506694,0.14799198508262634,178.60402173808976
vtm420,qp50,a2a946cc516f9eec0f141da3c31a96df94fe342c651af46f0d38f6c04400323a,24.94489648680065,0.8527223467826843,0.39962674469193993,0.46324932601521995,0.27267463207244874,1.2342276265534058,0.6034475993347693,0.10445716232061386,208.25273425532322
vtm420,qp50,07b9f93f170a0381836bdf301280a5b80b2c4be6e66f793a3c335dc200fb4e5b,24.342288382568718,0.8661574125289917,0.501744008940809,0.5389704776160857,0.27489576515029457,1.2220200933234617,0.6861650112170089,0.2597128748893738,239.24976651060814
vtm420,qp50,2397c73f8feeb8f630fe055da5551c671794afae80528e8612dc62fc0cf61294,25.15810003520687,0.9007781744003296,0.37481800685910616,0.400361235702739,0.24733405008035547,1.2963762854381764,0.6610304321894419,0.19848880171775818,198.27609516218598
vtmscc,qp50,0369d229ba4c9965d5caeb38c359a027a810968eee930b81520b604e76b4df14,30.078386894643145,0.9145470857620239,0.29150475997696906,0.47305869652944454,0.25588034356341643,0.7979543679036964,0.4751139231226221,0.10964282602071762,63.86187588560815
vtm420,qp50,581048154e3c4b579c79155742dcf643c18b9bb47782aca7f0768eff185bc32e,23.310168402866243,0.7940968871116638,0.6775565515835207,0.6160166216093105,0.29771317557974175,1.6414056119935725,0.9329812517507362,0.17363658547401428,303.4334958254636
vtm420,qp50,ff32adfa29d4b5de26293352f53cc983d12d3ededd71fe65ca0ef0d887be65c4,25.78642676613282,0.8759560585021973,0.3296091359327821,0.4278093705282492,0.21070756368777332,0.9158015458736773,0.4297762325419523,0.13211950659751892,171.56855133655026
vtmscc,qp50,1cba10ad9bb4ced57e42f7656c5f2a58d32dc6bad084957d2f8d1c78e0fcd224,32.371782750676076,0.9292630553245544,0.32056391089069614,0.46006684135464787,0.2958553825477952,0.4506515233913262,0.2728534159959911,0.06717511266469955,37.661887850962025
vtmscc,qp50,0d154749c7771f58e89ad343653ec4e20d6f037da829f47f5598e5d0a4ab61f0,25.837938386159212,0.7449582815170288,0.7366553585318958,0.6673628228552201,0.35712356549852037,1.4020636496379344,0.9052642109171883,0.1833130419254303,169.54559948491115
vtmscc,qp50,1b4ad095795ac552b38a21d51be7bfaee8e7d0a70619d84767814321df4ed062,26.942603390748395,0.8123505115509033,0.5542725850092737,0.6001703166647961,0.34856103517507253,0.9361323507741632,0.5726472476389439,0.07840128242969513,131.46798960367838
vtmscc,qp50,2a760bf1ccea6998be3890dcc2371b23f35fe3006562884b45bc534a621d5c12,33.502150187540806,0.9662988185882568,0.20480012623914357,0.21304580877567159,0.1799035750586411,0.2128459777549528,0.0986294813144969,0.4315158724784851,29.031223691742994
vtm420,qp50,86127fbdb368eb28c3039cf61aff1c4cfdc4ade24070c8f2389968d5ead681e1,22.443451791547353,0.8123661875724792,0.4424734383088643,0.5583213875528241,0.2904848700664083,2.317813088493345,1.169860347679019,0.19035468995571136,370.4547619428791
vtmscc,qp50,50d13125b665e0c4c1673264807bfc3cc7a217819329696843fea4c69aff8b91,31.375353386959834,0.9508728384971619,0.11618217330097276,0.16823898676563712,0.18300076004336863,0.23502351567257582,0.1448231313172236,0.33166131377220154,47.37454175762102
vtm420,qp50,608cb09e6ffc66d4bc838d4088bf4c0ab889d7e83d4f5d78805cbc4497e432a1,22.780554602375204,0.7957347631454468,0.532290954800213,0.5627467132666532,0.2653835529790205,2.3000589758853938,1.2239269017558552,0.0838766023516655,342.7874399820964
vtmscc,qp50,4ebc0e6c463bcf8ada38673c268aae56d44864347fd74b81a9fb5659bf96a010,27.456742229558575,0.8365530967712402,0.541892886337112,0.5988968410912682,0.29433017899008357,1.0417413392618715,0.6571679995342563,0.18127524852752686,116.7901289397595
vtm420,qp50,50fe4c3d47d864858e1aaa60fecef5c453b4e18d2b368718eeb5c1e249e0c902,22.335268061152377,0.877717137336731,0.4603853573401769,0.4680883973652934,0.24642271300156912,2.0415982792169136,0.9873833500170031,0.369951456785202,379.79877073185924
vtmscc,qp50,8426ed2245c791232862b0a0b2a62a1f17031e8e6e38921fe939df0b3a05ac41,34.12098102302166,0.9397134780883789,0.3603648841381073,0.4757075496017933,0.29377448931336403,0.32281728088610606,0.203580266728476,0.0825100913643837,25.17574079831441
vtm420,qp50,79b1bb29124f590c2e99e6c71c18affe25115d594a821cadc58bf24bf94dae8d,22.38668842593595,0.8782755136489868,0.31698580235242846,0.4684811010956764,0.2457973390817642,1.9102676047770273,0.8560490358983796,0.2828613817691803,375.32847849527997
vtm420,qp50,d0208a1e9b4fde642b9752da2907d82d5b530a6e2e6e18ef71d5524a92d1cf9a,21.139527522396367,0.7341556549072266,0.729497745107202,0.604550630906049,0.2808839605135076,1.764385076142036,1.038547383046714,0.3670870065689087,500.1814815745634
vtm420,qp50,a365e6541bab5c0f4e01bf43a0c3a655d88292a8ac45403a889c308d11854555,21.606000573445336,0.8142579793930054,0.5127781610278522,0.5364737827988232,0.26971637413782235,2.010344005994878,1.0301769976200728,0.17226238548755646,449.24194982192097
vtm420,qp50,02809272b4ca9b08af45771501b741296187c7e26907efb44abbbfcb6cd804f7,21.798554546354858,0.8408054113388062,0.42788925591637106,0.5161895641509224,0.24927090984933517,2.0550250900375486,1.055262864214399,0.17217470705509186,429.7589265711167
vtm420,qp50,937476dd72f98638f34299dda5e9c252621b5e809c364692fc2934e000583286,18.668955281468943,0.7086977362632751,0.4489143242438634,0.28158527985215187,0.1763128141562144,1.102189116795974,0.7390820781740391,0.3075050115585327,883.4558130900065
vtm420,qp50,eda6d42794b0d0140628fa90fc0c14a7ba88159b8474d0077027c32ee2ddf6f0,23.111566619094486,0.85673987865448,0.5336143926662558,0.5637274980545044,0.24729592338496564,1.9616598503137128,1.0158336960148655,0.22025726735591888,317.63159758125255
vtm420,qp50,b0b3744cc6b5ad6426b1ac02909b4389ea7fc4140d72a888ccdfb21f573a6db4,20.878644959824886,0.8297948241233826,0.4439542796681909,0.5018169971073375,0.23188136868617115,1.631817414669957,0.862696469060798,0.4214690327644348,531.1483844831878
vtmscc,qp50,2684452db505ddbbb53f42a3f3bcfe86fdd0d6d8d98c029db4b4c6fc1f55b750,25.816966791519782,0.8542429208755493,0.4625648116364199,0.5139419223455822,0.2816349769339842,1.3826696615761274,0.7287769939097926,0.1403815895318985,170.3662961473652
vtmscc,qp50,07b9f93f170a0381836bdf301280a5b80b2c4be6e66f793a3c335dc200fb4e5b,24.543082035961355,0.8700818419456482,0.49273176280891195,0.5313254819196813,0.27174631988300996,1.200237952617895,0.6702847773605498,0.2897161841392517,228.44000303979013
vtm420,qp50,ebfd571f1c6824316047a29cb5f376eec15f56dd51821119c1842be068a8b950,24.378545853646116,0.9671201705932617,0.09995585319120437,0.11276583082508296,0.11143998801708221,1.1344435818437146,0.6586716249144122,0.08153453469276428,237.26068258285522
vtmscc,qp50,bb7344a2ba499b2d48b891abee1b903dc17d265437ac57028b5999b6cd5bcdc4,28.108653955006517,0.9157294631004333,0.24391990434378386,0.22568524710368365,0.21209000796079636,0.8233093348238754,0.49897347515085566,0.09352929145097733,100.51131741205852
vtmscc,qp50,e0d8e29cadfc99663c7d1a4a5afe20c454ec54d0d873776ec397c59405c74790,28.69267836754732,0.895619809627533,0.44427889813395105,0.4773348974830964,0.30708251805866466,0.6215471028835442,0.40508567527546874,0.09999613463878632,87.86431429993873
vtmscc,qp50,f67f11de4ca9ebda3db52c41fd3d26c3105687b2d37571e54631a1e4486d0b30,32.67333173108338,0.9335348010063171,0.2771239437929848,0.41135044702712226,0.2305439503169527,0.48061789070845196,0.3242808211136802,0.14048530161380768,35.135584912268946
vtmscc,qp50,581048154e3c4b579c79155742dcf643c18b9bb47782aca7f0768eff185bc32e,23.409843855896604,0.7965830564498901,0.6736570069423089,0.6106174090406397,0.292687835929158,1.6280662253948222,0.9274606967460333,0.16481319069862366,296.5486663706573
vtmscc,qp50,2397c73f8feeb8f630fe055da5551c671794afae80528e8612dc62fc0cf61294,25.380500049350452,0.904930591583252,0.3580236894681173,0.3902569184408468,0.24432999193668364,1.2537181986711512,0.6313141298394845,0.1809052675962448,188.37807557349112
vtmscc,qp50,a2a946cc516f9eec0f141da3c31a96df94fe342c651af46f0d38f6c04400323a,25.33769926827022,0.8593615293502808,0.3808545457527918,0.455187989070135,0.2641930034931968,1.18702046013819,0.5766374588151274,0.09093411266803741,190.24376579733456
vtm420,qp46,0369d229ba4c9965d5caeb38c359a027a810968eee930b81520b604e76b4df14,31.120137864655582,0.9299248456954956,0.2609129812349291,0.45284152933779886,0.2284362100503024,0.6952461600843478,0.3986115561914624,0.20757684111595154,50.24196011412378
vtm420,qp50,da52c4f66dc00c2f381e8475fbf8a7aa2c5433a9c59cc175646c62e02892faf7,21.025141382673027,0.876323401927948,0.4233466666410951,0.5076002865153201,0.2558136135339737,2.7738376087095866,1.4298127726555143,0.27014464139938354,513.5304762896369
vtmscc,qp50,c9510efb03d1852c29ecad84cc0558768728681a3b9b04eae0dbbd9be142dd95,27.613046840836645,0.9130856394767761,0.2759722721927306,0.4309108228367918,0.20027802902109482,0.623537238942365,0.2661948682159381,0.13640999794006348,112.66153827742035
vtm420,qp46,2a760bf1ccea6998be3890dcc2371b23f35fe3006562884b45bc534a621d5c12,35.675323021828746,0.9767885208129883,0.1844335762334281,0.18045341429011574,0.15161014219810223,0.16747238939025472,0.0784540274997421,0.5566387176513672,17.6014342910942
vtm420,qp46,1cba10ad9bb4ced57e42f7656c5f2a58d32dc6bad084957d2f8d1c78e0fcd224,33.583195079971404,0.9421795606613159,0.3042434839875374,0.44546134726515096,0.27422424977265514,0.4065020025102485,0.2400479571308632,0.09977389127016068,28.494487676034083
vtm420,qp46,50d13125b665e0c4c1673264807bfc3cc7a217819329696843fea4c69aff8b91,32.96062443333171,0.9718002080917358,0.09030890121699914,0.14863714011495605,0.14978305855218102,0.17499575913768353,0.0847595572060466,0.4702756702899933,32.88651984719669
vtm420,qp46,0d154749c7771f58e89ad343653ec4e20d6f037da829f47f5598e5d0a4ab61f0,27.126496279630473,0.8283295631408691,0.6243066014612422,0.5953607895795037,0.3112639095853357,1.1105786508814108,0.6955791056321018,0.3644171953201294,126.01746323529412
vtm420,qp46,1b4ad095795ac552b38a21d51be7bfaee8e7d0a70619d84767814321df4ed062,27.89152703548247,0.8598126173019409,0.5026534058545765,0.5582095721834585,0.30925184880432327,0.7793365503239089,0.45120212547946986,0.19528667628765106,105.66414843107525
vtmscc,qp50,ff32adfa29d4b5de26293352f53cc983d12d3ededd71fe65ca0ef0d887be65c4,26.316329289169182,0.8842552900314331,0.3102005250313703,0.4138673559707754,0.20648465507170732,0.8867279466057078,0.41252673695074515,0.10954966396093369,151.86141142003677
vtm420,qp46,4ebc0e6c463bcf8ada38673c268aae56d44864347fd74b81a9fb5659bf96a010,28.912764838974816,0.8946986198425293,0.489000342085081,0.5560068694984212,0.24270539231160107,0.8739629388490625,0.5319719232071898,0.286035418510437,83.52257534849878
vtm420,qp46,8426ed2245c791232862b0a0b2a62a1f17031e8e6e38921fe939df0b3a05ac41,35.36266399790435,0.9515008926391602,0.35340514220297337,0.46218695119023323,0.26621053740382195,0.2891554134446679,0.17688209186849013,0.12049134820699692,18.915331681569416
vtmscc,qp50,86127fbdb368eb28c3039cf61aff1c4cfdc4ade24070c8f2389968d5ead681e1,22.5277381540989,0.8147116899490356,0.4268153445398221,0.5534464250333974,0.28381252191105827,2.248895695314816,1.1231439863397716,0.16728998720645905,363.33442279419614
vtm420,qp46,2684452db505ddbbb53f42a3f3bcfe86fdd0d6d8d98c029db4b4c6fc1f55b750,27.774152791554293,0.8963031768798828,0.37825287856599865,0.46803305280559204,0.2516301542520523,1.042372221337342,0.5162241937722634,0.3931749761104584,108.5588119207644
vtmscc,qp50,50fe4c3d47d864858e1aaa60fecef5c453b4e18d2b368718eeb5c1e249e0c902,22.59114668104575,0.8831093311309814,0.4453201179887042,0.4576951129201018,0.23766889285158227,1.9823469722490878,0.9468232763599872,0.3748197555541992,358.0681502730758
vtmscc,qp50,608cb09e6ffc66d4bc838d4088bf4c0ab889d7e83d4f5d78805cbc4497e432a1,23.253338780425775,0.8104109168052673,0.5115225512315246,0.547487745974578,0.2608605769335055,2.20639569437773,1.1679035829508226,0.07635816931724548,307.43016830145143
vtm420,qp46,07b9f93f170a0381836bdf301280a5b80b2c4be6e66f793a3c335dc200fb4e5b,25.948239773522964,0.9043946266174316,0.41252114562427294,0.4899421132662717,0.23026304858572344,0.9024466621112129,0.4764865873852576,0.41934651136398315,165.2937313304228
vtm420,qp46,bb7344a2ba499b2d48b891abee1b903dc17d265437ac57028b5999b6cd5bcdc4,30.44946494201124,0.9508275985717773,0.1545906481333077,0.18112014117650688,0.16439709812402725,0.50782012635716,0.2909926573416767,0.16472524404525757,58.63188632329305
vtmscc,qp50,02809272b4ca9b08af45771501b741296187c7e26907efb44abbbfcb6cd804f7,21.90626677396886,0.8439003825187683,0.4253704561030163,0.5116739139837377,0.24432352255372441,2.077879468322841,1.0708033554168113,0.16971971094608307,419.2312842275582
vtm420,qp46,2397c73f8feeb8f630fe055da5551c671794afae80528e8612dc62fc0cf61294,27.207416628691806,0.9365178346633911,0.29096254566136526,0.34805353958817087,0.1953316685031442,0.8707449499839599,0.4003307846365957,0.28494933247566223,123.69117012771906
vtm420,qp46,a2a946cc516f9eec0f141da3c31a96df94fe342c651af46f0d38f6c04400323a,27.019513894895255,0.902401328086853,0.30705585069954394,0.4133134068811641,0.2210597781574025,0.8410562928867013,0.373898412268739,0.15504111349582672,129.16027808095893
vtm420,qp46,c9510efb03d1852c29ecad84cc0558768728681a3b9b04eae0dbbd9be142dd95,29.488068504800626,0.9418014883995056,0.21662491875536302,0.3861134294201346,0.17262393113444832,0.4427932495287604,0.1791536075429218,0.26759445667266846,73.15996859681373
vtmscc,qp50,a365e6541bab5c0f4e01bf43a0c3a655d88292a8ac45403a889c308d11854555,21.741162950647013,0.8171150088310242,0.4994380996507757,0.5286920731558519,0.26443651125711554,1.9581669277302247,0.9956854459704302,0.1648976057767868,435.47584025065106
vtm420,qp46,e0d8e29cadfc99663c7d1a4a5afe20c454ec54d0d873776ec397c59405c74790,29.525837356040896,0.9164923429489136,0.4169679971302257,0.4594745562357061,0.28043973182930665,0.5324851185488395,0.31247173201225975,0.17716877162456512,72.52648423138787
vtmscc,qp50,d0208a1e9b4fde642b9752da2907d82d5b530a6e2e6e18ef71d5524a92d1cf9a,21.218172433270958,0.7384988069534302,0.7183989780790666,0.5977220498463687,0.28156780232401457,1.752643662805135,1.0286806472610004,0.3891005516052246,491.2053830614277
vtmscc,qp50,eda6d42794b0d0140628fa90fc0c14a7ba88159b8474d0077027c32ee2ddf6f0,23.272568223817945,0.8599338531494141,0.5288792619226026,0.5577924875359909,0.24534111192413405,1.9402174257271576,1.0029629328993226,0.2098146378993988,306.0719556621477
vtm420,qp46,f67f11de4ca9ebda3db52c41fd3d26c3105687b2d37571e54631a1e4486d0b30,33.616572108286185,0.9416497945785522,0.26512445947703195,0.40618255047821533,0.21353345495813034,0.45731371734282006,0.3076209434979226,0.18811503052711487,28.276337068844466
vtmscc,qp50,79b1bb29124f590c2e99e6c71c18affe25115d594a821cadc58bf24bf94dae8d,22.678463943476274,0.8856649398803711,0.30599014908075334,0.45862193703651427,0.23838239014148713,1.8317116598034318,0.8117493125208618,0.2703001797199249,350.9408846537272
vtm420,qp46,02809272b4ca9b08af45771501b741296187c7e26907efb44abbbfcb6cd804f7,24.157630736773847,0.9042288661003113,0.3052711208953577,0.4226682911900913,0.1948796156574698,1.2184687108217345,0.533041584792765,0.4078103005886078,249.6417895747166
vtm420,qp46,581048154e3c4b579c79155742dcf643c18b9bb47782aca7f0768eff185bc32e,24.877479661192787,0.8641332387924194,0.582349786391625,0.553914623764845,0.2596455000259064,1.2778815794193048,0.6932420188680863,0.2196274995803833,211.51072541959994
vtm420,qp46,608cb09e6ffc66d4bc838d4088bf4c0ab889d7e83d4f5d78805cbc4497e432a1,24.822975510883943,0.8707863688468933,0.4115714641178356,0.48491085160012337,0.21687910720413806,1.5513114780706911,0.7585168791771121,0.1417510062456131,214.18192116731132
vtm420,qp46,ff32adfa29d4b5de26293352f53cc983d12d3ededd71fe65ca0ef0d887be65c4,27.993096917369378,0.9198036193847656,0.2525234218029415,0.3659109201063128,0.17240584545275744,0.671971670688045,0.29947648587384174,0.2971390187740326,103.22161960975797
vtm420,qp46,86127fbdb368eb28c3039cf61aff1c4cfdc4ade24070c8f2389968d5ead681e1,24.587766534496293,0.8939980268478394,0.30832640802273986,0.46792409654523504,0.232967346906662,1.47453444883047,0.6772572478660268,0.38174477219581604,226.10163737646218
vtmscc,qp46,1cba10ad9bb4ced57e42f7656c5f2a58d32dc6bad084957d2f8d1c78e0fcd224,33.793268716942364,0.9428204298019409,0.3010760447173153,0.44414022977201684,0.2693533545848235,0.4081346863323563,0.24155818291769787,0.10044144093990326,27.14897822407843
vtmscc,qp46,2a760bf1ccea6998be3890dcc2371b23f35fe3006562884b45bc534a621d5c12,36.22094843204314,0.9777332544326782,0.18238811516042414,0.18167162648048893,0.15054285731808892,0.16115876016894407,0.0758742852389504,0.5740028023719788,15.523352436635687
vtmscc,qp46,0369d229ba4c9965d5caeb38c359a027a810968eee930b81520b604e76b4df14,31.485545750220933,0.9328963160514832,0.2557442483437412,0.44987942260854386,0.22341377612422494,0.6888900073785839,0.3941856165475303,0.1675090342760086,46.18764145795037
vtmscc,qp50,b0b3744cc6b5ad6426b1ac02909b4389ea7fc4140d72a888ccdfb21f573a6db4,21.177089047770142,0.8447012901306152,0.4227438874104444,0.4878827906706754,0.22323525355142707,1.5538214707997908,0.8171494113580045,0.5502755641937256,495.87413521560967
vtm420,qp46,50fe4c3d47d864858e1aaa60fecef5c453b4e18d2b368718eeb5c1e249e0c902,24.235439120381507,0.9220535159111023,0.37548036523807193,0.4074549001676065,0.2055403290339458,1.5095169704207274,0.6876283814268466,0.47066816687583923,245.20902406041023
vtmscc,qp46,0d154749c7771f58e89ad343653ec4e20d6f037da829f47f5598e5d0a4ab61f0,27.18945022428256,0.8295654654502869,0.6201774428872501,0.5957523621180478,0.31044715257251965,1.1050690461093675,0.6917560765014057,0.36257654428482056,124.20393018535539
vtm420,qp46,79b1bb29124f590c2e99e6c71c18affe25115d594a821cadc58bf24bf94dae8d,24.423489763030574,0.9165717363357544,0.22987111061811447,0.40589275062084196,0.1942444533109665,1.2263365983123093,0.5004307408443973,0.46779757738113403,234.817999903361
vtmscc,qp46,1b4ad095795ac552b38a21d51be7bfaee8e7d0a70619d84767814321df4ed062,28.040140859745325,0.8655405044555664,0.4874451795690938,0.5522363483905792,0.3008841989856017,0.7685292993736719,0.4443488915680474,0.18481850624084473,102.109529461777
vtmscc,qp46,50d13125b665e0c4c1673264807bfc3cc7a217819329696843fea4c69aff8b91,33.006312700082326,0.9716197848320007,0.09110243857071242,0.14789765030419563,0.14721420494949117,0.1728746894156552,0.08556988453543453,0.45279890298843384,32.54236342486213
vtmscc,qp46,8426ed2245c791232862b0a0b2a62a1f17031e8e6e38921fe939df0b3a05ac41,35.57497624514823,0.9517389535903931,0.344334177672863,0.45839925296604633,0.2664736919105053,0.2891020064152414,0.17651846707850766,0.10593564063310623,18.01286260286967
vtmscc,qp46,4ebc0e6c463bcf8ada38673c268aae56d44864347fd74b81a9fb5659bf96a010,28.9783571475078,0.8950990438461304,0.48951884508132937,0.5541221976280213,0.24265747105374055,0.8761796741001115,0.5334672681599445,0.2743910551071167,82.27059649299173
vtmscc,qp50,da52c4f66dc00c2f381e8475fbf8a7aa2c5433a9c59cc175646c62e02892faf7,21.301526870269875,0.8821718096733093,0.39971932681167827,0.4899950053761987,0.24886404433671167,2.6862047020197624,1.377805017175449,0.21254567801952362,481.86754210229014
vtmscc,qp50,ebfd571f1c6824316047a29cb5f376eec15f56dd51821119c1842be068a8b950,24.613319366853833,0.970091700553894,0.08802895370172337,0.09633773565292358,0.09844478219747543,0.9048881661836365,0.5136258044191314,0.08058779686689377,224.7752162615458
vtm420,qp46,937476dd72f98638f34299dda5e9c252621b5e809c364692fc2934e000583286,20.646393250639015,0.861392617225647,0.29464077452818555,0.2416208560268084,0.09184058507283528,0.6793970393907026,0.4463420926865247,0.3934771716594696,560.3263366487291
vtm420,qp46,a365e6541bab5c0f4e01bf43a0c3a655d88292a8ac45403a889c308d11854555,23.522566664569425,0.8670324087142944,0.4124337367275182,0.4741164239890435,0.22576912886956158,1.4601013906338374,0.6892653670235318,0.2855997681617737,288.9506624109605
vtm420,qp46,eda6d42794b0d0140628fa90fc0c14a7ba88159b8474d0077027c32ee2ddf6f0,25.06518081641959,0.8990390300750732,0.443503455350212,0.5002333999556654,0.20358839163593218,1.3902594503266372,0.6913171983038101,0.39977729320526123,202.56400693008322
vtmscc,qp50,937476dd72f98638f34299dda5e9c252621b5e809c364692fc2934e000583286,18.60520501692417,0.7062275409698486,0.41942161569992703,0.281438401589791,0.17212572197119394,1.0597111598181073,0.7100356326719254,0.3407000005245209,896.5197455088297
vtm420,qp46,b0b3744cc6b5ad6426b1ac02909b4389ea7fc4140d72a888ccdfb21f573a6db4,22.71647792930957,0.8939427137374878,0.33255459043909524,0.43023956882603026,0.18391712115091435,1.0226750862946574,0.4918223519309096,0.7708240151405334,347.882488415288
vtm420,qp46,d0208a1e9b4fde642b9752da2907d82d5b530a6e2e6e18ef71d5524a92d1cf9a,22.603725524115564,0.8308320045471191,0.5772252007442362,0.5159291586455177,0.22149517956901998,1.1908580697035445,0.6283753719376645,0.54868084192276,357.03254729626224
vtm420,qp46,ebfd571f1c6824316047a29cb5f376eec15f56dd51821119c1842be068a8b950,27.889684426540388,0.9862821102142334,0.03660953202052042,0.054136785212904215,0.06089635565876961,0.3955510306191188,0.21376576189684426,0.5360187292098999,105.70898874600728
vtmscc,qp46,2684452db505ddbbb53f42a3f3bcfe86fdd0d6d8d98c029db4b4c6fc1f55b750,27.89264825291273,0.8984810709953308,0.37256634691182305,0.4638086979880052,0.24044347475556765,1.0301242725057658,0.5093229140232044,0.3529859185218811,105.63687265433518
vtmscc,qp46,bb7344a2ba499b2d48b891abee1b903dc17d265437ac57028b5999b6cd5bcdc4,30.597686573134396,0.9525431990623474,0.153154173924122,0.1738766508642584,0.15128961950540543,0.49221540805524455,0.27977850541598637,0.16304746270179749,56.66458384195963
vtmscc,qp46,f67f11de4ca9ebda3db52c41fd3d26c3105687b2d37571e54631a1e4486d0b30,34.05997886938829,0.944406270980835,0.26464663862305526,0.4059789657008414,0.21303502689389622,0.453802895129623,0.30587409379690605,0.17657923698425293,25.53186114940768
vtmscc,qp46,e0d8e29cadfc99663c7d1a4a5afe20c454ec54d0d873776ec397c59405c74790,29.62294319409807,0.9175621271133423,0.41400309086722487,0.45194363953436123,0.2746687112485661,0.5288625872940101,0.30957090321385133,0.1814284324645996,70.92282750746783
vtmscc,qp46,c9510efb03d1852c29ecad84cc0558768728681a3b9b04eae0dbbd9be142dd95,30.053758691942605,0.9460725784301758,0.20082989948637345,0.37399568233419866,0.16697983163244584,0.42372392298955974,0.16974569324733985,0.2581252157688141,64.22505600873161
vtm420,qp43,0369d229ba4c9965d5caeb38c359a027a810968eee930b81520b604e76b4df14,32.22446621393475,0.9435170888900757,0.2252352067214601,0.4340096859370961,0.20579038314959583,0.5792836172819146,0.31221363452466305,0.2731286585330963,38.96132692823223
vtmscc,qp46,2397c73f8feeb8f630fe055da5551c671794afae80528e8612dc62fc0cf61294,27.451434963588916,0.9411649107933044,0.27448213030310237,0.3385178150499568,0.1906345348147785,0.819231978010974,0.3781776903909363,0.32824254035949707,116.9329387589997
vtm420,qp46,da52c4f66dc00c2f381e8475fbf8a7aa2c5433a9c59cc175646c62e02892faf7,23.234279401385216,0.9281949996948242,0.28424770946011824,0.4040843171231887,0.1873000986435834,1.77182661632426,0.8280733133727425,0.3650929927825928,308.7823163200827
vtmscc,qp46,07b9f93f170a0381836bdf301280a5b80b2c4be6e66f793a3c335dc200fb4e5b,26.162579103721143,0.9094065427780151,0.409450263486189,0.48439026825568254,0.2279031934107051,0.8896465590280914,0.4681099080709341,0.44809913635253906,157.3339515835631
vtm420,qp43,1cba10ad9bb4ced57e42f7656c5f2a58d32dc6bad084957d2f8d1c78e0fcd224,34.54270143260708,0.9504989385604858,0.2882816998866721,0.435990300355027,0.2527707473745624,0.36445244977348523,0.2095810912095543,0.16065724194049835,22.846002375037926
vtm420,qp43,2a760bf1ccea6998be3890dcc2371b23f35fe3006562884b45bc534a621d5c12,37.704812311959046,0.9822397232055664,0.1675327404819686,0.1613395637993155,0.13082596351360454,0.1324406282590307,0.06294129239752316,0.7095084190368652,11.030599835275234
vtmscc,qp46,ff32adfa29d4b5de26293352f53cc983d12d3ededd71fe65ca0ef0d887be65c4,28.594716511372397,0.9272493124008179,0.23340181195560625,0.35042797905557294,0.16270031683585223,0.6416782256085124,0.28320894033603256,0.3456783890724182,89.86875179515165
vtm420,qp43,0d154749c7771f58e89ad343653ec4e20d6f037da829f47f5598e5d0a4ab61f0,28.149883008005578,0.8770450949668884,0.5618906394523733,0.5491655265583711,0.2750790655612946,0.9234068008402627,0.5710772390784093,0.5622062683105469,99.56164419136795
vtmscc,qp46,a2a946cc516f9eec0f141da3c31a96df94fe342c651af46f0d38f6c04400323a,27.418028892574156,0.908621072769165,0.29369579864775436,0.4058417819878634,0.2142540255013634,0.8167849238547894,0.361845757022946,0.14471818506717682,117.83585887235753
vtm420,qp43,1b4ad095795ac552b38a21d51be7bfaee8e7d0a70619d84767814321df4ed062,28.899915908115158,0.8960756659507751,0.4478428771621303,0.5147764086723328,0.26589480669874893,0.622908642567513,0.341250229319956,0.29182764887809753,83.77004911188493
vtm420,qp43,50d13125b665e0c4c1673264807bfc3cc7a217819329696843fea4c69aff8b91,34.36755085777492,0.9761397838592529,0.07381671635872301,0.14066189014736344,0.13412172864465152,0.13101373812002115,0.05767979187539442,0.5566719174385071,23.786211440142463
vtm420,qp43,4ebc0e6c463bcf8ada38673c268aae56d44864347fd74b81a9fb5659bf96a010,30.054759226244443,0.9243769645690918,0.45817718505859373,0.5228744806612239,0.21343074546140783,0.7844133103309212,0.4758198402918497,0.40181824564933777,64.21026144588694
vtm420,qp43,8426ed2245c791232862b0a0b2a62a1f17031e8e6e38921fe939df0b3a05ac41,36.39659916659647,0.9592167735099792,0.33012815937399864,0.4507116377353668,0.24460626393556595,0.25470495648048086,0.15281777223163537,0.1713564693927765,14.908036390940348
vtmscc,qp46,581048154e3c4b579c79155742dcf643c18b9bb47782aca7f0768eff185bc32e,24.94885788399186,0.8658315539360046,0.5753193672869231,0.5479040380035128,0.252416125693164,1.2634720846561343,0.6846174884132212,0.2388390600681305,208.0628640870035
vtm420,qp43,2684452db505ddbbb53f42a3f3bcfe86fdd0d6d8d98c029db4b4c6fc1f55b750,29.17402195069828,0.920082688331604,0.32024743044201065,0.4257284947177943,0.2202750639003866,0.8395259859037276,0.3984123812555344,0.5540871024131775,78.64627649643842
vtm420,qp43,07b9f93f170a0381836bdf301280a5b80b2c4be6e66f793a3c335dc200fb4e5b,27.320897839871026,0.9295522570610046,0.35003613137147005,0.44633980226867337,0.19247738754048066,0.6736788098477358,0.3398478787470273,0.5648754239082336,120.50097943474265
vtm420,qp43,2397c73f8feeb8f630fe055da5551c671794afae80528e8612dc62fc0cf61294,28.873696371179264,0.9572010040283203,0.22228276186129625,0.30364497251370376,0.15910920728655423,0.5808655855866124,0.2502924173077742,0.47458553314208984,84.2773213704427
vtmscc,qp46,86127fbdb368eb28c3039cf61aff1c4cfdc4ade24070c8f2389968d5ead681e1,24.65496925608898,0.8948215246200562,0.3001780894691827,0.46101295593820635,0.2279804400244697,1.4450337572258727,0.6638294383797575,0.4002968966960907,222.62987130587217
vtmscc,qp46,608cb09e6ffc66d4bc838d4088bf4c0ab889d7e83d4f5d78805cbc4497e432a1,25.31806920234308,0.8814998865127563,0.39390523907016306,0.4735087404648463,0.21391460766979292,1.4780110892761156,0.7200819582128472,0.13267403841018677,191.10561196320975
vtm420,qp43,bb7344a2ba499b2d48b891abee1b903dc17d265437ac57028b5999b6cd5bcdc4,32.343620392942334,0.966758131980896,0.11577438050881028,0.14843899221159518,0.1271100416779518,0.3458624983499021,0.18843291157413972,0.2615336775779724,37.906904538472496
vtmscc,qp46,50fe4c3d47d864858e1aaa60fecef5c453b4e18d2b368718eeb5c1e249e0c902,24.485741539219696,0.9264782667160034,0.36484348369233405,0.3996654302801615,0.19664392371972403,1.4641574491777893,0.662238690338791,0.5071783065795898,231.4761268395946
vtm420,qp43,a2a946cc516f9eec0f141da3c31a96df94fe342c651af46f0d38f6c04400323a,28.664067224762242,0.9306761622428894,0.24134359094588195,0.3705531853963347,0.18552104374941658,0.6020346988233078,0.25076748939203586,0.19760681688785553,88.44507171032475
vtm420,qp43,c9510efb03d1852c29ecad84cc0558768728681a3b9b04eae0dbbd9be142dd95,31.245638410513642,0.9584454894065857,0.17366789973833982,0.34683951621546466,0.14484895187265734,0.32993706710088905,0.12801828220462438,0.38907718658447266,48.81086677102481
vtm420,qp43,02809272b4ca9b08af45771501b741296187c7e26907efb44abbbfcb6cd804f7,25.98051862215248,0.9363762736320496,0.22455200539792286,0.35024200660340926,0.15667326678248011,0.8010779070414815,0.3219312474903729,0.5677680969238281,164.06974331724876
vtm420,qp43,f67f11de4ca9ebda3db52c41fd3d26c3105687b2d37571e54631a1e4486d0b30,34.53246055342663,0.9484607577323914,0.2517854709397344,0.39904525021419807,0.19632156631525824,0.4207412860459519,0.27674940472941617,0.2306290864944458,22.899937947591145
vtm420,qp43,e0d8e29cadfc99663c7d1a4a5afe20c454ec54d0d873776ec397c59405c74790,30.814294943789125,0.9387311935424805,0.36955225686816606,0.4312310657080482,0.24473563011954813,0.41525435395352117,0.2178321451200868,0.263563871383667,53.90770790249694
vtmscc,qp46,79b1bb29124f590c2e99e6c71c18affe25115d594a821cadc58bf24bf94dae8d,24.776534889299555,0.9229470491409302,0.21800680086016655,0.39635881036520004,0.18468445241451265,1.1414078598474133,0.4499949763524701,0.4610426127910614,216.4845324198405
vtm420,qp43,581048154e3c4b579c79155742dcf643c18b9bb47782aca7f0768eff185bc32e,26.14152323944987,0.9027540683746338,0.4979697682045318,0.5045664825446003,0.22780082039125674,1.0172998688297281,0.5305654412705664,0.28163301944732666,158.0986046424279
vtmscc,qp46,02809272b4ca9b08af45771501b741296187c7e26907efb44abbbfcb6cd804f7,24.317316298702796,0.9076842069625854,0.29255003333091734,0.41358896730577244,0.18780403978684368,1.187715766762331,0.5160588150902743,0.4740476608276367,240.62942373238357
vtmscc,qp46,eda6d42794b0d0140628fa90fc0c14a7ba88159b8474d0077027c32ee2ddf6f0,25.222460194252513,0.9013749361038208,0.4342315058205642,0.493081763678906,0.1970722429892596,1.3623301980361586,0.6730621042933976,0.41540294885635376,195.35941289764602
vtm420,qp43,86127fbdb368eb28c3039cf61aff1c4cfdc4ade24070c8f2389968d5ead681e1,26.239789880154618,0.9309426546096802,0.23479269481584675,0.4019073477533997,0.19707538285216347,1.0392938289558693,0.4542122540876102,0.535977303981781,154.561517434042
vtmscc,qp46,a365e6541bab5c0f4e01bf43a0c3a655d88292a8ac45403a889c308d11854555,23.62805432817555,0.8695955276489258,0.410350220255992,0.4705100261113223,0.22033757059013143,1.4408009021863109,0.679864965983081,0.2557471692562103,282.0167659983915
vtm420,qp43,79b1bb29124f590c2e99e6c71c18affe25115d594a821cadc58bf24bf94dae8d,26.10541450827153,0.93803870677948,0.1760330505669117,0.35942820459604263,0.15806095600128173,0.8585032464723781,0.33452749936069104,0.6131870150566101,159.4185703277588
vtm420,qp43,50fe4c3d47d864858e1aaa60fecef5c453b4e18d2b368718eeb5c1e249e0c902,25.720368706187188,0.9460811614990234,0.30462539655926785,0.35593745875873684,0.16570538907875249,1.10976596896221,0.48016591299305345,0.5678039193153381,174.19813066647376
vtm420,qp43,608cb09e6ffc66d4bc838d4088bf4c0ab889d7e83d4f5d78805cbc4497e432a1,26.423368467875544,0.911026656627655,0.33509882897430776,0.4254867592278649,0.18444498000191709,1.1219782114881038,0.5250126313372805,0.21622900664806366,148.1642797133502
vtm420,qp43,ff32adfa29d4b5de26293352f53cc983d12d3ededd71fe65ca0ef0d887be65c4,29.587234505506544,0.9424630403518677,0.20054314235115753,0.3189205000943997,0.14601113831295687,0.5211758322798486,0.22498235103869751,0.49778273701667786,71.50837522020527
vtmscc,qp43,2a760bf1ccea6998be3890dcc2371b23f35fe3006562884b45bc534a621d5c12,38.2007940944594,0.9839229583740234,0.16553191172665563,0.1588929558237051,0.12801795940974664,0.12994785696799457,0.061825293673313034,0.7003533244132996,9.840132614661908
vtmscc,qp43,1cba10ad9bb4ced57e42f7656c5f2a58d32dc6bad084957d2f8d1c78e0fcd224,34.72509444960672,0.9514518976211548,0.28612954132439733,0.4341691231843337,0.2511748085612232,0.3627779225527225,0.206956871784614,0.1673305332660675,21.90639508194908
vtmscc,qp43,0369d229ba4c9965d5caeb38c359a027a810968eee930b81520b604e76b4df14,32.572708523575066,0.947039008140564,0.21692981169942546,0.42802799195051194,0.20039501803762771,0.5623493268464094,0.30102600287831693,0.2529331147670746,35.959157547296265
vtmscc,qp46,b0b3744cc6b5ad6426b1ac02909b4389ea7fc4140d72a888ccdfb21f573a6db4,23.107469885020873,0.9052214026451111,0.31832361545632865,0.4166709104005028,0.18079291739884545,0.96816729502746,0.46477493195530745,0.7407914400100708,317.93136333390777
vtmscc,qp43,50d13125b665e0c4c1673264807bfc3cc7a217819329696843fea4c69aff8b91,34.54484000504522,0.9795337915420532,0.07203017817091142,0.13724902459584615,0.12664756845025454,0.12981693068392802,0.05651986087861337,0.5500362515449524,22.834755213120406
vtmscc,qp46,ebfd571f1c6824316047a29cb5f376eec15f56dd51821119c1842be068a8b950,28.1292707258106,0.988327145576477,0.03087720222538337,0.05011037574149668,0.05602113902568817,0.29309477782366367,0.15136862819948899,0.520817756652832,100.03530216217041
vtm420,qp43,937476dd72f98638f34299dda5e9c252621b5e809c364692fc2934e000583286,22.719868829655894,0.9299805164337158,0.15251199466486773,0.17806085695823035,0.04486114780108134,0.368040768313828,0.2307740497631708,0.48345670104026794,347.6109734641181
vtmscc,qp43,8426ed2245c791232862b0a0b2a62a1f17031e8e6e38921fe939df0b3a05ac41,36.664595929859956,0.959335207939148,0.3219239804893732,0.44679122045636177,0.24551495909690857,0.25778359714012566,0.15442904124547138,0.1440444141626358,14.015892823537191
vtm420,qp43,a365e6541bab5c0f4e01bf43a0c3a655d88292a8ac45403a889c308d11854555,25.078821261103087,0.9034105539321899,0.33131375141880093,0.42052617064293696,0.18342129219980802,1.0936380574653037,0.4943716072154498,0.4205700755119324,201.9287862141927
vtmscc,qp46,937476dd72f98638f34299dda5e9c252621b5e809c364692fc2934e000583286,20.644860131320392,0.8618268966674805,0.28624428311983746,0.24066933244466782,0.09275628626346588,0.6679482584489355,0.4379009473058247,0.3941986858844757,560.524174478319
vtmscc,qp43,4ebc0e6c463bcf8ada38673c268aae56d44864347fd74b81a9fb5659bf96a010,30.14212711786164,0.9250352382659912,0.45482920197879567,0.5221342800294652,0.21208276836311116,0.7805480670366786,0.4738755748952784,0.38613253831863403,62.93143705480239
vtmscc,qp46,d0208a1e9b4fde642b9752da2907d82d5b530a6e2e6e18ef71d5524a92d1cf9a,22.74194949751836,0.8376705646514893,0.5713120897026623,0.5076797551968518,0.21937419719555798,1.1729146906310395,0.617787478681392,0.568268895149231,345.84811353496474
vtmscc,qp43,0d154749c7771f58e89ad343653ec4e20d6f037da829f47f5598e5d0a4ab61f0,28.189692316806173,0.8773034811019897,0.5565275179112659,0.5477481763152515,0.2748935382155811,0.9203378888673743,0.569573299515223,0.5732377767562866,98.65318914675245
vtmscc,qp46,da52c4f66dc00c2f381e8475fbf8a7aa2c5433a9c59cc175646c62e02892faf7,23.6042861472014,0.9336956739425659,0.2646791679894223,0.3826941050150815,0.17498697743696326,1.681602767852575,0.7810689715206206,0.3600250482559204,283.56442583869483
vtm420,qp43,b0b3744cc6b5ad6426b1ac02909b4389ea7fc4140d72a888ccdfb21f573a6db4,24.293448125707855,0.9276514053344727,0.25613203241544613,0.37664855183923945,0.15573250353336335,0.6856109320510286,0.31284660561690086,0.8683719038963318,241.95552763097427
vtm420,qp43,ebfd571f1c6824316047a29cb5f376eec15f56dd51821119c1842be068a8b950,30.384577532129615,0.9923037886619568,0.02150413632625714,0.03525591915240511,0.04217886924743652,0.177981978650527,0.08675226323703156,0.6959500312805176,59.51447510719299
vtmscc,qp43,1b4ad095795ac552b38a21d51be7bfaee8e7d0a70619d84767814321df4ed062,29.012839609303814,0.8995358943939209,0.43765653042416824,0.5105623971474799,0.2589425350490369,0.6186990766818901,0.3408252287915989,0.2810755670070648,81.61996419806229
vtmscc,qp43,f67f11de4ca9ebda3db52c41fd3d26c3105687b2d37571e54631a1e4486d0b30,34.87276757439802,0.9504033923149109,0.25414168668509113,0.4011097607367179,0.19713223068153157,0.42426420841102397,0.2836667542102916,0.2203671783208847,21.174033869325726
vtm420,qp43,eda6d42794b0d0140628fa90fc0c14a7ba88159b8474d0077027c32ee2ddf6f0,26.54502931200613,0.9210628867149353,0.3850122722340565,0.4585048442377764,0.1720165896649454,1.0779662255907383,0.5381416139664055,0.5899823904037476,144.07128497354344
vtmscc,qp43,bb7344a2ba499b2d48b891abee1b903dc17d265437ac57028b5999b6cd5bcdc4,32.548127720008864,0.9686514735221863,0.10973380552604795,0.14497396245133132,0.12187989056110382,0.33078916737485997,0.17711991962488266,0.2469272017478943,36.1632612546285
vtm420,qp43,d0208a1e9b4fde642b9752da2907d82d5b530a6e2e6e18ef71d5524a92d1cf9a,23.995456075116333,0.8848898410797119,0.43469499682678897,0.44066479433985317,0.17252133681493648,0.8057062365612878,0.38525929153150995,0.651319146156311,259.1401783662684
vtmscc,qp43,e0d8e29cadfc99663c7d1a4a5afe20c454ec54d0d873776ec397c59405c74790,30.874225059858475,0.9386346340179443,0.3668143604608143,0.42977074805428,0.2437595092198428,0.41673113290472924,0.21839591985808027,0.2760956287384033,53.16892197552849
vtmscc,qp43,2684452db505ddbbb53f42a3f3bcfe86fdd0d6d8d98c029db4b4c6fc1f55b750,29.35219438045015,0.9232597351074219,0.30740230697042803,0.41899590141632975,0.2131396728403428,0.8112581894625852,0.3818189725348972,0.5008015632629395,75.48504578833486
vtm420,qp43,da52c4f66dc00c2f381e8475fbf8a7aa2c5433a9c59cc175646c62e02892faf7,24.978538407828374,0.953098475933075,0.2024215568514431,0.3312988390817362,0.1425904251196805,1.1924011417602849,0.5133409700739192,0.5159388184547424,206.6457701439951
vtmscc,qp43,c9510efb03d1852c29ecad84cc0558768728681a3b9b04eae0dbbd9be142dd95,31.854511752528367,0.962129533290863,0.1623405021341408,0.33728572980445976,0.14134225336944356,0.31424872561717404,0.12134898608003139,0.36344584822654724,42.425716504863665
vtm420,qp40,0369d229ba4c9965d5caeb38c359a027a810968eee930b81520b604e76b4df14,33.192356314916786,0.9544413089752197,0.1930876303025905,0.4126070628271383,0.18052432466955745,0.45203850353058517,0.22735257976533527,0.3581083416938782,31.17774706073836
vtm420,qp40,1cba10ad9bb4ced57e42f7656c5f2a58d32dc6bad084957d2f8d1c78e0fcd224,35.32854044965554,0.9581465125083923,0.2664281520811678,0.4224226276562052,0.2262392245160723,0.3109014724916845,0.17323386426357473,0.22608938813209534,19.064539344565382
vtm420,qp40,2a760bf1ccea6998be3890dcc2371b23f35fe3006562884b45bc534a621d5c12,39.07485309696868,0.9861879348754883,0.14813764412598363,0.14898428783334536,0.11178202207746177,0.11027216177638793,0.04793905453959805,0.7673061490058899,8.046278328731143
vtmscc,qp43,ff32adfa29d4b5de26293352f53cc983d12d3ededd71fe65ca0ef0d887be65c4,30.206512250226275,0.9478697776794434,0.1872648155207143,0.31019783769460285,0.13637556118123673,0.5029741204300535,0.2163650135862981,0.4952529966831207,62.005346081303614
vtmscc,qp43,2397c73f8feeb8f630fe055da5551c671794afae80528e8612dc62fc0cf61294,29.17809820585473,0.9595679044723511,0.21540140264174518,0.29851121271357817,0.15199953159865212,0.5534984733373631,0.23431838852523704,0.464313268661499,78.57249432732077
vtmscc,qp43,07b9f93f170a0381836bdf301280a5b80b2c4be6e66f793a3c335dc200fb4e5b,27.56404541056396,0.9336584806442261,0.3455452747204725,0.4420404283439412,0.19170358005691976,0.6583701347954689,0.3316688153321734,0.5708792805671692,113.93989628810509
vtmscc,qp43,a2a946cc516f9eec0f141da3c31a96df94fe342c651af46f0d38f6c04400323a,29.13199971570456,0.9358314275741577,0.23083692263154423,0.36616176428163755,0.1857462688403971,0.5745206367862805,0.2361589507815502,0.18429623544216156,79.41094958735447
vtm420,qp40,50d13125b665e0c4c1673264807bfc3cc7a217819329696843fea4c69aff8b91,36.058586967207596,0.9817209243774414,0.053382526724325384,0.12746353614527514,0.10977414565927843,0.08464346617171944,0.033869703847309335,0.7105068564414978,16.11467919443168
vtm420,qp40,1b4ad095795ac552b38a21d51be7bfaee8e7d0a70619d84767814321df4ed062,30.099785581460328,0.9255156517028809,0.3679140351320568,0.4627441018819809,0.2202224739288029,0.44888348526664185,0.23394642935823337,0.4320371747016907,63.54798768696032
vtm420,qp40,0d154749c7771f58e89ad343653ec4e20d6f037da829f47f5598e5d0a4ab61f0,29.106174443267363,0.9104926586151123,0.503877368569374,0.5101730750764117,0.24410256112323087,0.7733252139511773,0.4751587704019122,0.6798059344291687,79.88457270603554
vtm420,qp40,4ebc0e6c463bcf8ada38673c268aae56d44864347fd74b81a9fb5659bf96a010,31.064782520141524,0.9431171417236328,0.4274487009819816,0.4970936187926461,0.18979456389651578,0.7071683060635838,0.42912859880173154,0.4947511851787567,50.88644469018076
vtm420,qp40,8426ed2245c791232862b0a0b2a62a1f17031e8e6e38921fe939df0b3a05ac41,37.425347623346596,0.965766429901123,0.3069978654384613,0.4387085437774658,0.2266804538667202,0.22121149385579741,0.1308215124915457,0.22219671308994293,11.763744910558065
vtm420,qp40,2684452db505ddbbb53f42a3f3bcfe86fdd0d6d8d98c029db4b4c6fc1f55b750,30.45527326517727,0.9384204149246216,0.2625019402188413,0.3821529349860023,0.19143777279292837,0.6312047018735243,0.2864922574248861,0.7237170934677124,58.55352352366728
vtm420,qp40,2397c73f8feeb8f630fe055da5551c671794afae80528e8612dc62fc0cf61294,30.4334799913668,0.9681239128112793,0.1809662605252336,0.270965358264306,0.13281426464810092,0.40760110458082677,0.16585804649787197,0.6217448115348816,58.84808864219516
vtm420,qp40,07b9f93f170a0381836bdf301280a5b80b2c4be6e66f793a3c335dc200fb4e5b,28.750026783105827,0.9473616480827332,0.2797929004711263,0.4014066804857815,0.16201847704017863,0.4680043031579878,0.22869511332363368,0.7680116295814514,86.71169637044271
vtmscc,qp43,581048154e3c4b579c79155742dcf643c18b9bb47782aca7f0768eff185bc32e,26.21120084531439,0.9040919542312622,0.4932487874731913,0.498748643712683,0.2224587729344001,1.0071086118067707,0.5250217123070186,0.2573775351047516,155.58233184255522
vtmscc,qp43,86127fbdb368eb28c3039cf61aff1c4cfdc4ade24070c8f2389968d5ead681e1,26.291623776821645,0.931611180305481,0.22579441604311348,0.3927075848227642,0.18992828492258415,1.0069040502098314,0.43976576102271153,0.5285234451293945,152.72776035663207
vtmscc,qp43,608cb09e6ffc66d4bc838d4088bf4c0ab889d7e83d4f5d78805cbc4497e432a1,26.97602574897775,0.9190047979354858,0.32035525442630636,0.4149615327809371,0.17849824825922647,1.070846773954769,0.49866681721059053,0.1816452443599701,130.46012369791666
vtm420,qp40,02809272b4ca9b08af45771501b741296187c7e26907efb44abbbfcb6cd804f7,27.72296137951524,0.9571250677108765,0.17130627636523807,0.2928699377705069,0.1289047023829292,0.5362108691819445,0.20376913334243718,0.681146502494812,109.84599393956802
vtm420,qp40,bb7344a2ba499b2d48b891abee1b903dc17d265437ac57028b5999b6cd5bcdc4,34.066851064804624,0.9761461615562439,0.08762602088972926,0.13008585781790316,0.10601627826690674,0.23274051418189856,0.12005746611299026,0.3142375349998474,25.491491953531902
vtmscc,qp43,50fe4c3d47d864858e1aaa60fecef5c453b4e18d2b368718eeb5c1e249e0c902,26.004722540871484,0.9493491649627686,0.2972777610943641,0.3470822368507032,0.1595447615340904,1.0668970114059415,0.45439873135783143,0.5140827298164368,163.1578999586066
vtm420,qp40,a2a946cc516f9eec0f141da3c31a96df94fe342c651af46f0d38f6c04400323a,30.012101116550166,0.949501633644104,0.19255379282814614,0.3361414413241779,0.15983202211997088,0.43015096793381663,0.16904829335569987,0.25997093319892883,64.84406750248928
vtm420,qp40,c9510efb03d1852c29ecad84cc0558768728681a3b9b04eae0dbbd9be142dd95,32.497301428703956,0.9684452414512634,0.1500151449266602,0.32011179967838177,0.12894863836905535,0.2540873075282608,0.09803248682204725,0.4549108147621155,36.58897286209405
vtm420,qp40,f67f11de4ca9ebda3db52c41fd3d26c3105687b2d37571e54631a1e4486d0b30,35.20353070889885,0.9546434879302979,0.22169132366338196,0.37757429582815544,0.17575223714697594,0.33011590232655685,0.2045146634175807,0.24652571976184845,19.62127795250587
vtmscc,qp43,79b1bb29124f590c2e99e6c71c18affe25115d594a821cadc58bf24bf94dae8d,26.502843964658798,0.9424065947532654,0.1694477718323469,0.35026988983154295,0.1546553760766983,0.8031589135886179,0.30666029084603275,0.6365078091621399,145.4775452931722
vtm420,qp40,e0d8e29cadfc99663c7d1a4a5afe20c454ec54d0d873776ec397c59405c74790,32.40341333124445,0.9544247388839722,0.3090712480027886,0.40824577216716373,0.2154950464473051,0.31696766058189896,0.15178823759778376,0.3307597041130066,37.38858486998315
vtmscc,qp43,02809272b4ca9b08af45771501b741296187c7e26907efb44abbbfcb6cd804f7,26.16890352229423,0.9389946460723877,0.21518285866169368,0.34452051432693703,0.1511467621606939,0.7773620770669367,0.30931062626308675,0.5784907341003418,157.10500057444852
vtm420,qp40,608cb09e6ffc66d4bc838d4088bf4c0ab889d7e83d4f5d78805cbc4497e432a1,27.644481123098494,0.9331576228141785,0.2803225979647216,0.38015896607847777,0.15749200389665716,0.8373763659928598,0.3795149008909128,0.2930994927883148,111.8490368213529
vtm420,qp40,79b1bb29124f590c2e99e6c71c18affe25115d594a821cadc58bf24bf94dae8d,27.439317195990917,0.9495443105697632,0.1440361250191927,0.3270894795656204,0.13723860681056976,0.632514460037396,0.24996919650151792,0.7369288206100464,117.25966288248698
vtmscc,qp43,ebfd571f1c6824316047a29cb5f376eec15f56dd51821119c1842be068a8b950,30.798913437503373,0.9934892058372498,0.01871146826306358,0.03494302264880389,0.044049154967069626,0.13604514029425163,0.06496702112628387,0.6598829627037048,54.09897255897522
vtm420,qp40,86127fbdb368eb28c3039cf61aff1c4cfdc4ade24070c8f2389968d5ead681e1,27.905395901490678,0.9542238712310791,0.18050492280086533,0.3444604553648683,0.1690994496228265,0.7336371647407148,0.31711839851735646,0.6811992526054382,105.3272561662184
vtm420,qp40,ff32adfa29d4b5de26293352f53cc983d12d3ededd71fe65ca0ef0d887be65c4,30.73065171330704,0.9558272361755371,0.1676927210872664,0.28581917369190385,0.1216067166889415,0.40910166345280125,0.17185221317960248,0.626099169254303,54.95600944967831
vtmscc,qp43,937476dd72f98638f34299dda5e9c252621b5e809c364692fc2934e000583286,22.71443598736637,0.9299108386039734,0.15040499903261662,0.17698353653152785,0.04355527957280477,0.3588954550438454,0.2230400458767816,0.4675413966178894,348.04609235127765
vtmscc,qp43,a365e6541bab5c0f4e01bf43a0c3a655d88292a8ac45403a889c308d11854555,25.20905597368243,0.905958890914917,0.32873909841565524,0.41447353327975556,0.1821647495031357,1.0750644046356148,0.4829682587428256,0.41576728224754333,195.96330865598193
vtm420,qp40,581048154e3c4b579c79155742dcf643c18b9bb47782aca7f0768eff185bc32e,27.457767278895776,0.9310247302055359,0.4083292820787692,0.4502336969087412,0.1934985998240146,0.7708909219754687,0.38808862869908783,0.33874180912971497,116.76256664681347
vtmscc,qp43,eda6d42794b0d0140628fa90fc0c14a7ba88159b8474d0077027c32ee2ddf6f0,26.74617716684729,0.9232596158981323,0.3783777652710092,0.4498937623757942,0.16609870481724834,1.0506259593683567,0.5237294439676816,0.5906693935394287,137.5506491068921
vtmscc,qp40,1cba10ad9bb4ced57e42f7656c5f2a58d32dc6bad084957d2f8d1c78e0fcd224,35.67503494383113,0.9595507979393005,0.26198804274526905,0.41902101676440934,0.2249649081704686,0.3063974640078344,0.17032810054131373,0.2080274075269699,17.602601875379246
vtm420,qp40,50fe4c3d47d864858e1aaa60fecef5c453b4e18d2b368718eeb5c1e249e0c902,27.082617577657153,0.96128910779953,0.24041444776050838,0.306588449595887,0.13372076311965048,0.7930897462788099,0.33053465165625845,0.6379432678222656,127.29712730376318
vtmscc,qp40,0369d229ba4c9965d5caeb38c359a027a810968eee930b81520b604e76b4df14,33.78624666180022,0.9582419395446777,0.18614602016613763,0.40964143477818543,0.18035064409760868,0.44418030786229945,0.2219579383451051,0.3311340808868408,27.1929105870864
vtmscc,qp40,2a760bf1ccea6998be3890dcc2371b23f35fe3006562884b45bc534a621d5c12,39.91928983295735,0.9877432584762573,0.14230603788947238,0.14553168139837938,0.11189215758751178,0.10446719062592535,0.04454235172536683,0.7881086468696594,6.624473659471533
vtmscc,qp43,d0208a1e9b4fde642b9752da2907d82d5b530a6e2e6e18ef71d5524a92d1cf9a,24.182240217970083,0.8928470611572266,0.4268494541154188,0.4323440732324825,0.17288930503761066,0.7917634507316774,0.3799155456562048,0.6413500308990479,248.23118417777266
vtmscc,qp43,da52c4f66dc00c2f381e8475fbf8a7aa2c5433a9c59cc175646c62e02892faf7,25.39273604748859,0.957261323928833,0.1849921413204249,0.3096622874631601,0.13376966732389786,1.1101698525573631,0.47175818534577185,0.5100942254066467,187.8480781106388
vtmscc,qp40,8426ed2245c791232862b0a0b2a62a1f17031e8e6e38921fe939df0b3a05ac41,37.76955511398461,0.9662787914276123,0.3036588607355952,0.4343452211469412,0.2236739993095398,0.22061148127423635,0.13071012419306532,0.2134857326745987,10.867379903793335
vtm420,qp40,ebfd571f1c6824316047a29cb5f376eec15f56dd51821119c1842be068a8b950,32.534286099242024,0.9947234988212585,0.01350156994885765,0.023659910424612463,0.028003264218568802,0.08953692912099132,0.04052917935172699,0.7265713214874268,36.278702894846596
vtmscc,qp43,b0b3744cc6b5ad6426b1ac02909b4389ea7fc4140d72a888ccdfb21f573a6db4,24.77794575342464,0.9362521171569824,0.2475518806892283,0.36447725558982175,0.15211955975083744,0.6491678646557001,0.2955402477815978,0.8730437159538269,216.41421592562807
vtmscc,qp40,50d13125b665e0c4c1673264807bfc3cc7a217819329696843fea4c69aff8b91,36.282162784051536,0.9840322732925415,0.05332308633472113,0.12780190891421894,0.10679078750750598,0.0848471358896247,0.03313863603007558,0.6945228576660156,15.306083649280025
vtm420,qp40,b0b3744cc6b5ad6426b1ac02909b4389ea7fc4140d72a888ccdfb21f573a6db4,25.58697443119314,0.9445360898971558,0.20621955727829652,0.3360719505478354,0.13767274022102355,0.4803867051060746,0.2138298057016738,0.9268910884857178,179.63167425417433
vtm420,qp40,a365e6541bab5c0f4e01bf43a0c3a655d88292a8ac45403a889c308d11854555,26.654466289613083,0.9335592985153198,0.2541375371901428,0.36285745536579805,0.1483957234550925,0.7824169539186828,0.34100998304315333,0.5594000816345215,140.48622149299172
vtm420,qp40,937476dd72f98638f34299dda5e9c252621b5e809c364692fc2934e000583286,24.986108327045198,0.9643351435661316,0.07135605812072754,0.11100667963425319,0.018948371211687725,0.18204208173665393,0.10608017631564626,0.5372609496116638,206.28589238060846
vtmscc,qp40,1b4ad095795ac552b38a21d51be7bfaee8e7d0a70619d84767814321df4ed062,30.347393036097795,0.931106448173523,0.3522127807924622,0.45464867078944254,0.2135492492663233,0.437784351942343,0.22727106512251785,0.3913993537425995,60.026228519908166
vtmscc,qp40,4ebc0e6c463bcf8ada38673c268aae56d44864347fd74b81a9fb5659bf96a010,31.21221674029574,0.9443517923355103,0.4238071575760841,0.49254504871719024,0.18511622828595778,0.7012239181144891,0.4260669973637545,0.48419979214668274,49.18794591567096
vtm420,qp40,eda6d42794b0d0140628fa90fc0c14a7ba88159b8474d0077027c32ee2ddf6f0,27.919098429034975,0.9369699954986572,0.34302085112122926,0.41852909983957515,0.14934632854134428,0.8600103036434102,0.44083249572403505,0.6860963702201843,104.99545936335146
vtmscc,qp40,0d154749c7771f58e89ad343653ec4e20d6f037da829f47f5598e5d0a4ab61f0,29.197037659712727,0.9118783473968506,0.49772843736059524,0.5069045295610147,0.24265231244704302,0.7671922117574468,0.47062248853090805,0.6698926687240601,78.23058806774662
vtmscc,qp40,bb7344a2ba499b2d48b891abee1b903dc17d265437ac57028b5999b6cd5bcdc4,34.45247552045517,0.9789257049560547,0.08171690197195858,0.12329345301259309,0.09540285915136337,0.22424282895536862,0.11544554389825135,0.36609894037246704,23.325599193572998
vtm420,qp40,da52c4f66dc00c2f381e8475fbf8a7aa2c5433a9c59cc175646c62e02892faf7,26.415936335991297,0.9668552279472351,0.15077578714665243,0.2790576800704002,0.11474858206861159,0.8232421188177315,0.3364679790591385,0.6237578988075256,148.41805204503677
vtmscc,qp40,c9510efb03d1852c29ecad84cc0558768728681a3b9b04eae0dbbd9be142dd95,33.633449583053036,0.9733652472496033,0.1308845205780338,0.3013519498355248,0.1197402445709004,0.22682683169824044,0.08580335477514542,0.47131282091140747,28.16666331571691
vtmscc,qp40,f67f11de4ca9ebda3db52c41fd3d26c3105687b2d37571e54631a1e4486d0b30,35.74403794099094,0.957741916179657,0.2157907897935194,0.37492522400091677,0.17089919862793942,0.32362932311758863,0.20089374750865663,0.26319214701652527,17.325132581922745
vtmscc,qp40,e0d8e29cadfc99663c7d1a4a5afe20c454ec54d0d873776ec397c59405c74790,32.506831489166565,0.9552833437919617,0.3085406809606973,0.4049620514845147,0.21554724784458384,0.31839791276921386,0.15333485534966998,0.39027974009513855,36.5087708716299
vtm420,qp37,0369d229ba4c9965d5caeb38c359a027a810968eee930b81520b604e76b4df14,34.312690520040384,0.9637212753295898,0.16443430601673967,0.3883783929488238,0.15641799095798942,0.3374067255924906,0.16116862886588257,0.4636608064174652,24.08858606675092
vtm420,qp40,d0208a1e9b4fde642b9752da2907d82d5b530a6e2e6e18ef71d5524a92d1cf9a,25.450642580409276,0.9185174703598022,0.3022157097564024,0.365210542521056,0.1321227827492882,0.5199543524890674,0.22565430700801148,0.7749857902526855,185.36003501742493
vtmscc,qp40,2684452db505ddbbb53f42a3f3bcfe86fdd0d6d8d98c029db4b4c6fc1f55b750,30.86925807706116,0.9427556991577148,0.2470153556588818,0.36764736070352444,0.1793590784072876,0.5958828736098868,0.2653098299433261,0.7083051800727844,53.22976552925858
vtm420,qp37,1cba10ad9bb4ced57e42f7656c5f2a58d32dc6bad084957d2f8d1c78e0fcd224,36.230209293362506,0.9649155139923096,0.24373102969336277,0.40261703194345083,0.2031095415643118,0.2583723932349145,0.1423289073252574,0.2639259099960327,15.490285830204542
vtm420,qp37,2a760bf1ccea6998be3890dcc2371b23f35fe3006562884b45bc534a621d5c12,40.585174707550095,0.9896639585494995,0.10210225348971014,0.1254147927051988,0.09124406915286491,0.07091241799904557,0.025015468785473977,0.8409339785575867,5.682806782338811
vtmscc,qp40,a2a946cc516f9eec0f141da3c31a96df94fe342c651af46f0d38f6c04400323a,30.906892814693766,0.9562002420425415,0.18093522984315366,0.3260581457439591,0.15400185164283303,0.3978164298208392,0.15656138126252747,0.24661625921726227,52.77048423617494
vtmscc,qp40,2397c73f8feeb8f630fe055da5551c671794afae80528e8612dc62fc0cf61294,30.996518875544176,0.9720060229301453,0.16627809506128816,0.2601732933345963,0.12401909495101256,0.36630815149638646,0.14679946451015366,0.548916220664978,51.69261151482077
vtmscc,qp40,07b9f93f170a0381836bdf301280a5b80b2c4be6e66f793a3c335dc200fb4e5b,29.244690964123947,0.9539780616760254,0.2726439221816904,0.3933345827986212,0.15797107395003823,0.44482518580028707,0.21725705250405436,0.7292612791061401,77.37688897824755
vtmscc,qp40,ff32adfa29d4b5de26293352f53cc983d12d3ededd71fe65ca0ef0d887be65c4,31.91769647632654,0.9640558958053589,0.1464667683795971,0.2656248619012973,0.11138225986677057,0.3728022030317648,0.15574895934676922,0.659890353679657,41.81294076956954
vtm420,qp37,50d13125b665e0c4c1673264807bfc3cc7a217819329696843fea4c69aff8b91,38.197156189781836,0.9881927371025085,0.03455186521100319,0.11373878073988154,0.08977299437803381,0.05107242353144289,0.019251125258531787,0.7689610123634338,9.848378738702513
vtm420,qp37,2684452db505ddbbb53f42a3f3bcfe86fdd0d6d8d98c029db4b4c6fc1f55b750,31.769696099603763,0.9532477855682373,0.21303427175563924,0.33611123557476436,0.1628826891674715,0.4550054716675705,0.19908672191001364,0.8214500546455383,43.26241419175092
vtm420,qp37,1b4ad095795ac552b38a21d51be7bfaee8e7d0a70619d84767814321df4ed062,31.55489398237057,0.947687566280365,0.2837032118910237,0.4036460546286483,0.1781345182343533,0.3034699553434405,0.1501257062892982,0.5694685578346252,45.45597344114069
vtm420,qp37,0d154749c7771f58e89ad343653ec4e20d6f037da829f47f5598e5d0a4ab61f0,30.117690858025583,0.9356435537338257,0.44658690340378704,0.46974365185288824,0.21193619668483735,0.6258963530942471,0.3817266409379006,0.7442980408668518,63.28652870327819
vtm420,qp37,4ebc0e6c463bcf8ada38673c268aae56d44864347fd74b81a9fb5659bf96a010,32.051695870374914,0.956448495388031,0.39886698959504857,0.4703482818954131,0.16290783847079557,0.6305179597903589,0.3853322777367893,0.6243131756782532,40.54252319335937
vtm420,qp37,8426ed2245c791232862b0a0b2a62a1f17031e8e6e38921fe939df0b3a05ac41,38.41438108592296,0.9713689684867859,0.2858523018658161,0.42514316365122795,0.20731086283922195,0.18661028687153802,0.10871756454604802,0.27762940526008606,9.367900133132935
vtm420,qp37,2397c73f8feeb8f630fe055da5551c671794afae80528e8612dc62fc0cf61294,32.069378465032294,0.9768131971359253,0.1414356508566176,0.23602328791337854,0.10685839600422803,0.26410995091866535,0.1041956404127829,0.65096515417099,40.37778715245864
vtm420,qp37,07b9f93f170a0381836bdf301280a5b80b2c4be6e66f793a3c335dc200fb4e5b,30.364896107736943,0.9608278274536133,0.2096679990125053,0.3507945961373694,0.13726429571123683,0.31240564715296976,0.15509516400007586,0.839219331741333,59.78479578354779
vtmscc,qp40,ebfd571f1c6824316047a29cb5f376eec15f56dd51821119c1842be068a8b950,33.50944163879092,0.9966239333152771,0.010707073495723307,0.02069785399362445,0.02585592493414879,0.061180867505166436,0.025924737950400446,0.7245699763298035,28.982523520787556
vtm420,qp37,02809272b4ca9b08af45771501b741296187c7e26907efb44abbbfcb6cd804f7,29.499803176074515,0.9716805815696716,0.12284325045697829,0.23690370790222112,0.10288791674024919,0.3403750680071051,0.12380570293989998,0.7384083271026611,72.9625566071155
vtm420,qp37,bb7344a2ba499b2d48b891abee1b903dc17d265437ac57028b5999b6cd5bcdc4,35.79459483200266,0.9832539558410645,0.06595466387807392,0.10392550309188664,0.08028780668973923,0.1604107140568658,0.08103750319626847,0.4103471040725708,17.1246174176534
vtmscc,qp40,86127fbdb368eb28c3039cf61aff1c4cfdc4ade24070c8f2389968d5ead681e1,27.995435603817434,0.9550409317016602,0.17136769057785878,0.33853191259454507,0.16503286459406868,0.712972374322146,0.3066744256291532,0.6712231040000916,103.16604947783256
vtm420,qp37,a2a946cc516f9eec0f141da3c31a96df94fe342c651af46f0d38f6c04400323a,31.529359358161628,0.9641362428665161,0.15262736406396418,0.29466364940299705,0.13189437354312222,0.2949797146257189,0.11223604741160406,0.3492407202720642,45.72402200137868
vtmscc,qp40,50fe4c3d47d864858e1aaa60fecef5c453b4e18d2b368718eeb5c1e249e0c902,27.67084914804518,0.9664832949638367,0.22347460572182395,0.29087029737822806,0.12390702447773498,0.7221976388905373,0.29133657381074285,0.617466926574707,111.17200699166506
vtmscc,qp40,02809272b4ca9b08af45771501b741296187c7e26907efb44abbbfcb6cd804f7,28.114319901194822,0.9609379172325134,0.15277664111379316,0.2794254404657027,0.119068844704067,0.4937891196183527,0.18374960535153348,0.6854411959648132,100.38027259976256
vtmscc,qp40,79b1bb29124f590c2e99e6c71c18affe25115d594a821cadc58bf24bf94dae8d,28.28727555329552,0.9569181799888611,0.13493564464151858,0.3131677255034447,0.1303828626871109,0.5662468200670446,0.2199445332055922,0.7286951541900635,96.46123224894205
vtmscc,qp40,581048154e3c4b579c79155742dcf643c18b9bb47782aca7f0768eff185bc32e,27.621476336933487,0.9331707954406738,0.3959042574841898,0.4416344869104061,0.18291042122867082,0.7597788916614913,0.38227970511936915,0.3410554826259613,112.44307845678085
vtm420,qp37,f67f11de4ca9ebda3db52c41fd3d26c3105687b2d37571e54631a1e4486d0b30,35.90484477483359,0.9595839381217957,0.20516690379921712,0.3659382967972288,0.161808008072423,0.2794650833463474,0.16919963473498342,0.3345034420490265,16.69536366182215
vtm420,qp37,c9510efb03d1852c29ecad84cc0558768728681a3b9b04eae0dbbd9be142dd95,33.93787692387677,0.9758796691894531,0.12700972495710147,0.2922456941183876,0.11037788899505839,0.18729676844091045,0.07128130119665602,0.5736016631126404,26.25987584731158
vtmscc,qp40,937476dd72f98638f34299dda5e9c252621b5e809c364692fc2934e000583286,24.979520569641053,0.9642939567565918,0.07157314134140809,0.11005445880194505,0.01776846746603648,0.17854620437901758,0.10376845693496477,0.5387384295463562,206.5990422566732
vtmscc,qp40,b0b3744cc6b5ad6426b1ac02909b4389ea7fc4140d72a888ccdfb21f573a6db4,26.5889283912568,0.9568086862564087,0.1909032036714694,0.3184107403106549,0.13094376448322745,0.4353572996669112,0.19424105354258192,0.9343070983886719,142.62232821595435
vtmscc,qp40,eda6d42794b0d0140628fa90fc0c14a7ba88159b8474d0077027c32ee2ddf6f0,28.266017785834762,0.9401275515556335,0.33321428854091495,0.408742991732616,0.14053629660138897,0.8330438843451489,0.4299507922497317,0.7076882719993591,96.93454637714461
vtm420,qp37,e0d8e29cadfc99663c7d1a4a5afe20c454ec54d0d873776ec397c59405c74790,34.29286386763073,0.9674393534660339,0.25198398339836037,0.37908585821004476,0.18596909028642317,0.2224035132878632,0.10022472784877616,0.4338299334049225,24.19880801930147
vtm420,qp37,79b1bb29124f590c2e99e6c71c18affe25115d594a821cadc58bf24bf94dae8d,28.854884668602857,0.9596987962722778,0.12099250853061676,0.2944015309214592,0.1192244052886963,0.4628638737887286,0.1888193419425285,0.7698878049850464,84.64316495259602
vtm420,qp37,86127fbdb368eb28c3039cf61aff1c4cfdc4ade24070c8f2389968d5ead681e1,29.49414402483574,0.968335747718811,0.1383901719064986,0.2978646073673592,0.14488444978096446,0.5342498335929673,0.23505260333775155,0.7683448791503906,73.0576937315894
vtmscc,qp40,608cb09e6ffc66d4bc838d4088bf4c0ab889d7e83d4f5d78805cbc4497e432a1,28.62952402218663,0.9444224238395691,0.2602663000716883,0.3637794821577914,0.15018118859506122,0.7702666239441468,0.3483790394733846,0.2365691214799881,89.15135711470461
vtm420,qp37,ff32adfa29d4b5de26293352f53cc983d12d3ededd71fe65ca0ef0d887be65c4,32.081603554561404,0.9675247073173523,0.13186165447182516,0.2470931906472234,0.1004372016471975,0.3003600880865814,0.12293681160094869,0.707999050617218,40.264286295572916
vtmscc,qp37,2a760bf1ccea6998be3890dcc2371b23f35fe3006562884b45bc534a621d5c12,41.72080889328291,0.991002082824707,0.10091017995928896,0.1244706510855206,0.08776969899391306,0.06781967431821556,0.023780061050451027,0.8554654121398926,4.3752157277074355
vtm420,qp37,50fe4c3d47d864858e1aaa60fecef5c453b4e18d2b368718eeb5c1e249e0c902,28.61900366971803,0.9730219841003418,0.16925536491620688,0.252039912076276,0.09733538531962736,0.523406696247273,0.20725864309675007,0.7555249333381653,89.36757920504597
vtm420,qp37,b0b3744cc6b5ad6426b1ac02909b4389ea7fc4140d72a888ccdfb21f573a6db4,27.06703964815203,0.9588596224784851,0.1658844094066059,0.29663985634551326,0.11803929700570948,0.3356589047219078,0.14998146438699517,0.9576234221458435,127.75455573586856
vtm420,qp37,ebfd571f1c6824316047a29cb5f376eec15f56dd51821119c1842be068a8b950,34.348122987934325,0.995963990688324,0.011278255988145247,0.023259598179720342,0.0270245261490345,0.049259503905437096,0.021348154022843544,0.7289559841156006,23.892855803171795
vtmscc,qp40,a365e6541bab5c0f4e01bf43a0c3a655d88292a8ac45403a889c308d11854555,26.914042371863722,0.9365979433059692,0.24361780864350935,0.35539836936137253,0.1422183064853444,0.7579189042902941,0.33023007596890125,0.5944271087646484,132.33542719822304
vtmscc,qp37,1cba10ad9bb4ced57e42f7656c5f2a58d32dc6bad084957d2f8d1c78e0fcd224,36.63449826953647,0.9667989611625671,0.2373995788901755,0.4003797060656316,0.19777022982106626,0.2527849937759743,0.13829448969553032,0.27816829085350037,14.113363716594609
vtm420,qp37,608cb09e6ffc66d4bc838d4088bf4c0ab889d7e83d4f5d78805cbc4497e432a1,29.009399332690876,0.9511851072311401,0.23254170685130007,0.335945428294294,0.13057717564059237,0.6257829708147256,0.2828838659641695,0.40471330285072327,81.6846453099469
vtm420,qp37,581048154e3c4b579c79155742dcf643c18b9bb47782aca7f0768eff185bc32e,28.97456160823975,0.9519844055175781,0.31460430677775497,0.38849016893041005,0.15510084111611921,0.5475477053524918,0.2668818701514709,0.4260256588459015,82.342528737945
vtmscc,qp37,0369d229ba4c9965d5caeb38c359a027a810968eee930b81520b604e76b4df14,35.06480853125831,0.9679248332977295,0.15577931487384963,0.38320482723853166,0.15094406499582178,0.32950459287488243,0.1567116230600572,0.470008909702301,20.258137183095894
vtmscc,qp37,50d13125b665e0c4c1673264807bfc3cc7a217819329696843fea4c69aff8b91,38.46494023142068,0.9903504252433777,0.03380367718157632,0.11336777072865516,0.08017247880206388,0.0489312531052052,0.01803348301681764,0.7502776980400085,9.259474451401655
vtmscc,qp37,8426ed2245c791232862b0a0b2a62a1f17031e8e6e38921fe939df0b3a05ac41,38.81002645432424,0.9722994565963745,0.2801616294309497,0.4193042330443859,0.20240022987127304,0.18349689358487353,0.10727583888671516,0.2932174801826477,8.552197376887003
vtm420,qp37,937476dd72f98638f34299dda5e9c252621b5e809c364692fc2934e000583286,27.277881380394298,0.981583297252655,0.030047829495742917,0.064899116444091,0.009470860163370768,0.08911534801291054,0.04811585191244622,0.5649248957633972,121.70046085781522
vtmscc,qp40,d0208a1e9b4fde642b9752da2907d82d5b530a6e2e6e18ef71d5524a92d1cf9a,25.89156395407568,0.9310731887817383,0.2851537804393207,0.3473075600231395,0.12713266085175906,0.49339813382094316,0.21393438229706221,0.7431354522705078,167.46496593998927
vtm420,qp37,a365e6541bab5c0f4e01bf43a0c3a655d88292a8ac45403a889c308d11854555,28.38081977964609,0.9557698965072632,0.17270833315218195,0.2988997644799597,0.11352294806171866,0.5230262067355986,0.22136944453135904,0.7147250771522522,94.40573610791974
vtmscc,qp37,4ebc0e6c463bcf8ada38673c268aae56d44864347fd74b81a9fb5659bf96a010,32.21899951737326,0.957558274269104,0.3951413312379052,0.4669880022020901,0.1636138710905524,0.6262603483320216,0.38338835451012576,0.6036546230316162,39.01040051030178
vtmscc,qp37,1b4ad095795ac552b38a21d51be7bfaee8e7d0a70619d84767814321df4ed062,31.891970996088624,0.9535993933677673,0.26331859395692225,0.3919653488617194,0.172813911971293,0.29180752539526256,0.14443879810477522,0.5867009162902832,42.06135518927323
vtm420,qp37,eda6d42794b0d0140628fa90fc0c14a7ba88159b8474d0077027c32ee2ddf6f0,29.32883386985781,0.9507142305374146,0.30458876220326797,0.38202162963502545,0.12632830762395672,0.7074238263430029,0.37255115040474607,0.7974499464035034,75.8921705258438
vtm420,qp37,da52c4f66dc00c2f381e8475fbf8a7aa2c5433a9c59cc175646c62e02892faf7,27.9673579394596,0.9770617485046387,0.1032569162766723,0.22716901810730206,0.08856766329092138,0.5434329903597191,0.21257460128918132,0.708304762840271,103.83519119561888
vtmscc,qp37,bb7344a2ba499b2d48b891abee1b903dc17d265437ac57028b5999b6cd5bcdc4,36.4669725025199,0.9865561723709106,0.05655046197352931,0.09519320842809975,0.06592365354299545,0.13984827350412843,0.06739375008571986,0.41778314113616943,14.668412367502848
vtmscc,qp40,da52c4f66dc00c2f381e8475fbf8a7aa2c5433a9c59cc175646c62e02892faf7,27.25462346307936,0.9727468490600586,0.1259678436552777,0.24973998341490242,0.0985853167141185,0.7151228479328839,0.2846522122542763,0.6345933079719543,122.35395567650889
vtm420,qp37,d0208a1e9b4fde642b9752da2907d82d5b530a6e2e6e18ef71d5524a92d1cf9a,27.10017974852863,0.9425066709518433,0.19248675712767768,0.2909031874116729,0.09836152914692374,0.3102034228818786,0.12173651749429346,0.8462485671043396,126.78339759976257
vtmscc,qp37,f67f11de4ca9ebda3db52c41fd3d26c3105687b2d37571e54631a1e4486d0b30,36.51626805516254,0.9632090330123901,0.19994710853286818,0.3622546412196814,0.15662466194115432,0.2695243778950156,0.16170407862630864,0.35292255878448486,14.502856684666053
vtmscc,qp37,0d154749c7771f58e89ad343653ec4e20d6f037da829f47f5598e5d0a4ab61f0,30.233811712292212,0.9371727705001831,0.44005066778729945,0.4680576389326769,0.206596940054613,0.6219263025431246,0.37946927090386107,0.742139458656311,61.616807047526045
vtmscc,qp37,c9510efb03d1852c29ecad84cc0558768728681a3b9b04eae0dbbd9be142dd95,35.359485554940306,0.9809827208518982,0.10904631222433904,0.27488878132665856,0.10229385319878073,0.16230166808255317,0.06029043814539142,0.559165894985199,18.929180190142464
vtmscc,qp37,2397c73f8feeb8f630fe055da5551c671794afae80528e8612dc62fc0cf61294,32.93474383620987,0.9804662466049194,0.1287317390608437,0.22585584473084,0.09941152527051814,0.22669168658375077,0.08751555056267027,0.6486719846725464,33.08308320886948
vtmscc,qp37,07b9f93f170a0381836bdf301280a5b80b2c4be6e66f793a3c335dc200fb4e5b,31.10112933295349,0.9681158065795898,0.20333576048998273,0.34072592074380204,0.133395091400427,0.2951265701228348,0.1473777165786818,0.8360268473625183,50.46234489889706
vtmscc,qp37,2684452db505ddbbb53f42a3f3bcfe86fdd0d6d8d98c029db4b4c6fc1f55b750,32.4651932687692,0.9588348865509033,0.19258798220578363,0.3203075526391759,0.14911470378146452,0.4078543309845426,0.17062143954053682,0.8107436299324036,36.86048404469209
vtmscc,qp37,e0d8e29cadfc99663c7d1a4a5afe20c454ec54d0d873776ec397c59405c74790,34.41957019418953,0.9677021503448486,0.24836857737425497,0.37667323109858175,0.18644958191058214,0.2200658106224005,0.09864572041434329,0.44797128438949585,23.50300221162684
vtm420,qp34,2a760bf1ccea6998be3890dcc2371b23f35fe3006562884b45bc534a621d5c12,42.303664543003535,0.992149293422699,0.0580988849416889,0.09836132400508585,0.06968017744606939,0.036902643146774494,0.010295996135243549,0.8610488176345825,3.825726388514727
vtm420,qp34,1cba10ad9bb4ced57e42f7656c5f2a58d32dc6bad084957d2f8d1c78e0fcd224,37.13616541795622,0.9709972739219666,0.21733946040345048,0.38125924860100147,0.17850034358431993,0.20636857883374934,0.11273877620793721,0.3234778046607971,12.57372098756068
vtm420,qp34,0369d229ba4c9965d5caeb38c359a027a810968eee930b81520b604e76b4df14,35.51085518592259,0.9716998338699341,0.13736896786619635,0.3585557327551,0.13129070278476265,0.24709202122339274,0.11509839678972354,0.6086806058883667,18.28078505572151
vtmscc,qp37,a2a946cc516f9eec0f141da3c31a96df94fe342c651af46f0d38f6c04400323a,32.746643527921904,0.9705609083175659,0.1361110318232985,0.28507860828848447,0.12433631174704608,0.2627529683530164,0.09889478361691806,0.3490077555179596,34.547450884650736
vtm420,qp34,50d13125b665e0c4c1673264807bfc3cc7a217819329696843fea4c69aff8b91,40.37917577802284,0.9913986921310425,0.021506785687661786,0.10189633207833942,0.07654103321187636,0.030527018812660057,0.011457232888378195,0.7851898074150085,5.958854525696998
vtm420,qp34,4ebc0e6c463bcf8ada38673c268aae56d44864347fd74b81a9fb5659bf96a010,33.01715373181211,0.9667848348617554,0.3715588698492331,0.4420521637096125,0.1422596037387848,0.5487566724617997,0.3389655217139018,0.7018533945083618,32.461231186810664
vtm420,qp34,1b4ad095795ac552b38a21d51be7bfaee8e7d0a70619d84767814321df4ed062,33.10676932568968,0.9629718065261841,0.20996254329618655,0.34055457773961517,0.14068473875522614,0.19458711037484472,0.09142080872724816,0.7205639481544495,31.798265289842035
vtmscc,qp37,ff32adfa29d4b5de26293352f53cc983d12d3ededd71fe65ca0ef0d887be65c4,33.566880630032806,0.9751560688018799,0.11184171975097236,0.22560266418492092,0.08853618730516995,0.26816429142762804,0.10890445183399636,0.7328312397003174,28.601729688457414
vtm420,qp34,2397c73f8feeb8f630fe055da5551c671794afae80528e8612dc62fc0cf61294,33.699929288080746,0.9825264811515808,0.11411502237486489,0.20826245520044775,0.088651744407766,0.17423017644864838,0.06842145117514942,0.7408266067504883,27.73878484987745
vtmscc,qp37,02809272b4ca9b08af45771501b741296187c7e26907efb44abbbfcb6cd804f7,30.11263278831082,0.9754692912101746,0.10510966168606982,0.22160884216427804,0.09366074046667884,0.30078075707941776,0.10637486938865597,0.770312488079071,63.36027915804994
vtm420,qp34,2684452db505ddbbb53f42a3f3bcfe86fdd0d6d8d98c029db4b4c6fc1f55b750,33.45198650359553,0.9666261672973633,0.1539151541888714,0.28141791242010455,0.12475853632478152,0.2775937683699821,0.11125698452002628,0.8651109337806702,29.368496285232844
vtmscc,qp37,86127fbdb368eb28c3039cf61aff1c4cfdc4ade24070c8f2389968d5ead681e1,29.67229486539045,0.969667375087738,0.12969684405405013,0.2913699845065836,0.1346476532396723,0.5163227928310707,0.2258479542905193,0.7442170977592468,70.12144778725879
vtmscc,qp37,ebfd571f1c6824316047a29cb5f376eec15f56dd51821119c1842be068a8b950,36.313213587928594,0.9981352090835571,0.005789255978015717,0.015824495145352557,0.016177948564291,0.02670668408633081,0.009858583713574832,0.7383952140808105,15.19703984260559
vtm420,qp34,07b9f93f170a0381836bdf301280a5b80b2c4be6e66f793a3c335dc200fb4e5b,31.979591425808763,0.9700530767440796,0.16849370046573528,0.30784013735897403,0.12031030006268445,0.22291169580432646,0.11546578003852631,0.8627267479896545,41.221255792356004
vtm420,qp34,8426ed2245c791232862b0a0b2a62a1f17031e8e6e38921fe939df0b3a05ac41,39.43181169474576,0.9764434695243835,0.26486551482230425,0.40198458917438984,0.18500275909900665,0.14801755797486038,0.0863529903116462,0.3697752058506012,7.411381880442302
vtmscc,qp37,79b1bb29124f590c2e99e6c71c18affe25115d594a821cadc58bf24bf94dae8d,30.075088467046026,0.96731036901474,0.11034029629081488,0.2778602220118046,0.11373642683029175,0.40116428059102416,0.162044397068356,0.7821569442749023,63.910396830240884
vtm420,qp34,0d154749c7771f58e89ad343653ec4e20d6f037da829f47f5598e5d0a4ab61f0,31.1298037757391,0.9531742930412292,0.3876568604041548,0.43044512771508275,0.16883348121362574,0.49403648156442026,0.3005171515489186,0.7881696820259094,50.1302630256204
vtm420,qp34,02809272b4ca9b08af45771501b741296187c7e26907efb44abbbfcb6cd804f7,31.319930757144554,0.9813968539237976,0.08340884563239181,0.18699233895715545,0.07853278728092418,0.20763558161851078,0.07264773885530745,0.8113706111907959,47.9829875871247
vtm420,qp34,bb7344a2ba499b2d48b891abee1b903dc17d265437ac57028b5999b6cd5bcdc4,37.49064583841212,0.9879505038261414,0.04757382241950836,0.08234193720272742,0.06004391610622406,0.1027255099125739,0.04866993613951432,0.4959143102169037,11.588194529215494
vtmscc,qp37,937476dd72f98638f34299dda5e9c252621b5e809c364692fc2934e000583286,27.277881380394298,0.981583297252655,0.030047829495742917,0.064899116444091,0.009470860163370768,0.08911534801291054,0.04811585191244622,0.5649248957633972,121.70046085781522
vtm420,qp34,c9510efb03d1852c29ecad84cc0558768728681a3b9b04eae0dbbd9be142dd95,35.327731763437924,0.9817296862602234,0.10795439911239288,0.2653843000969466,0.0950282599996118,0.1387305219528106,0.05298805631495331,0.6310882568359375,19.06808962354473
vtm420,qp34,a2a946cc516f9eec0f141da3c31a96df94fe342c651af46f0d38f6c04400323a,33.03367940154997,0.9748014211654663,0.11423839205766426,0.25845113072325204,0.10496921662022085,0.1893512196971366,0.07004115531216375,0.4183485507965088,32.337945197610296
vtm420,qp34,f67f11de4ca9ebda3db52c41fd3d26c3105687b2d37571e54631a1e4486d0b30,36.59340021641767,0.9636935591697693,0.19039129668518023,0.35368889292665556,0.14642053199749366,0.23319592552205812,0.1392215331514126,0.4119891822338104,14.247554903716043
vtm420,qp34,e0d8e29cadfc99663c7d1a4a5afe20c454ec54d0d873776ec397c59405c74790,36.23832229316577,0.976589560508728,0.19817873950609388,0.34491226703805083,0.1564774816527086,0.1470981487643381,0.06532601445126905,0.5516728162765503,15.461375636680453
vtm420,qp34,50fe4c3d47d864858e1aaa60fecef5c453b4e18d2b368718eeb5c1e249e0c902,30.32856886023555,0.9816373586654663,0.10644925698453997,0.1908865617013272,0.06715681413073599,0.3089830384657416,0.11444112094773037,0.8356791138648987,60.28697248545203
vtm420,qp34,ebfd571f1c6824316047a29cb5f376eec15f56dd51821119c1842be068a8b950,35.97141079246584,0.9972743988037109,0.0053810832687304355,0.00822371845424641,0.012167729437351227,0.026036153543543217,0.010686372243992503,0.7646191716194153,16.441418409347534
vtmscc,qp37,608cb09e6ffc66d4bc838d4088bf4c0ab889d7e83d4f5d78805cbc4497e432a1,30.257253168927885,0.9614237546920776,0.21485038426722966,0.3178494514203539,0.12429976346446019,0.5680437595478193,0.25834757025927324,0.37282538414001465,61.28512044669756
vtmscc,qp37,581048154e3c4b579c79155742dcf643c18b9bb47782aca7f0768eff185bc32e,29.220598539073816,0.9546605944633484,0.3003262091468979,0.37593605426641613,0.14686699964842953,0.5330653520165299,0.2587681785759805,0.4240444302558899,77.80732900319082
vtm420,qp34,608cb09e6ffc66d4bc838d4088bf4c0ab889d7e83d4f5d78805cbc4497e432a1,30.333186744639868,0.9640220403671265,0.19421462692758618,0.295589122482959,0.10886857088874369,0.4727912448244894,0.21643955321280267,0.4791944921016693,60.222902983621836
vtm420,qp34,79b1bb29124f590c2e99e6c71c18affe25115d594a821cadc58bf24bf94dae8d,30.35876897574356,0.9679198265075684,0.10194647926837205,0.26200018748641013,0.09935018420219421,0.32898111499879407,0.13745471532273507,0.7875681519508362,59.86920115152995
vtm420,qp34,86127fbdb368eb28c3039cf61aff1c4cfdc4ade24070c8f2389968d5ead681e1,31.133111331017677,0.9781931638717651,0.09851492000896422,0.2508543097093457,0.11295717734782422,0.3586487300295988,0.16069521258045322,0.8174347877502441,50.09209871552681
vtmscc,qp37,b0b3744cc6b5ad6426b1ac02909b4389ea7fc4140d72a888ccdfb21f573a6db4,28.503853600967087,0.9702221751213074,0.14981998073704103,0.27661442248260276,0.11220536565079409,0.29555211385495034,0.13350994834139818,0.9616976976394653,91.76878901462929
vtmscc,qp37,50fe4c3d47d864858e1aaa60fecef5c453b4e18d2b368718eeb5c1e249e0c902,29.44995637732772,0.9782031774520874,0.15361732051328378,0.23175781753696043,0.09099712986269115,0.4545050442551667,0.17268718125402796,0.7089892029762268,73.8048196172518
vtmscc,qp34,2a760bf1ccea6998be3890dcc2371b23f35fe3006562884b45bc534a621d5c12,43.71730855350222,0.9935153722763062,0.05766059283231353,0.0973036846402904,0.06684118663442545,0.03569451721446258,0.009676965792022424,0.869787871837616,2.762800370139637
vtm420,qp34,ff32adfa29d4b5de26293352f53cc983d12d3ededd71fe65ca0ef0d887be65c4,33.41995826471659,0.9761197566986084,0.09882076312513913,0.20750558667761437,0.07551554511575138,0.2110424522511808,0.08390740793306345,0.7878103852272034,29.585882927389704
vtm420,qp34,581048154e3c4b579c79155742dcf643c18b9bb47782aca7f0768eff185bc32e,30.659843347776274,0.9665645956993103,0.22651193548853582,0.3214121876018388,0.12065677574047676,0.3616637082821868,0.16972561409768183,0.47725650668144226,55.859369075341974
vtmscc,qp37,a365e6541bab5c0f4e01bf43a0c3a655d88292a8ac45403a889c308d11854555,28.790442178650256,0.9597022533416748,0.16110856975702678,0.2880128769313588,0.1070918503929587,0.49107930892676666,0.2060667271347028,0.7111660838127136,85.90850135952819
vtmscc,qp34,1cba10ad9bb4ced57e42f7656c5f2a58d32dc6bad084957d2f8d1c78e0fcd224,37.58513521944937,0.9729291796684265,0.21108640399445028,0.3771196023642438,0.1733077572098056,0.2014781160355453,0.10963129489612135,0.3050583004951477,11.338793313233213
vtm420,qp34,b0b3744cc6b5ad6426b1ac02909b4389ea7fc4140d72a888ccdfb21f573a6db4,28.539139216514478,0.9691078662872314,0.13613027754951926,0.26094344985835694,0.10175825497683356,0.2384911557292927,0.10917299656591406,0.968881368637085,91.02620550417433
vtmscc,qp34,50d13125b665e0c4c1673264807bfc3cc7a217819329696843fea4c69aff8b91,40.73877258066743,0.9931198954582214,0.020362025681499613,0.10089145778774229,0.07288937130395104,0.02842403191189149,0.010494021460265745,0.7764844298362732,5.485334329044117
vtmscc,qp37,eda6d42794b0d0140628fa90fc0c14a7ba88159b8474d0077027c32ee2ddf6f0,29.77228812536003,0.953826904296875,0.2960486937241227,0.37281226542066126,0.11706476088832407,0.6815693088876965,0.36232109488133984,0.8091155886650085,68.52539511287914
vtmscc,qp34,0369d229ba4c9965d5caeb38c359a027a810968eee930b81520b604e76b4df14,36.39934024318971,0.975627064704895,0.13025141314548605,0.35402632495936226,0.12950235149439643,0.23627411998158737,0.11008394943579439,0.5897062420845032,14.89863005993413
vtmscc,qp34,8426ed2245c791232862b0a0b2a62a1f17031e8e6e38921fe939df0b3a05ac41,39.80307976455636,0.9771575927734375,0.2620794754475355,0.4003578703850508,0.17929376289248466,0.1474648603699542,0.08615158213492057,0.3809176981449127,6.804126580556233
vtm420,qp34,eda6d42794b0d0140628fa90fc0c14a7ba88159b8474d0077027c32ee2ddf6f0,30.758667524194074,0.9629008769989014,0.25888128688230233,0.34073608441680087,0.10516344186137705,0.5727787436156658,0.30723932290622297,0.8369064331054688,54.60263590095869
vtm420,qp34,da52c4f66dc00c2f381e8475fbf8a7aa2c5433a9c59cc175646c62e02892faf7,29.679860385644798,0.9843190908432007,0.06911397385684882,0.1842584338696564,0.06422205479706035,0.3466586747308504,0.12996397179171004,0.7450594305992126,69.99940077837776
vtm420,qp34,a365e6541bab5c0f4e01bf43a0c3a655d88292a8ac45403a889c308d11854555,30.14776225852617,0.971035361289978,0.10967466809293804,0.23512362837791442,0.08263539724490222,0.3265107209159557,0.13287710804400163,0.7704755663871765,62.84983400831035
vtmscc,qp37,d0208a1e9b4fde642b9752da2907d82d5b530a6e2e6e18ef71d5524a92d1cf9a,27.832245311816017,0.9568182229995728,0.17357933089575348,0.2660110672168872,0.08641653218690087,0.28184083385248787,0.10931586441485812,0.8250889182090759,107.1163657992494
vtm420,qp34,937476dd72f98638f34299dda5e9c252621b5e809c364692fc2934e000583286,29.626144560928864,0.990533709526062,0.012565195094794035,0.03524049697443843,0.0044284214576085406,0.03991600560213252,0.01903300550343794,0.5795310139656067,70.87056658003065
vtm420,qp34,d0208a1e9b4fde642b9752da2907d82d5b530a6e2e6e18ef71d5524a92d1cf9a,28.82330490044304,0.9594351649284363,0.12192907975438763,0.22077692887362313,0.07128100973718307,0.1800059216409596,0.06449591205528482,0.8880663514137268,85.2608917834712
vtmscc,qp34,4ebc0e6c463bcf8ada38673c268aae56d44864347fd74b81a9fb5659bf96a010,33.19543315112375,0.9677985906600952,0.3680691207156462,0.4378137377255103,0.1381090621737873,0.5442573877107112,0.336693976789798,0.709683895111084,31.15566645603554
vtmscc,qp37,da52c4f66dc00c2f381e8475fbf8a7aa2c5433a9c59cc175646c62e02892faf7,29.132966869480438,0.9825966358184814,0.08224075009279391,0.20003246949876055,0.07509711297119365,0.4469404275116122,0.1694497316118972,0.701971709728241,79.39326710420497
vtmscc,qp34,bb7344a2ba499b2d48b891abee1b903dc17d265437ac57028b5999b6cd5bcdc4,38.65677634375456,0.9916459321975708,0.0355130974057829,0.0723214064782951,0.042058758437633514,0.08580539976219725,0.03876254740999179,0.43280094861984253,8.859367688496908
vtmscc,qp34,1b4ad095795ac552b38a21d51be7bfaee8e7d0a70619d84767814321df4ed062,33.62682378551329,0.9692403078079224,0.18555985038217745,0.3254579142912438,0.13317298653878665,0.18158310124323707,0.08516923073716727,0.6791907548904419,28.2096684773763
vtmscc,qp34,f67f11de4ca9ebda3db52c41fd3d26c3105687b2d37571e54631a1e4486d0b30,37.24801707383086,0.9683632254600525,0.18642869155269629,0.3492075436401601,0.14232270156635957,0.22562469042492406,0.13471143212570055,0.39289674162864685,12.254021937551062
vtmscc,qp34,e0d8e29cadfc99663c7d1a4a5afe20c454ec54d0d873776ec397c59405c74790,36.39851422757724,0.9771484136581421,0.19454270142185337,0.3446648629710955,0.15682189762592316,0.146875839567029,0.06524099904635282,0.5520289540290833,14.901464006012562
vtmscc,qp34,2397c73f8feeb8f630fe055da5551c671794afae80528e8612dc62fc0cf61294,34.87920450176584,0.9858452081680298,0.10286463893511716,0.1964885000139475,0.07806242318714367,0.1485683874980522,0.058146257717486126,0.7109326124191284,21.142673866421568
vtmscc,qp34,c9510efb03d1852c29ecad84cc0558768728681a3b9b04eae0dbbd9be142dd95,37.06047024255912,0.986362874507904,0.09255731102517423,0.24856566085534937,0.08597686536171857,0.11632080286421874,0.0442426311376231,0.6032970547676086,12.794795137293198
vtmscc,qp34,07b9f93f170a0381836bdf301280a5b80b2c4be6e66f793a3c335dc200fb4e5b,33.058194853110756,0.9768364429473877,0.163932257529129,0.29682064442073597,0.11658304561586941,0.20799044933108984,0.11007671352821917,0.8779615163803101,32.15591526405484
vtmscc,qp34,2684452db505ddbbb53f42a3f3bcfe86fdd0d6d8d98c029db4b4c6fc1f55b750,34.27195537339161,0.9713756442070007,0.1405813796664862,0.2655952628044521,0.1117867145468207,0.25008146517556107,0.09715541082715415,0.8411178588867188,24.315590652765014
vtmscc,qp34,0d154749c7771f58e89ad343653ec4e20d6f037da829f47f5598e5d0a4ab61f0,31.259722495808692,0.9549886584281921,0.38192863438059305,0.4261222102186259,0.16728606416898614,0.48642576619139993,0.29662897069795485,0.7768464088439941,48.6528304754519
vtmscc,qp34,a2a946cc516f9eec0f141da3c31a96df94fe342c651af46f0d38f6c04400323a,34.60834622702208,0.9804461002349854,0.1016617534791722,0.24833976429174928,0.09773069848032559,0.16704467849008692,0.061319040486776666,0.4052993357181549,22.503275553385418
vtmscc,qp34,ebfd571f1c6824316047a29cb5f376eec15f56dd51821119c1842be068a8b950,39.0866687138966,0.9990712404251099,0.0028861094197054626,0.00574221109127393,0.009333882480859756,0.011426741582486702,0.0034787642570017906,0.7715789675712585,8.02441700299581
vtmscc,qp34,02809272b4ca9b08af45771501b741296187c7e26907efb44abbbfcb6cd804f7,32.19556842469261,0.9848620295524597,0.06768477689474821,0.1707396393751397,0.06619792790973887,0.17464889282747903,0.05933668107091904,0.8254963159561157,39.22143853879442
vtmscc,qp34,ff32adfa29d4b5de26293352f53cc983d12d3ededd71fe65ca0ef0d887be65c4,35.27632342298717,0.9831408262252808,0.08281064422472435,0.18707675736616639,0.06674288861891803,0.18347883533267512,0.07300068550070618,0.7872077822685242,19.295143755744487
vtmscc,qp34,86127fbdb368eb28c3039cf61aff1c4cfdc4ade24070c8f2389968d5ead681e1,31.447183842764332,0.9798682928085327,0.08836923090771573,0.24138855152442806,0.09829921727297736,0.34415240787190715,0.15338574252823498,0.781428873538971,46.59743128708803
vtmscc,qp34,79b1bb29124f590c2e99e6c71c18affe25115d594a821cadc58bf24bf94dae8d,31.9446163590689,0.9752418398857117,0.09257826991379262,0.2461955152451992,0.0942158818244934,0.28283510599800366,0.12095497926343798,0.7955476641654968,41.55456352233887
vtmscc,qp34,937476dd72f98638f34299dda5e9c252621b5e809c364692fc2934e000583286,29.626144560928864,0.990533709526062,0.012565195094794035,0.03524049697443843,0.0044284214576085406,0.03991600560213252,0.01903300550343794,0.5795310139656067,70.87056658003065
vtmscc,qp34,581048154e3c4b579c79155742dcf643c18b9bb47782aca7f0768eff185bc32e,31.001911589510275,0.9696359634399414,0.21401292945329958,0.30601448647596025,0.10674021335748526,0.35127908071174485,0.16539558351706185,0.4656238257884979,51.62846368922419
vtmscc,qp34,50fe4c3d47d864858e1aaa60fecef5c453b4e18d2b368718eeb5c1e249e0c902,31.430771077119214,0.9862158298492432,0.09220087410951103,0.17125951710306567,0.0585406799743205,0.25446749022034965,0.09025537582845809,0.8029007911682129,46.77386449492027
vtmscc,qp34,b0b3744cc6b5ad6426b1ac02909b4389ea7fc4140d72a888ccdfb21f573a6db4,30.5177504847408,0.9790232181549072,0.12013673582936034,0.24109142852180143,0.09678111689932206,0.2054832623236186,0.09721621913418285,0.9713326096534729,57.7172077253753
vtmscc,qp34,608cb09e6ffc66d4bc838d4088bf4c0ab889d7e83d4f5d78805cbc4497e432a1,31.833181917494322,0.9729734659194946,0.17841483714679876,0.2782820815256998,0.10205451618222629,0.42504971801714847,0.19705863579060023,0.3944738209247589,42.634597678589664
vtmscc,qp34,a365e6541bab5c0f4e01bf43a0c3a655d88292a8ac45403a889c308d11854555,30.808391329591778,0.9748709201812744,0.09737784619278768,0.2176133147057365,0.07285816704525667,0.2920441832205463,0.11722247263557736,0.7889629006385803,53.9810375737209
vtmscc,qp34,eda6d42794b0d0140628fa90fc0c14a7ba88159b8474d0077027c32ee2ddf6f0,31.321077781723623,0.9655885696411133,0.25065607840524,0.3308877214497211,0.09908379935750775,0.5519215928747786,0.30088557127494453,0.8485047221183777,47.970316369549124
vtmscc,qp34,da52c4f66dc00c2f381e8475fbf8a7aa2c5433a9c59cc175646c62e02892faf7,31.148042399401508,0.9890317320823669,0.05259008517160135,0.15703282040708205,0.05374881081721362,0.2728832143304664,0.10069203045085084,0.7259613871574402,49.920177504595586
vtmscc,qp34,d0208a1e9b4fde642b9752da2907d82d5b530a6e2e6e18ef71d5524a92d1cf9a,29.925641431202436,0.973020076751709,0.10017646099714672,0.1902947704143384,0.05848885459058425,0.15308600956377633,0.05400638523432997,0.8736486434936523,66.14792384727329
