[09:25:16 +  0.0m] clic27 pipeline @ 46a1134 | stages ['bakeoff'] | budget 10.0 h
[09:25:16 +  0.0m] == check
[09:25:21 +  0.1m] torch 2.11.0+cu128 | GPU: NVIDIA L40 | work: /mnt/home/guess03/clic/work_full_gpu
[09:25:21 +  0.1m] == check: done {'gpu': 'NVIDIA L40', 'torch': '2.11.0+cu128'}
[09:25:21 +  0.1m] == bakeoff
[09:25:21 +  0.1m] bakeoff: S1 checkpoint None | Q-hat /mnt/home/guess03/clic/inputs/qhat_v1/qhat/qhat_v1.json
[09:25:21 +  0.1m] $ /mnt/home/guess03/clic/venv/bin/python /mnt/home/guess03/clic/clic2027-image/experiments/bakeoff/bakeoff.py all --out /mnt/home/guess03/clic/work_full_gpu/bakeoff --qhat /mnt/home/guess03/clic/inputs/qhat_v1/qhat/qhat_v1.json --cands msillm mbt codlite
[09:48:29 +  0.0m] clic27 pipeline @ 46a1134 | stages ['bakeoff'] | budget 10.0 h
[09:48:29 +  0.0m] == check
[09:48:35 +  0.1m] torch 2.11.0+cu128 | GPU: NVIDIA L40 | work: /mnt/home/guess03/clic/work_full_gpu
[09:48:35 +  0.1m] == check: done {'gpu': 'NVIDIA L40', 'torch': '2.11.0+cu128'}
[09:48:35 +  0.1m] == bakeoff
[09:48:35 +  0.1m] bakeoff: S1 checkpoint None | Q-hat /mnt/home/guess03/clic/inputs/qhat_v1/qhat/qhat_v1.json
[09:48:35 +  0.1m] $ /mnt/home/guess03/clic/venv/bin/python /mnt/home/guess03/clic/clic2027-image/experiments/bakeoff/bakeoff.py all --out /mnt/home/guess03/clic/work_full_gpu/bakeoff --qhat /mnt/home/guess03/clic/inputs/qhat_v1/qhat/qhat_v1.json --cands msillm mbt codlite
===== prepare
30 images, 86245376 pixels, budgets {'0.075': 808550, '0.15': 1617100, '0.3': 3234201}
===== points
Downloading: "https://github.com/facebookresearch/NeuralCompression/zipball/main" to /mnt/home/guess03/.cache/torch/hub/main.zip
/mnt/home/guess03/.cache/torch/hub/facebookresearch_NeuralCompression_main/neuralcompression/__init__.py:21: UserWarning: Could not retrieve neuralcompression version!
  warnings.warn("Could not retrieve neuralcompression version!")
Downloading: "https://dl.fbaipublicfiles.com/NeuralCompression/2023-muckley-msillm/msillm_target_0.035bpp.ckpt" to /mnt/home/guess03/.cache/torch/hub/checkpoints/msillm_target_0.035bpp.ckpt

  0%|          | 0.00/692M [00:00<?, ?B/s]
  0%|          | 128k/692M [00:00<33:35, 360kB/s]
  0%|          | 256k/692M [00:00<22:53, 528kB/s]
  0%|          | 384k/692M [00:00<19:05, 634kB/s]
  0%|          | 768k/692M [00:00<09:57, 1.21MB/s]
  0%|          | 1.62M/692M [00:01<04:40, 2.58MB/s]
  0%|          | 3.00M/692M [00:01<03:55, 3.07MB/s]
  1%|          | 7.38M/692M [00:01<01:14, 9.62MB/s]
  2%|▏         | 12.2M/692M [00:01<00:41, 17.0MB/s]
  2%|▏         | 14.9M/692M [00:01<00:37, 19.1MB/s]
  3%|▎         | 17.5M/692M [00:01<00:35, 20.1MB/s]
  3%|▎         | 20.0M/692M [00:02<00:37, 18.7MB/s]
  3%|▎         | 23.4M/692M [00:02<00:33, 20.7MB/s]
  4%|▍         | 26.0M/692M [00:02<00:31, 21.9MB/s]
  4%|▍         | 28.4M/692M [00:02<00:32, 21.3MB/s]
  4%|▍         | 31.1M/692M [00:02<00:33, 20.9MB/s]
  5%|▍         | 33.2M/692M [00:02<00:34, 20.2MB/s]
  5%|▌         | 35.2M/692M [00:02<00:38, 18.1MB/s]
  6%|▌         | 38.6M/692M [00:02<00:31, 21.6MB/s]
  6%|▌         | 40.9M/692M [00:03<00:38, 17.8MB/s]
  6%|▋         | 43.4M/692M [00:03<00:34, 19.6MB/s]
  7%|▋         | 45.5M/692M [00:03<00:34, 19.7MB/s]
  7%|▋         | 47.8M/692M [00:03<00:33, 19.9MB/s]
  7%|▋         | 50.0M/692M [00:03<00:32, 20.8MB/s]
  8%|▊         | 52.1M/692M [00:03<00:35, 18.8MB/s]
  8%|▊         | 55.4M/692M [00:03<00:33, 20.2MB/s]
  8%|▊         | 57.4M/692M [00:03<00:33, 20.1MB/s]
  9%|▊         | 59.4M/692M [00:04<00:35, 18.9MB/s]
  9%|▉         | 62.0M/692M [00:04<00:31, 20.9MB/s]
  9%|▉         | 64.1M/692M [00:04<00:36, 18.0MB/s]
 10%|▉         | 66.2M/692M [00:04<00:34, 18.9MB/s]
 10%|▉         | 68.2M/692M [00:04<00:33, 19.3MB/s]
 10%|█         | 71.1M/692M [00:04<00:29, 22.2MB/s]
 11%|█         | 73.4M/692M [00:04<00:31, 20.3MB/s]
 11%|█         | 75.8M/692M [00:04<00:30, 21.4MB/s]
 11%|█▏        | 78.5M/692M [00:05<00:32, 19.6MB/s]
 12%|█▏        | 80.5M/692M [00:05<00:37, 17.1MB/s]
 12%|█▏        | 83.5M/692M [00:05<00:31, 20.0MB/s]
 12%|█▏        | 85.6M/692M [00:05<00:31, 20.0MB/s]
 13%|█▎        | 87.8M/692M [00:05<00:32, 19.7MB/s]
 13%|█▎        | 90.0M/692M [00:05<00:30, 20.4MB/s]
 13%|█▎        | 92.1M/692M [00:05<00:30, 20.8MB/s]
 14%|█▎        | 94.2M/692M [00:05<00:35, 17.6MB/s]
 14%|█▍        | 96.6M/692M [00:06<00:32, 19.2MB/s]
 14%|█▍        | 98.6M/692M [00:06<00:32, 19.3MB/s]
 15%|█▍        | 101M/692M [00:06<00:32, 19.1MB/s] 
 15%|█▍        | 103M/692M [00:06<00:32, 19.2MB/s]
 15%|█▌        | 104M/692M [00:06<00:32, 18.8MB/s]
 15%|█▌        | 107M/692M [00:06<00:30, 20.0MB/s]
 16%|█▌        | 109M/692M [00:06<00:30, 20.2MB/s]
 16%|█▌        | 111M/692M [00:06<00:30, 19.9MB/s]
 16%|█▋        | 113M/692M [00:06<00:33, 18.0MB/s]
 17%|█▋        | 115M/692M [00:07<00:35, 16.9MB/s]
 17%|█▋        | 116M/692M [00:07<00:39, 15.4MB/s]
 17%|█▋        | 118M/692M [00:07<00:39, 15.3MB/s]
 17%|█▋        | 120M/692M [00:07<00:43, 13.9MB/s]
 17%|█▋        | 121M/692M [00:07<00:49, 12.2MB/s]
 18%|█▊        | 122M/692M [00:07<00:46, 12.9MB/s]
 18%|█▊        | 124M/692M [00:07<00:45, 13.0MB/s]
 18%|█▊        | 125M/692M [00:08<00:45, 13.0MB/s]
 18%|█▊        | 126M/692M [00:08<00:45, 13.0MB/s]
 18%|█▊        | 128M/692M [00:08<00:46, 12.6MB/s]
 19%|█▊        | 129M/692M [00:08<00:47, 12.5MB/s]
 19%|█▉        | 131M/692M [00:08<00:45, 13.0MB/s]
 19%|█▉        | 132M/692M [00:09<01:43, 5.70MB/s]
 19%|█▉        | 133M/692M [00:09<01:24, 6.94MB/s]
 19%|█▉        | 135M/692M [00:09<01:08, 8.57MB/s]
 20%|█▉        | 137M/692M [00:09<00:56, 10.3MB/s]
 20%|█▉        | 138M/692M [00:09<00:53, 10.9MB/s]
 20%|██        | 140M/692M [00:09<00:47, 12.2MB/s]
 20%|██        | 141M/692M [00:09<00:45, 12.8MB/s]
 21%|██        | 143M/692M [00:09<00:43, 13.2MB/s]
 21%|██        | 145M/692M [00:09<00:38, 15.0MB/s]
 21%|██▏       | 148M/692M [00:10<00:31, 18.0MB/s]
 22%|██▏       | 151M/692M [00:10<00:25, 22.0MB/s]
 22%|██▏       | 154M/692M [00:10<00:23, 23.7MB/s]
 23%|██▎       | 156M/692M [00:10<00:24, 23.3MB/s]
 23%|██▎       | 159M/692M [00:10<00:44, 12.6MB/s]
 23%|██▎       | 161M/692M [00:10<00:41, 13.4MB/s]
 24%|██▎       | 163M/692M [00:11<00:35, 15.8MB/s]
 24%|██▍       | 165M/692M [00:11<00:32, 16.8MB/s]
 24%|██▍       | 167M/692M [00:11<00:31, 17.7MB/s]
 24%|██▍       | 169M/692M [00:11<00:30, 18.0MB/s]
 25%|██▍       | 171M/692M [00:11<00:30, 18.1MB/s]
 25%|██▌       | 173M/692M [00:11<00:31, 17.3MB/s]
 25%|██▌       | 175M/692M [00:11<00:33, 16.1MB/s]
 26%|██▌       | 177M/692M [00:11<00:32, 16.6MB/s]
 26%|██▌       | 178M/692M [00:11<00:33, 16.2MB/s]
 26%|██▌       | 180M/692M [00:12<00:33, 16.1MB/s]
 26%|██▋       | 182M/692M [00:12<00:32, 16.2MB/s]
 27%|██▋       | 184M/692M [00:12<00:35, 15.1MB/s]
 27%|██▋       | 185M/692M [00:12<00:36, 14.6MB/s]
 27%|██▋       | 187M/692M [00:12<00:34, 15.5MB/s]
 27%|██▋       | 189M/692M [00:12<00:33, 15.8MB/s]
 27%|██▋       | 190M/692M [00:12<00:34, 15.3MB/s]
 28%|██▊       | 192M/692M [00:12<00:40, 12.9MB/s]
 28%|██▊       | 193M/692M [00:13<00:39, 13.3MB/s]
 28%|██▊       | 195M/692M [00:13<00:34, 15.0MB/s]
 28%|██▊       | 197M/692M [00:13<00:32, 16.2MB/s]
 29%|██▊       | 199M/692M [00:13<00:31, 16.2MB/s]
 29%|██▉       | 201M/692M [00:13<00:30, 17.2MB/s]
 29%|██▉       | 202M/692M [00:13<00:29, 17.5MB/s]
 29%|██▉       | 204M/692M [00:13<00:29, 17.3MB/s]
 30%|██▉       | 207M/692M [00:13<00:25, 19.9MB/s]
 30%|███       | 211M/692M [00:13<00:19, 25.8MB/s]
 31%|███       | 216M/692M [00:13<00:14, 33.7MB/s]
 32%|███▏      | 221M/692M [00:14<00:12, 39.1MB/s]
 32%|███▏      | 225M/692M [00:14<00:12, 39.4MB/s]
 33%|███▎      | 228M/692M [00:14<00:12, 38.1MB/s]
 34%|███▎      | 232M/692M [00:14<00:23, 20.7MB/s]
 34%|███▍      | 235M/692M [00:14<00:26, 17.8MB/s]
 34%|███▍      | 238M/692M [00:15<00:30, 15.5MB/s]
 35%|███▍      | 240M/692M [00:15<00:33, 14.3MB/s]
 35%|███▍      | 241M/692M [00:15<00:33, 14.1MB/s]
 35%|███▌      | 243M/692M [00:15<00:32, 14.6MB/s]
 35%|███▌      | 245M/692M [00:15<00:32, 14.6MB/s]
 36%|███▌      | 246M/692M [00:15<00:33, 14.0MB/s]
 36%|███▌      | 248M/692M [00:15<00:35, 13.3MB/s]
 36%|███▌      | 249M/692M [00:16<00:33, 13.8MB/s]
 36%|███▌      | 251M/692M [00:16<00:32, 14.1MB/s]
 36%|███▋      | 252M/692M [00:16<00:34, 13.5MB/s]
 37%|███▋      | 254M/692M [00:16<00:36, 12.5MB/s]
 37%|███▋      | 255M/692M [00:16<00:37, 12.3MB/s]
 37%|███▋      | 256M/692M [00:16<00:42, 10.8MB/s]
 37%|███▋      | 257M/692M [00:16<00:51, 8.89MB/s]
 37%|███▋      | 258M/692M [00:17<00:51, 8.90MB/s]
 37%|███▋      | 259M/692M [00:17<00:51, 8.85MB/s]
 38%|███▊      | 260M/692M [00:17<00:53, 8.53MB/s]
 38%|███▊      | 261M/692M [00:17<00:55, 8.18MB/s]
 38%|███▊      | 262M/692M [00:17<00:58, 7.74MB/s]
 38%|███▊      | 263M/692M [00:17<00:59, 7.52MB/s]
 38%|███▊      | 264M/692M [00:17<01:03, 7.04MB/s]
 38%|███▊      | 264M/692M [00:17<01:08, 6.58MB/s]
 38%|███▊      | 265M/692M [00:18<01:10, 6.40MB/s]
 38%|███▊      | 266M/692M [00:18<01:12, 6.20MB/s]
 38%|███▊      | 266M/692M [00:18<01:17, 5.77MB/s]
 39%|███▊      | 267M/692M [00:18<01:23, 5.36MB/s]
 39%|███▊      | 268M/692M [00:18<01:17, 5.77MB/s]
 39%|███▉      | 269M/692M [00:18<01:04, 6.92MB/s]
 39%|███▉      | 271M/692M [00:18<00:44, 9.96MB/s]
 39%|███▉      | 272M/692M [00:18<00:36, 12.0MB/s]
 40%|███▉      | 274M/692M [00:19<00:34, 12.6MB/s]
 40%|███▉      | 275M/692M [00:19<00:33, 13.1MB/s]
 40%|████      | 277M/692M [00:19<00:30, 14.4MB/s]
 40%|████      | 278M/692M [00:19<00:30, 14.1MB/s]
 40%|████      | 280M/692M [00:19<00:29, 14.8MB/s]
 41%|████      | 283M/692M [00:19<00:23, 18.0MB/s]
 41%|████      | 285M/692M [00:19<00:21, 19.8MB/s]
 42%|████▏     | 288M/692M [00:19<00:21, 19.8MB/s]
 42%|████▏     | 290M/692M [00:19<00:22, 18.7MB/s]
 42%|████▏     | 292M/692M [00:20<00:20, 20.4MB/s]
 42%|████▏     | 294M/692M [00:20<00:21, 19.8MB/s]
 43%|████▎     | 296M/692M [00:20<00:20, 20.1MB/s]
 43%|████▎     | 298M/692M [00:20<00:22, 18.6MB/s]
 43%|████▎     | 300M/692M [00:21<01:06, 6.23MB/s]
 44%|████▎     | 302M/692M [00:21<00:53, 7.73MB/s]
 44%|████▍     | 303M/692M [00:21<00:48, 8.49MB/s]
 44%|████▍     | 305M/692M [00:21<00:42, 9.61MB/s]
 44%|████▍     | 306M/692M [00:21<00:36, 11.1MB/s]
 45%|████▍     | 308M/692M [00:21<00:30, 13.1MB/s]
 45%|████▍     | 311M/692M [00:21<00:23, 16.9MB/s]
 45%|████▌     | 314M/692M [00:21<00:21, 18.5MB/s]
 46%|████▌     | 316M/692M [00:22<00:20, 19.7MB/s]
 46%|████▌     | 319M/692M [00:22<00:16, 23.4MB/s]
 47%|████▋     | 323M/692M [00:22<00:14, 26.2MB/s]
 47%|████▋     | 328M/692M [00:22<00:12, 30.7MB/s]
 48%|████▊     | 331M/692M [00:22<00:12, 29.3MB/s]
 48%|████▊     | 334M/692M [00:22<00:12, 30.2MB/s]
 49%|████▊     | 337M/692M [00:22<00:12, 30.5MB/s]
 49%|████▉     | 341M/692M [00:22<00:11, 31.2MB/s]
 50%|████▉     | 344M/692M [00:23<00:19, 18.5MB/s]
 50%|█████     | 347M/692M [00:23<00:17, 20.3MB/s]
 51%|█████     | 351M/692M [00:23<00:14, 24.4MB/s]
 51%|█████▏    | 355M/692M [00:23<00:12, 28.5MB/s]
 52%|█████▏    | 359M/692M [00:23<00:11, 31.3MB/s]
 52%|█████▏    | 362M/692M [00:23<00:11, 30.6MB/s]
 53%|█████▎    | 365M/692M [00:23<00:11, 30.8MB/s]
 53%|█████▎    | 369M/692M [00:23<00:10, 32.8MB/s]
 54%|█████▍    | 372M/692M [00:24<00:10, 32.1MB/s]
 54%|█████▍    | 376M/692M [00:24<00:11, 29.2MB/s]
 55%|█████▍    | 379M/692M [00:24<00:11, 29.7MB/s]
 55%|█████▌    | 382M/692M [00:24<00:11, 27.7MB/s]
 56%|█████▌    | 385M/692M [00:24<00:11, 27.6MB/s]
 56%|█████▌    | 388M/692M [00:24<00:13, 24.0MB/s]
 56%|█████▋    | 390M/692M [00:24<00:13, 23.9MB/s]
 57%|█████▋    | 392M/692M [00:24<00:13, 22.7MB/s]
 57%|█████▋    | 395M/692M [00:25<00:13, 22.4MB/s]
 57%|█████▋    | 397M/692M [00:25<00:14, 21.0MB/s]
 58%|█████▊    | 399M/692M [00:25<00:24, 12.4MB/s]
 58%|█████▊    | 402M/692M [00:25<00:20, 14.7MB/s]
 59%|█████▊    | 405M/692M [00:25<00:16, 18.8MB/s]
 59%|█████▉    | 409M/692M [00:25<00:13, 22.6MB/s]
 60%|█████▉    | 412M/692M [00:26<00:11, 26.3MB/s]
 60%|██████    | 416M/692M [00:26<00:10, 26.9MB/s]
 61%|██████    | 419M/692M [00:26<00:10, 28.6MB/s]
 61%|██████    | 422M/692M [00:26<00:10, 26.8MB/s]
 61%|██████▏   | 425M/692M [00:27<00:38, 7.22MB/s]
 62%|██████▏   | 427M/692M [00:27<00:33, 8.21MB/s]
 62%|██████▏   | 428M/692M [00:27<00:29, 9.34MB/s]
 62%|██████▏   | 430M/692M [00:27<00:25, 10.6MB/s]
 62%|██████▏   | 432M/692M [00:28<00:23, 11.4MB/s]
 63%|██████▎   | 434M/692M [00:28<00:21, 12.5MB/s]
 63%|██████▎   | 436M/692M [00:28<00:19, 13.6MB/s]
 63%|██████▎   | 439M/692M [00:28<00:15, 17.2MB/s]
 64%|██████▎   | 441M/692M [00:28<00:14, 18.2MB/s]
 64%|██████▍   | 443M/692M [00:28<00:14, 18.4MB/s]
 64%|██████▍   | 445M/692M [00:28<00:15, 17.3MB/s]
 65%|██████▍   | 447M/692M [00:28<00:13, 18.4MB/s]
 65%|██████▍   | 449M/692M [00:28<00:14, 18.1MB/s]
 65%|██████▌   | 451M/692M [00:29<00:14, 17.5MB/s]
 65%|██████▌   | 453M/692M [00:29<00:15, 16.0MB/s]
 66%|██████▌   | 455M/692M [00:29<00:13, 18.4MB/s]
 66%|██████▌   | 458M/692M [00:29<00:11, 21.1MB/s]
 66%|██████▋   | 460M/692M [00:29<00:11, 20.9MB/s]
 67%|██████▋   | 463M/692M [00:29<00:10, 22.4MB/s]
 67%|██████▋   | 466M/692M [00:29<00:09, 24.1MB/s]
 68%|██████▊   | 468M/692M [00:29<00:09, 24.1MB/s]
 68%|██████▊   | 471M/692M [00:29<00:08, 26.0MB/s]
 68%|██████▊   | 474M/692M [00:30<00:09, 25.1MB/s]
 69%|██████▉   | 476M/692M [00:30<00:09, 23.4MB/s]
 69%|██████▉   | 479M/692M [00:30<00:09, 23.0MB/s]
 70%|██████▉   | 481M/692M [00:30<00:09, 22.9MB/s]
 70%|██████▉   | 484M/692M [00:30<00:09, 22.3MB/s]
 70%|███████   | 486M/692M [00:30<00:10, 21.5MB/s]
 70%|███████   | 488M/692M [00:30<00:10, 20.6MB/s]
 71%|███████   | 490M/692M [00:30<00:10, 20.8MB/s]
 71%|███████   | 493M/692M [00:31<00:10, 20.7MB/s]
 72%|███████▏  | 497M/692M [00:31<00:08, 24.5MB/s]
 72%|███████▏  | 499M/692M [00:31<00:13, 14.9MB/s]
 72%|███████▏  | 502M/692M [00:31<00:12, 16.2MB/s]
 73%|███████▎  | 504M/692M [00:31<00:10, 18.4MB/s]
 73%|███████▎  | 506M/692M [00:31<00:10, 18.7MB/s]
 73%|███████▎  | 508M/692M [00:31<00:09, 19.4MB/s]
 74%|███████▎  | 510M/692M [00:32<00:09, 19.5MB/s]
 74%|███████▍  | 512M/692M [00:32<00:09, 19.6MB/s]
 74%|███████▍  | 514M/692M [00:32<00:10, 18.0MB/s]
 75%|███████▍  | 516M/692M [00:32<00:09, 18.5MB/s]
 75%|███████▌  | 519M/692M [00:32<00:08, 21.4MB/s]
 76%|███████▌  | 524M/692M [00:32<00:06, 26.3MB/s]
 76%|███████▌  | 528M/692M [00:32<00:05, 30.9MB/s]
 77%|███████▋  | 531M/692M [00:32<00:05, 31.7MB/s]
 77%|███████▋  | 534M/692M [00:32<00:05, 32.3MB/s]
 78%|███████▊  | 538M/692M [00:33<00:04, 33.1MB/s]
 78%|███████▊  | 541M/692M [00:33<00:04, 33.0MB/s]
 79%|███████▊  | 544M/692M [00:33<00:04, 33.0MB/s]
 79%|███████▉  | 548M/692M [00:33<00:04, 34.2MB/s]
 80%|███████▉  | 551M/692M [00:33<00:04, 32.3MB/s]
 80%|████████  | 555M/692M [00:33<00:04, 32.8MB/s]
 81%|████████  | 558M/692M [00:33<00:04, 32.5MB/s]
 81%|████████  | 561M/692M [00:33<00:04, 30.3MB/s]
 81%|████████▏ | 564M/692M [00:33<00:04, 30.0MB/s]
 82%|████████▏ | 567M/692M [00:34<00:04, 29.8MB/s]
 82%|████████▏ | 571M/692M [00:34<00:04, 31.7MB/s]
 83%|████████▎ | 574M/692M [00:34<00:04, 30.9MB/s]
 83%|████████▎ | 577M/692M [00:34<00:03, 31.0MB/s]
 84%|████████▍ | 580M/692M [00:34<00:03, 32.8MB/s]
 84%|████████▍ | 584M/692M [00:34<00:03, 33.2MB/s]
 85%|████████▍ | 588M/692M [00:34<00:03, 34.6MB/s]
 85%|████████▌ | 591M/692M [00:34<00:03, 34.2MB/s]
 86%|████████▌ | 594M/692M [00:34<00:03, 28.3MB/s]
 86%|████████▋ | 598M/692M [00:35<00:03, 29.7MB/s]
 87%|████████▋ | 601M/692M [00:35<00:03, 29.1MB/s]
 87%|████████▋ | 604M/692M [00:35<00:03, 27.5MB/s]
 88%|████████▊ | 606M/692M [00:35<00:03, 27.0MB/s]
 88%|████████▊ | 610M/692M [00:35<00:02, 29.7MB/s]
 89%|████████▉ | 616M/692M [00:35<00:02, 35.0MB/s]
 90%|████████▉ | 620M/692M [00:35<00:01, 37.9MB/s]
 90%|█████████ | 624M/692M [00:35<00:01, 37.1MB/s]
 91%|█████████ | 628M/692M [00:35<00:01, 37.2MB/s]
 91%|█████████▏| 633M/692M [00:36<00:01, 42.4MB/s]
 92%|█████████▏| 638M/692M [00:36<00:01, 43.7MB/s]
 93%|█████████▎| 642M/692M [00:36<00:01, 33.2MB/s]
 93%|█████████▎| 645M/692M [00:36<00:01, 30.3MB/s]
 94%|█████████▎| 649M/692M [00:36<00:02, 20.3MB/s]
 94%|█████████▍| 651M/692M [00:37<00:02, 20.1MB/s]
 95%|█████████▍| 655M/692M [00:37<00:01, 23.1MB/s]
 95%|█████████▍| 658M/692M [00:37<00:01, 19.2MB/s]
 95%|█████████▌| 660M/692M [00:37<00:01, 17.5MB/s]
 96%|█████████▌| 662M/692M [00:37<00:01, 19.2MB/s]
 96%|█████████▌| 665M/692M [00:37<00:01, 18.2MB/s]
 96%|█████████▋| 668M/692M [00:37<00:01, 18.8MB/s]
 97%|█████████▋| 670M/692M [00:38<00:01, 20.1MB/s]
 97%|█████████▋| 673M/692M [00:38<00:00, 21.4MB/s]
 98%|█████████▊| 675M/692M [00:38<00:00, 19.4MB/s]
 98%|█████████▊| 679M/692M [00:38<00:00, 22.1MB/s]
 98%|█████████▊| 682M/692M [00:38<00:00, 22.5MB/s]
 99%|█████████▉| 684M/692M [00:38<00:00, 21.6MB/s]
 99%|█████████▉| 687M/692M [00:38<00:00, 22.2MB/s]
100%|█████████▉| 689M/692M [00:38<00:00, 21.0MB/s]
100%|█████████▉| 691M/692M [00:39<00:00, 18.9MB/s]
100%|██████████| 692M/692M [00:39<00:00, 18.5MB/s]
/mnt/home/guess03/clic/clic2027-image/src/clic27/eval/metrics.py:67: UserWarning: The given NumPy array is not writable, and PyTorch does not support non-writable tensors. This means writing to this tensor will result in undefined behavior. You may want to copy the array to protect its data or make it writable before converting it to a tensor. This type of warning will be suppressed for the rest of this program. (Triggered internally at /pytorch/torch/csrc/utils/tensor_numpy.cpp:213.)
  return torch.from_numpy(np.ascontiguousarray(a)).permute(2, 0, 1)[None].float().div(255).to(dev)
/mnt/home/guess03/clic/venv/lib/python3.12/site-packages/torchvision/models/_utils.py:208: UserWarning: The parameter 'pretrained' is deprecated since 0.13 and may be removed in the future, please use 'weights' instead.
  warnings.warn(
/mnt/home/guess03/clic/venv/lib/python3.12/site-packages/torchvision/models/_utils.py:223: UserWarning: Arguments other than a weight enum or `None` for 'weights' are deprecated since 0.13 and may be removed in the future. The current behavior is equivalent to passing `weights=AlexNet_Weights.IMAGENET1K_V1`. You can also use `weights=AlexNet_Weights.DEFAULT` to get the most up-to-date weights.
  warnings.warn(msg)
/mnt/home/guess03/clic/venv/lib/python3.12/site-packages/torchvision/models/_utils.py:223: UserWarning: Arguments other than a weight enum or `None` for 'weights' are deprecated since 0.13 and may be removed in the future. The current behavior is equivalent to passing `weights=VGG16_Weights.IMAGENET1K_V1`. You can also use `weights=VGG16_Weights.DEFAULT` to get the most up-to-date weights.
  warnings.warn(msg)
msillm q1 02809272 26676 B  dec 0.75s
msillm q1 0369d229 7820 B  dec 0.64s
msillm q1 07b9f93f 11752 B  dec 0.52s
msillm q1 0d154749 11812 B  dec 0.58s
msillm q1 1b4ad095 7808 B  dec 0.51s
msillm q1 1cba10ad 7388 B  dec 0.64s
msillm q1 2397c73f 13664 B  dec 1.16s
msillm q1 2684452d 13508 B  dec 0.53s
msillm q1 2a760bf1 4708 B  dec 0.81s
msillm q1 4ebc0e6c 9392 B  dec 0.72s
msillm q1 50d13125 4568 B  dec 0.73s
msillm q1 50fe4c3d 24288 B  dec 0.57s
msillm q1 58104815 18200 B  dec 0.76s
msillm q1 608cb09e 24364 B  dec 1.02s
msillm q1 79b1bb29 17420 B  dec 0.58s
msillm q1 8426ed22 8228 B  dec 1.11s
msillm q1 86127fbd 17428 B  dec 0.45s
msillm q1 937476dd 37332 B  dec 0.60s
msillm q1 a2a946cc 14596 B  dec 0.62s
msillm q1 a365e654 19972 B  dec 0.51s
msillm q1 b0b3744c 19788 B  dec 0.58s
msillm q1 bb7344a2 7360 B  dec 0.52s
msillm q1 c9510efb 13276 B  dec 0.48s
msillm q1 d0208a1e 18376 B  dec 0.74s
msillm q1 da52c4f6 33256 B  dec 0.67s
msillm q1 e0d8e29c 6228 B  dec 0.77s
msillm q1 ebfd571f 20852 B  dec 0.76s
msillm q1 eda6d427 21472 B  dec 0.88s
msillm q1 f67f11de 6556 B  dec 0.81s
msillm q1 ff32adfa 15700 B  dec 0.62s
Using cache found in /mnt/home/guess03/.cache/torch/hub/facebookresearch_NeuralCompression_main
Downloading: "https://dl.fbaipublicfiles.com/NeuralCompression/2023-muckley-msillm/msillm_target_0.07bpp.ckpt" to /mnt/home/guess03/.cache/torch/hub/checkpoints/msillm_target_0.07bpp.ckpt

  0%|          | 0.00/692M [00:00<?, ?B/s]
  0%|          | 128k/692M [00:00<31:46, 381kB/s]
  0%|          | 256k/692M [00:00<22:29, 538kB/s]
  0%|          | 384k/692M [00:00<19:22, 624kB/s]
  0%|          | 768k/692M [00:00<10:00, 1.21MB/s]
  0%|          | 1.62M/692M [00:01<04:42, 2.57MB/s]
  0%|          | 3.12M/692M [00:01<02:33, 4.70MB/s]
  1%|          | 5.12M/692M [00:01<01:28, 8.11MB/s]
  1%|          | 8.38M/692M [00:01<00:53, 13.5MB/s]
  1%|▏         | 10.1M/692M [00:01<00:51, 13.8MB/s]
  2%|▏         | 13.9M/692M [00:01<00:42, 16.9MB/s]
  2%|▏         | 17.0M/692M [00:01<00:41, 17.3MB/s]
  3%|▎         | 20.8M/692M [00:02<00:32, 21.9MB/s]
  3%|▎         | 23.1M/692M [00:02<00:31, 22.2MB/s]
  4%|▎         | 25.5M/692M [00:02<00:33, 21.1MB/s]
  4%|▍         | 27.6M/692M [00:02<00:33, 21.1MB/s]
  4%|▍         | 29.8M/692M [00:02<00:52, 13.1MB/s]
  5%|▌         | 34.8M/692M [00:02<00:34, 20.2MB/s]
  6%|▌         | 39.0M/692M [00:02<00:27, 24.9MB/s]
  6%|▌         | 42.1M/692M [00:03<00:26, 25.4MB/s]
  7%|▋         | 45.1M/692M [00:03<00:41, 16.2MB/s]
  7%|▋         | 49.4M/692M [00:03<00:32, 20.9MB/s]
  8%|▊         | 52.6M/692M [00:03<00:28, 23.3MB/s]
  8%|▊         | 55.6M/692M [00:03<00:27, 24.7MB/s]
  8%|▊         | 58.6M/692M [00:04<00:42, 15.8MB/s]
  9%|▉         | 63.5M/692M [00:04<00:30, 21.7MB/s]
 10%|▉         | 67.1M/692M [00:04<00:27, 24.0MB/s]
 10%|█         | 70.8M/692M [00:04<00:24, 26.8MB/s]
 11%|█         | 74.0M/692M [00:04<00:25, 25.3MB/s]
 11%|█         | 76.9M/692M [00:04<00:27, 23.5MB/s]
 11%|█▏        | 79.5M/692M [00:04<00:30, 20.9MB/s]
 12%|█▏        | 81.8M/692M [00:05<00:30, 20.9MB/s]
 12%|█▏        | 84.0M/692M [00:05<00:32, 19.6MB/s]
 13%|█▎        | 87.0M/692M [00:05<00:29, 21.6MB/s]
 13%|█▎        | 89.2M/692M [00:05<00:29, 21.5MB/s]
 13%|█▎        | 91.5M/692M [00:05<00:32, 19.5MB/s]
 14%|█▎        | 94.5M/692M [00:05<00:28, 22.3MB/s]
 14%|█▍        | 96.8M/692M [00:05<00:28, 21.7MB/s]
 14%|█▍        | 99.1M/692M [00:05<00:29, 21.4MB/s]
 15%|█▍        | 103M/692M [00:06<00:28, 21.7MB/s] 
 15%|█▌        | 107M/692M [00:06<00:27, 22.5MB/s]
 16%|█▌        | 110M/692M [00:06<00:27, 22.5MB/s]
 16%|█▋        | 113M/692M [00:06<00:27, 22.2MB/s]
 17%|█▋        | 115M/692M [00:06<00:25, 23.4MB/s]
 17%|█▋        | 118M/692M [00:06<00:27, 21.9MB/s]
 17%|█▋        | 120M/692M [00:06<00:27, 22.2MB/s]
 18%|█▊        | 124M/692M [00:07<00:27, 21.6MB/s]
 18%|█▊        | 127M/692M [00:07<00:24, 24.3MB/s]
 19%|█▊        | 129M/692M [00:07<00:24, 24.4MB/s]
 19%|█▉        | 132M/692M [00:07<00:27, 21.1MB/s]
 19%|█▉        | 135M/692M [00:07<00:27, 21.5MB/s]
 20%|██        | 139M/692M [00:07<00:27, 21.2MB/s]
 20%|██        | 141M/692M [00:08<00:38, 15.1MB/s]
 21%|██        | 146M/692M [00:08<00:26, 21.6MB/s]
 22%|██▏       | 150M/692M [00:08<00:22, 25.6MB/s]
 22%|██▏       | 153M/692M [00:08<00:24, 23.4MB/s]
 22%|██▏       | 156M/692M [00:08<00:25, 22.3MB/s]
 23%|██▎       | 159M/692M [00:08<00:25, 22.2MB/s]
 24%|██▎       | 163M/692M [00:08<00:25, 21.4MB/s]
 24%|██▍       | 167M/692M [00:09<00:24, 22.5MB/s]
 24%|██▍       | 169M/692M [00:09<00:27, 20.1MB/s]
 25%|██▍       | 172M/692M [00:09<00:28, 19.2MB/s]
 25%|██▌       | 176M/692M [00:09<00:26, 20.5MB/s]
 26%|██▌       | 180M/692M [00:09<00:25, 21.1MB/s]
 26%|██▋       | 183M/692M [00:09<00:24, 21.6MB/s]
 27%|██▋       | 187M/692M [00:10<00:22, 23.2MB/s]
 27%|██▋       | 189M/692M [00:10<00:22, 23.4MB/s]
 28%|██▊       | 192M/692M [00:10<00:24, 21.8MB/s]
 28%|██▊       | 195M/692M [00:10<00:23, 22.1MB/s]
 28%|██▊       | 197M/692M [00:10<00:28, 18.2MB/s]
 29%|██▉       | 200M/692M [00:10<00:23, 22.3MB/s]
 29%|██▉       | 204M/692M [00:10<00:22, 22.8MB/s]
 30%|██▉       | 207M/692M [00:11<00:21, 23.9MB/s]
 30%|███       | 209M/692M [00:11<00:21, 23.1MB/s]
 31%|███       | 212M/692M [00:11<00:23, 21.3MB/s]
 31%|███       | 215M/692M [00:11<00:19, 25.3MB/s]
 31%|███▏      | 218M/692M [00:11<00:21, 22.7MB/s]
 32%|███▏      | 220M/692M [00:11<00:23, 20.9MB/s]
 32%|███▏      | 223M/692M [00:11<00:24, 20.2MB/s]
 33%|███▎      | 227M/692M [00:12<00:23, 21.2MB/s]
 33%|███▎      | 231M/692M [00:12<00:22, 21.6MB/s]
 34%|███▎      | 233M/692M [00:12<00:20, 23.1MB/s]
 34%|███▍      | 236M/692M [00:12<00:20, 23.5MB/s]
 34%|███▍      | 238M/692M [00:12<00:22, 21.4MB/s]
 35%|███▍      | 240M/692M [00:12<00:22, 20.7MB/s]
 35%|███▌      | 243M/692M [00:12<00:21, 21.6MB/s]
 35%|███▌      | 246M/692M [00:12<00:21, 21.6MB/s]
 36%|███▌      | 248M/692M [00:13<00:21, 21.4MB/s]
 36%|███▌      | 251M/692M [00:13<00:20, 22.4MB/s]
 37%|███▋      | 254M/692M [00:13<00:19, 23.7MB/s]
 37%|███▋      | 256M/692M [00:13<00:21, 21.4MB/s]
 37%|███▋      | 259M/692M [00:13<00:25, 18.0MB/s]
 38%|███▊      | 262M/692M [00:13<00:22, 19.6MB/s]
 38%|███▊      | 264M/692M [00:13<00:23, 19.0MB/s]
 39%|███▊      | 268M/692M [00:14<00:22, 19.4MB/s]
 39%|███▉      | 272M/692M [00:14<00:21, 20.4MB/s]
 40%|███▉      | 275M/692M [00:14<00:23, 18.6MB/s]
 40%|████      | 279M/692M [00:14<00:19, 22.0MB/s]
 41%|████      | 283M/692M [00:14<00:19, 22.4MB/s]
 41%|████▏     | 287M/692M [00:15<00:20, 21.0MB/s]
 42%|████▏     | 291M/692M [00:15<00:19, 21.8MB/s]
 42%|████▏     | 294M/692M [00:15<00:18, 22.2MB/s]
 43%|████▎     | 296M/692M [00:15<00:17, 23.1MB/s]
 43%|████▎     | 298M/692M [00:15<00:17, 23.3MB/s]
 43%|████▎     | 301M/692M [00:15<00:18, 22.2MB/s]
 44%|████▍     | 304M/692M [00:15<00:17, 23.5MB/s]
 44%|████▍     | 306M/692M [00:15<00:17, 22.7MB/s]
 45%|████▍     | 308M/692M [00:16<00:19, 21.2MB/s]
 45%|████▍     | 311M/692M [00:16<00:18, 21.9MB/s]
 45%|████▌     | 314M/692M [00:16<00:16, 23.4MB/s]
 46%|████▌     | 316M/692M [00:16<00:25, 15.2MB/s]
 47%|████▋     | 322M/692M [00:16<00:16, 23.6MB/s]
 47%|████▋     | 326M/692M [00:16<00:14, 25.9MB/s]
 48%|████▊     | 329M/692M [00:16<00:14, 27.0MB/s]
 48%|████▊     | 332M/692M [00:17<00:26, 14.0MB/s]
 48%|████▊     | 336M/692M [00:17<00:20, 17.9MB/s]
 49%|████▉     | 341M/692M [00:17<00:15, 23.6MB/s]
 50%|████▉     | 346M/692M [00:17<00:12, 28.9MB/s]
 50%|█████     | 350M/692M [00:17<00:13, 27.3MB/s]
 51%|█████     | 353M/692M [00:18<00:13, 25.8MB/s]
 51%|█████▏    | 356M/692M [00:18<00:14, 24.4MB/s]
 52%|█████▏    | 359M/692M [00:18<00:15, 23.3MB/s]
 52%|█████▏    | 362M/692M [00:18<00:14, 23.9MB/s]
 53%|█████▎    | 364M/692M [00:18<00:15, 22.0MB/s]
 53%|█████▎    | 366M/692M [00:18<00:18, 18.9MB/s]
 53%|█████▎    | 368M/692M [00:18<00:18, 18.7MB/s]
 54%|█████▎    | 372M/692M [00:19<00:17, 19.4MB/s]
 54%|█████▍    | 376M/692M [00:19<00:16, 20.3MB/s]
 55%|█████▍    | 379M/692M [00:19<00:13, 23.6MB/s]
 55%|█████▌    | 382M/692M [00:19<00:14, 22.5MB/s]
 55%|█████▌    | 384M/692M [00:19<00:15, 21.5MB/s]
 56%|█████▌    | 387M/692M [00:19<00:15, 21.0MB/s]
 56%|█████▋    | 390M/692M [00:19<00:14, 22.0MB/s]
 57%|█████▋    | 392M/692M [00:20<00:14, 21.9MB/s]
 57%|█████▋    | 395M/692M [00:20<00:14, 21.9MB/s]
 57%|█████▋    | 398M/692M [00:20<00:13, 23.2MB/s]
 58%|█████▊    | 400M/692M [00:20<00:14, 21.3MB/s]
 58%|█████▊    | 402M/692M [00:20<00:13, 22.4MB/s]
 58%|█████▊    | 405M/692M [00:20<00:14, 20.7MB/s]
 59%|█████▊    | 407M/692M [00:20<00:22, 13.3MB/s]
 59%|█████▉    | 409M/692M [00:21<00:20, 14.3MB/s]
 59%|█████▉    | 411M/692M [00:21<00:18, 15.7MB/s]
 60%|█████▉    | 413M/692M [00:21<00:18, 16.2MB/s]
 60%|█████▉    | 414M/692M [00:21<00:17, 17.0MB/s]
 60%|██████    | 416M/692M [00:21<00:17, 17.0MB/s]
 60%|██████    | 418M/692M [00:21<00:15, 18.0MB/s]
 61%|██████    | 420M/692M [00:21<00:15, 18.2MB/s]
 61%|██████    | 422M/692M [00:21<00:15, 18.9MB/s]
 61%|██████▏   | 424M/692M [00:21<00:15, 17.8MB/s]
 62%|██████▏   | 426M/692M [00:22<00:15, 18.6MB/s]
 62%|██████▏   | 428M/692M [00:22<00:15, 17.5MB/s]
 62%|██████▏   | 432M/692M [00:22<00:12, 22.1MB/s]
 63%|██████▎   | 436M/692M [00:22<00:09, 27.0MB/s]
 64%|██████▎   | 440M/692M [00:22<00:08, 31.2MB/s]
 64%|██████▍   | 444M/692M [00:22<00:07, 32.7MB/s]
 65%|██████▍   | 447M/692M [00:22<00:08, 30.6MB/s]
 65%|██████▌   | 450M/692M [00:22<00:08, 29.6MB/s]
 65%|██████▌   | 453M/692M [00:23<00:09, 27.1MB/s]
 66%|██████▌   | 456M/692M [00:23<00:10, 24.0MB/s]
 66%|██████▋   | 459M/692M [00:23<00:10, 23.5MB/s]
 67%|██████▋   | 462M/692M [00:23<00:08, 26.9MB/s]
 67%|██████▋   | 465M/692M [00:23<00:10, 21.9MB/s]
 68%|██████▊   | 468M/692M [00:23<00:11, 21.0MB/s]
 68%|██████▊   | 471M/692M [00:23<00:09, 23.7MB/s]
 68%|██████▊   | 474M/692M [00:23<00:10, 22.0MB/s]
 69%|██████▊   | 476M/692M [00:24<00:12, 18.9MB/s]
 69%|██████▉   | 479M/692M [00:24<00:10, 21.7MB/s]
 70%|██████▉   | 483M/692M [00:24<00:10, 21.2MB/s]
 70%|███████   | 487M/692M [00:24<00:09, 22.6MB/s]
 71%|███████   | 491M/692M [00:24<00:09, 22.0MB/s]
 71%|███████▏  | 495M/692M [00:25<00:09, 22.2MB/s]
 72%|███████▏  | 497M/692M [00:25<00:09, 21.2MB/s]
 72%|███████▏  | 500M/692M [00:25<00:09, 21.7MB/s]
 73%|███████▎  | 503M/692M [00:25<00:08, 23.3MB/s]
 73%|███████▎  | 505M/692M [00:25<00:08, 22.2MB/s]
 73%|███████▎  | 507M/692M [00:25<00:09, 20.2MB/s]
 74%|███████▎  | 510M/692M [00:25<00:09, 19.4MB/s]
 74%|███████▍  | 513M/692M [00:25<00:08, 22.8MB/s]
 74%|███████▍  | 516M/692M [00:26<00:08, 22.6MB/s]
 75%|███████▍  | 518M/692M [00:26<00:08, 20.4MB/s]
 75%|███████▌  | 521M/692M [00:26<00:07, 23.1MB/s]
 76%|███████▌  | 523M/692M [00:26<00:08, 20.0MB/s]
 76%|███████▌  | 526M/692M [00:26<00:07, 22.7MB/s]
 76%|███████▋  | 529M/692M [00:26<00:07, 23.3MB/s]
 77%|███████▋  | 531M/692M [00:26<00:08, 20.9MB/s]
 77%|███████▋  | 534M/692M [00:26<00:06, 24.4MB/s]
 78%|███████▊  | 537M/692M [00:27<00:07, 22.6MB/s]
 78%|███████▊  | 539M/692M [00:27<00:07, 21.4MB/s]
 78%|███████▊  | 542M/692M [00:27<00:07, 21.3MB/s]
 79%|███████▊  | 545M/692M [00:27<00:07, 21.9MB/s]
 79%|███████▉  | 548M/692M [00:27<00:07, 21.5MB/s]
 80%|███████▉  | 551M/692M [00:27<00:06, 22.7MB/s]
 80%|███████▉  | 553M/692M [00:27<00:06, 22.6MB/s]
 80%|████████  | 556M/692M [00:27<00:06, 21.4MB/s]
 81%|████████  | 558M/692M [00:28<00:06, 22.2MB/s]
 81%|████████  | 560M/692M [00:28<00:06, 22.2MB/s]
 81%|████████▏ | 563M/692M [00:28<00:06, 21.2MB/s]
 82%|████████▏ | 566M/692M [00:28<00:05, 23.2MB/s]
 82%|████████▏ | 569M/692M [00:28<00:05, 22.3MB/s]
 82%|████████▏ | 571M/692M [00:28<00:06, 21.1MB/s]
 83%|████████▎ | 575M/692M [00:28<00:05, 21.8MB/s]
 83%|████████▎ | 577M/692M [00:29<00:06, 17.4MB/s]
 84%|████████▍ | 580M/692M [00:29<00:05, 21.1MB/s]
 84%|████████▍ | 584M/692M [00:29<00:05, 21.3MB/s]
 85%|████████▍ | 588M/692M [00:29<00:05, 21.9MB/s]
 85%|████████▌ | 591M/692M [00:29<00:04, 22.2MB/s]
 86%|████████▌ | 594M/692M [00:29<00:04, 24.3MB/s]
 86%|████████▌ | 597M/692M [00:29<00:04, 23.2MB/s]
 87%|████████▋ | 599M/692M [00:30<00:04, 21.1MB/s]
 87%|████████▋ | 603M/692M [00:30<00:04, 22.2MB/s]
 88%|████████▊ | 606M/692M [00:30<00:03, 24.4MB/s]
 88%|████████▊ | 608M/692M [00:30<00:04, 21.4MB/s]
 88%|████████▊ | 611M/692M [00:30<00:03, 21.9MB/s]
 89%|████████▊ | 613M/692M [00:30<00:03, 21.3MB/s]
 89%|████████▉ | 615M/692M [00:30<00:04, 19.4MB/s]
 89%|████████▉ | 617M/692M [00:31<00:06, 13.1MB/s]
 90%|████████▉ | 620M/692M [00:31<00:04, 16.8MB/s]
 90%|█████████ | 623M/692M [00:31<00:03, 19.7MB/s]
 91%|█████████ | 627M/692M [00:31<00:02, 23.3MB/s]
 91%|█████████ | 630M/692M [00:31<00:02, 25.5MB/s]
 91%|█████████▏| 633M/692M [00:31<00:02, 25.8MB/s]
 92%|█████████▏| 636M/692M [00:31<00:02, 23.7MB/s]
 92%|█████████▏| 638M/692M [00:31<00:02, 24.6MB/s]
 93%|█████████▎| 641M/692M [00:32<00:02, 24.2MB/s]
 93%|█████████▎| 643M/692M [00:32<00:02, 22.7MB/s]
 93%|█████████▎| 647M/692M [00:32<00:02, 22.3MB/s]
 94%|█████████▍| 650M/692M [00:32<00:01, 22.4MB/s]
 94%|█████████▍| 653M/692M [00:32<00:01, 23.6MB/s]
 95%|█████████▍| 656M/692M [00:32<00:01, 23.8MB/s]
 95%|█████████▌| 658M/692M [00:32<00:01, 23.0MB/s]
 95%|█████████▌| 660M/692M [00:32<00:01, 21.4MB/s]
 96%|█████████▌| 663M/692M [00:33<00:01, 24.3MB/s]
 96%|█████████▌| 666M/692M [00:33<00:01, 22.2MB/s]
 96%|█████████▋| 668M/692M [00:33<00:01, 21.9MB/s]
 97%|█████████▋| 670M/692M [00:33<00:01, 22.3MB/s]
 97%|█████████▋| 672M/692M [00:33<00:00, 21.6MB/s]
 97%|█████████▋| 675M/692M [00:33<00:00, 20.7MB/s]
 98%|█████████▊| 677M/692M [00:33<00:00, 21.4MB/s]
 98%|█████████▊| 680M/692M [00:33<00:00, 23.1MB/s]
 99%|█████████▊| 682M/692M [00:33<00:00, 23.5MB/s]
 99%|█████████▉| 685M/692M [00:34<00:00, 20.4MB/s]
 99%|█████████▉| 688M/692M [00:34<00:00, 21.4MB/s]
100%|█████████▉| 691M/692M [00:34<00:00, 23.0MB/s]
100%|██████████| 692M/692M [00:34<00:00, 21.0MB/s]
msillm q2 02809272 45008 B  dec 0.76s
msillm q2 0369d229 14488 B  dec 0.58s
msillm q2 07b9f93f 22212 B  dec 0.60s
msillm q2 0d154749 23644 B  dec 0.50s
msillm q2 1b4ad095 15872 B  dec 0.48s
msillm q2 1cba10ad 14484 B  dec 0.62s
msillm q2 2397c73f 24468 B  dec 0.60s
msillm q2 2684452d 24788 B  dec 0.74s
msillm q2 2a760bf1 7860 B  dec 0.36s
msillm q2 4ebc0e6c 19284 B  dec 0.60s
msillm q2 50d13125 7996 B  dec 0.71s
msillm q2 50fe4c3d 40284 B  dec 0.91s
msillm q2 58104815 34700 B  dec 0.61s
msillm q2 608cb09e 42404 B  dec 0.70s
msillm q2 79b1bb29 30168 B  dec 0.50s
msillm q2 8426ed22 17956 B  dec 1.12s
msillm q2 86127fbd 30716 B  dec 0.77s
msillm q2 937476dd 68728 B  dec 0.67s
msillm q2 a2a946cc 25320 B  dec 0.70s
msillm q2 a365e654 37080 B  dec 0.57s
msillm q2 b0b3744c 36308 B  dec 0.64s
msillm q2 bb7344a2 12684 B  dec 0.43s
msillm q2 c9510efb 22316 B  dec 0.55s
msillm q2 d0208a1e 38120 B  dec 0.60s
msillm q2 da52c4f6 53256 B  dec 2.27s
msillm q2 e0d8e29c 12844 B  dec 0.60s
msillm q2 ebfd571f 35712 B  dec 2.59s
msillm q2 eda6d427 37776 B  dec 0.78s
msillm q2 f67f11de 13488 B  dec 0.69s
msillm q2 ff32adfa 26540 B  dec 1.06s
Using cache found in /mnt/home/guess03/.cache/torch/hub/facebookresearch_NeuralCompression_main
Downloading: "https://dl.fbaipublicfiles.com/NeuralCompression/2023-muckley-msillm/msillm_target_0.14bpp.ckpt" to /mnt/home/guess03/.cache/torch/hub/checkpoints/msillm_target_0.14bpp.ckpt

  0%|          | 0.00/692M [00:00<?, ?B/s]
  0%|          | 128k/692M [00:00<32:28, 373kB/s]
  0%|          | 256k/692M [00:00<23:06, 523kB/s]
  0%|          | 384k/692M [00:00<19:02, 635kB/s]
  0%|          | 768k/692M [00:00<09:55, 1.22MB/s]
  0%|          | 1.62M/692M [00:01<04:53, 2.46MB/s]
  0%|          | 3.00M/692M [00:01<02:43, 4.42MB/s]
  1%|          | 5.88M/692M [00:01<01:13, 9.80MB/s]
  1%|          | 7.25M/692M [00:01<01:07, 10.7MB/s]
  1%|▏         | 10.1M/692M [00:01<00:49, 14.4MB/s]
  2%|▏         | 11.8M/692M [00:01<00:48, 14.9MB/s]
  2%|▏         | 13.6M/692M [00:01<00:44, 15.9MB/s]
  2%|▏         | 16.4M/692M [00:01<00:36, 19.3MB/s]
  3%|▎         | 18.8M/692M [00:01<00:34, 20.7MB/s]
  3%|▎         | 21.1M/692M [00:02<00:32, 21.6MB/s]
  3%|▎         | 23.2M/692M [00:02<00:32, 21.4MB/s]
  4%|▎         | 25.5M/692M [00:02<00:32, 21.5MB/s]
  4%|▍         | 27.8M/692M [00:02<00:31, 21.9MB/s]
  4%|▍         | 29.9M/692M [00:02<00:35, 19.4MB/s]
  5%|▍         | 31.9M/692M [00:02<00:35, 19.4MB/s]
  5%|▍         | 33.9M/692M [00:02<00:36, 19.0MB/s]
  5%|▌         | 35.8M/692M [00:02<00:36, 18.8MB/s]
  5%|▌         | 37.6M/692M [00:02<00:36, 18.7MB/s]
  6%|▌         | 39.5M/692M [00:03<00:37, 18.3MB/s]
  6%|▌         | 41.6M/692M [00:03<00:35, 19.4MB/s]
  6%|▋         | 44.1M/692M [00:03<00:32, 20.9MB/s]
  7%|▋         | 47.8M/692M [00:03<00:27, 24.6MB/s]
  7%|▋         | 50.1M/692M [00:03<00:28, 23.4MB/s]
  8%|▊         | 52.6M/692M [00:03<00:27, 24.0MB/s]
  8%|▊         | 55.0M/692M [00:03<00:31, 21.4MB/s]
  8%|▊         | 57.1M/692M [00:03<00:38, 17.5MB/s]
  9%|▊         | 59.2M/692M [00:04<00:36, 18.3MB/s]
  9%|▉         | 61.2M/692M [00:04<00:35, 18.7MB/s]
  9%|▉         | 63.1M/692M [00:04<00:34, 18.9MB/s]
  9%|▉         | 65.0M/692M [00:04<00:44, 14.9MB/s]
 10%|▉         | 66.6M/692M [00:04<00:50, 13.1MB/s]
 10%|▉         | 68.2M/692M [00:04<00:47, 13.9MB/s]
 10%|█         | 69.8M/692M [00:04<00:46, 13.9MB/s]
 10%|█         | 71.6M/692M [00:04<00:42, 15.3MB/s]
 11%|█         | 73.5M/692M [00:05<00:39, 16.3MB/s]
 11%|█         | 75.8M/692M [00:05<00:35, 18.0MB/s]
 11%|█▏        | 79.4M/692M [00:05<00:27, 23.4MB/s]
 12%|█▏        | 82.4M/692M [00:05<00:25, 25.5MB/s]
 12%|█▏        | 85.0M/692M [00:05<00:26, 23.8MB/s]
 13%|█▎        | 88.1M/692M [00:05<00:26, 24.2MB/s]
 13%|█▎        | 92.1M/692M [00:05<00:21, 28.8MB/s]
 14%|█▎        | 95.0M/692M [00:05<00:21, 28.6MB/s]
 14%|█▍        | 97.9M/692M [00:05<00:22, 27.7MB/s]
 15%|█▍        | 101M/692M [00:06<00:24, 25.6MB/s] 
 15%|█▍        | 103M/692M [00:06<00:25, 24.5MB/s]
 15%|█▌        | 106M/692M [00:06<00:28, 21.5MB/s]
 16%|█▌        | 108M/692M [00:06<00:29, 21.1MB/s]
 16%|█▌        | 110M/692M [00:06<00:27, 22.2MB/s]
 16%|█▌        | 112M/692M [00:06<00:27, 22.5MB/s]
 17%|█▋        | 115M/692M [00:06<00:25, 23.4MB/s]
 17%|█▋        | 117M/692M [00:06<00:26, 22.7MB/s]
 17%|█▋        | 120M/692M [00:07<00:27, 22.0MB/s]
 18%|█▊        | 122M/692M [00:07<00:28, 21.1MB/s]
 18%|█▊        | 124M/692M [00:07<00:27, 21.3MB/s]
 18%|█▊        | 126M/692M [00:07<00:31, 18.7MB/s]
 19%|█▊        | 128M/692M [00:07<00:35, 16.6MB/s]
 19%|█▉        | 132M/692M [00:07<00:29, 19.8MB/s]
 20%|█▉        | 135M/692M [00:07<00:25, 22.6MB/s]
 20%|█▉        | 138M/692M [00:07<00:25, 22.6MB/s]
 20%|██        | 140M/692M [00:08<00:27, 21.2MB/s]
 21%|██        | 143M/692M [00:08<00:27, 20.7MB/s]
 21%|██        | 147M/692M [00:08<00:26, 21.5MB/s]
 22%|██▏       | 150M/692M [00:08<00:23, 24.5MB/s]
 22%|██▏       | 153M/692M [00:08<00:25, 22.1MB/s]
 22%|██▏       | 155M/692M [00:08<00:26, 21.4MB/s]
 23%|██▎       | 157M/692M [00:09<00:38, 14.6MB/s]
 23%|██▎       | 161M/692M [00:09<00:27, 20.0MB/s]
 24%|██▍       | 166M/692M [00:09<00:20, 26.5MB/s]
 24%|██▍       | 169M/692M [00:09<00:22, 24.7MB/s]
 25%|██▍       | 172M/692M [00:09<00:24, 22.6MB/s]
 25%|██▌       | 175M/692M [00:09<00:24, 22.1MB/s]
 26%|██▌       | 177M/692M [00:09<00:23, 22.5MB/s]
 26%|██▌       | 180M/692M [00:10<00:26, 20.0MB/s]
 26%|██▋       | 182M/692M [00:10<00:27, 19.6MB/s]
 27%|██▋       | 184M/692M [00:10<00:28, 18.9MB/s]
 27%|██▋       | 188M/692M [00:10<00:27, 19.5MB/s]
 28%|██▊       | 192M/692M [00:10<00:25, 20.5MB/s]
 28%|██▊       | 196M/692M [00:10<00:24, 21.4MB/s]
 29%|██▉       | 199M/692M [00:11<00:23, 21.8MB/s]
 29%|██▉       | 203M/692M [00:11<00:23, 22.2MB/s]
 30%|██▉       | 207M/692M [00:11<00:22, 22.5MB/s]
 30%|███       | 210M/692M [00:11<00:20, 24.7MB/s]
 31%|███       | 213M/692M [00:11<00:21, 22.9MB/s]
 31%|███       | 215M/692M [00:11<00:22, 22.2MB/s]
 31%|███▏      | 217M/692M [00:11<00:24, 20.1MB/s]
 32%|███▏      | 220M/692M [00:12<00:23, 21.3MB/s]
 32%|███▏      | 223M/692M [00:12<00:19, 24.7MB/s]
 33%|███▎      | 226M/692M [00:12<00:23, 21.1MB/s]
 33%|███▎      | 228M/692M [00:12<00:24, 20.1MB/s]
 33%|███▎      | 231M/692M [00:12<00:23, 20.2MB/s]
 34%|███▍      | 234M/692M [00:12<00:22, 21.5MB/s]
 34%|███▍      | 236M/692M [00:12<00:21, 21.8MB/s]
 34%|███▍      | 239M/692M [00:12<00:22, 21.2MB/s]
 35%|███▍      | 241M/692M [00:13<00:21, 21.6MB/s]
 35%|███▌      | 243M/692M [00:13<00:21, 21.8MB/s]
 36%|███▌      | 246M/692M [00:13<00:21, 22.1MB/s]
 36%|███▌      | 248M/692M [00:13<00:21, 21.6MB/s]
 36%|███▋      | 252M/692M [00:13<00:20, 22.2MB/s]
 37%|███▋      | 254M/692M [00:13<00:20, 22.8MB/s]
 37%|███▋      | 256M/692M [00:13<00:21, 21.6MB/s]
 37%|███▋      | 259M/692M [00:13<00:21, 21.3MB/s]
 38%|███▊      | 263M/692M [00:13<00:17, 25.4MB/s]
 38%|███▊      | 265M/692M [00:14<00:20, 22.1MB/s]
 39%|███▊      | 268M/692M [00:14<00:20, 22.1MB/s]
 39%|███▉      | 270M/692M [00:14<00:20, 21.3MB/s]
 39%|███▉      | 273M/692M [00:14<00:22, 19.8MB/s]
 40%|███▉      | 276M/692M [00:14<00:22, 19.7MB/s]
 40%|████      | 280M/692M [00:14<00:20, 20.7MB/s]
 41%|████      | 284M/692M [00:15<00:19, 21.5MB/s]
 41%|████▏     | 287M/692M [00:15<00:19, 21.8MB/s]
 42%|████▏     | 291M/692M [00:15<00:19, 22.1MB/s]
 43%|████▎     | 295M/692M [00:15<00:18, 22.2MB/s]
 43%|████▎     | 298M/692M [00:15<00:18, 22.3MB/s]
 44%|████▎     | 302M/692M [00:15<00:18, 22.6MB/s]
 44%|████▍     | 305M/692M [00:16<00:18, 22.5MB/s]
 44%|████▍     | 308M/692M [00:16<00:16, 24.3MB/s]
 45%|████▍     | 310M/692M [00:16<00:17, 22.6MB/s]
 45%|████▌     | 312M/692M [00:16<00:17, 22.4MB/s]
 45%|████▌     | 315M/692M [00:16<00:17, 22.7MB/s]
 46%|████▌     | 317M/692M [00:16<00:17, 22.3MB/s]
 46%|████▌     | 319M/692M [00:16<00:18, 20.7MB/s]
 47%|████▋     | 323M/692M [00:16<00:18, 20.9MB/s]
 47%|████▋     | 326M/692M [00:17<00:16, 23.1MB/s]
 47%|████▋     | 328M/692M [00:17<00:16, 22.9MB/s]
 48%|████▊     | 331M/692M [00:17<00:17, 21.3MB/s]
 48%|████▊     | 334M/692M [00:17<00:17, 21.7MB/s]
 49%|████▊     | 336M/692M [00:17<00:20, 17.8MB/s]
 49%|████▉     | 340M/692M [00:17<00:17, 20.9MB/s]
 50%|████▉     | 344M/692M [00:17<00:16, 21.5MB/s]
 50%|█████     | 348M/692M [00:18<00:16, 22.0MB/s]
 51%|█████     | 351M/692M [00:18<00:16, 22.3MB/s]
 51%|█████▏    | 355M/692M [00:18<00:15, 22.3MB/s]
 52%|█████▏    | 359M/692M [00:18<00:15, 22.6MB/s]
 52%|█████▏    | 362M/692M [00:18<00:15, 21.9MB/s]
 53%|█████▎    | 367M/692M [00:19<00:14, 23.1MB/s]
 53%|█████▎    | 369M/692M [00:19<00:15, 22.0MB/s]
 54%|█████▎    | 372M/692M [00:19<00:15, 21.7MB/s]
 54%|█████▍    | 375M/692M [00:19<00:14, 23.5MB/s]
 54%|█████▍    | 377M/692M [00:19<00:14, 22.9MB/s]
 55%|█████▍    | 380M/692M [00:19<00:15, 20.7MB/s]
 55%|█████▌    | 383M/692M [00:19<00:15, 21.4MB/s]
 56%|█████▌    | 387M/692M [00:20<00:14, 21.9MB/s]
 56%|█████▋    | 390M/692M [00:20<00:13, 24.1MB/s]
 57%|█████▋    | 393M/692M [00:20<00:14, 21.0MB/s]
 57%|█████▋    | 396M/692M [00:20<00:12, 24.2MB/s]
 58%|█████▊    | 399M/692M [00:20<00:14, 22.0MB/s]
 58%|█████▊    | 401M/692M [00:20<00:14, 21.4MB/s]
 58%|█████▊    | 404M/692M [00:20<00:14, 21.1MB/s]
 59%|█████▉    | 407M/692M [00:20<00:12, 24.7MB/s]
 59%|█████▉    | 410M/692M [00:21<00:12, 23.5MB/s]
 60%|█████▉    | 412M/692M [00:21<00:13, 21.1MB/s]
 60%|█████▉    | 415M/692M [00:21<00:13, 21.3MB/s]
 60%|██████    | 418M/692M [00:21<00:12, 22.5MB/s]
 61%|██████    | 420M/692M [00:21<00:12, 23.0MB/s]
 61%|██████    | 423M/692M [00:21<00:12, 22.3MB/s]
 62%|██████▏   | 426M/692M [00:21<00:11, 25.0MB/s]
 62%|██████▏   | 428M/692M [00:21<00:12, 22.9MB/s]
 62%|██████▏   | 431M/692M [00:22<00:12, 21.6MB/s]
 63%|██████▎   | 433M/692M [00:22<00:13, 20.9MB/s]
 63%|██████▎   | 436M/692M [00:22<00:12, 21.3MB/s]
 63%|██████▎   | 438M/692M [00:22<00:11, 22.4MB/s]
 64%|██████▎   | 441M/692M [00:22<00:17, 14.9MB/s]
 64%|██████▍   | 444M/692M [00:22<00:13, 19.1MB/s]
 65%|██████▍   | 448M/692M [00:22<00:11, 23.0MB/s]
 65%|██████▌   | 451M/692M [00:23<00:09, 26.1MB/s]
 66%|██████▌   | 455M/692M [00:23<00:09, 26.5MB/s]
 66%|██████▌   | 458M/692M [00:23<00:09, 25.8MB/s]
 67%|██████▋   | 460M/692M [00:23<00:09, 24.3MB/s]
 67%|██████▋   | 463M/692M [00:23<00:10, 23.2MB/s]
 67%|██████▋   | 465M/692M [00:23<00:11, 20.3MB/s]
 68%|██████▊   | 468M/692M [00:23<00:10, 21.5MB/s]
 68%|██████▊   | 471M/692M [00:23<00:09, 23.9MB/s]
 68%|██████▊   | 473M/692M [00:24<00:10, 22.5MB/s]
 69%|██████▊   | 476M/692M [00:24<00:10, 20.9MB/s]
 69%|██████▉   | 479M/692M [00:24<00:10, 21.7MB/s]
 70%|██████▉   | 483M/692M [00:24<00:09, 22.0MB/s]
 70%|███████   | 486M/692M [00:24<00:08, 24.5MB/s]
 71%|███████   | 489M/692M [00:24<00:08, 24.6MB/s]
 71%|███████   | 491M/692M [00:24<00:09, 21.6MB/s]
 71%|███████▏  | 494M/692M [00:25<00:09, 21.6MB/s]
 72%|███████▏  | 497M/692M [00:25<00:09, 21.4MB/s]
 72%|███████▏  | 500M/692M [00:25<00:08, 23.1MB/s]
 72%|███████▏  | 502M/692M [00:25<00:08, 22.7MB/s]
 73%|███████▎  | 504M/692M [00:25<00:09, 21.5MB/s]
 73%|███████▎  | 508M/692M [00:25<00:08, 21.6MB/s]
 74%|███████▍  | 511M/692M [00:25<00:08, 21.9MB/s]
 74%|███████▍  | 515M/692M [00:25<00:07, 24.6MB/s]
 75%|███████▍  | 517M/692M [00:26<00:08, 22.3MB/s]
 75%|███████▌  | 519M/692M [00:26<00:08, 20.6MB/s]
 76%|███████▌  | 523M/692M [00:26<00:08, 21.7MB/s]
 76%|███████▌  | 527M/692M [00:26<00:07, 22.2MB/s]
 76%|███████▋  | 530M/692M [00:26<00:07, 22.5MB/s]
 77%|███████▋  | 532M/692M [00:26<00:07, 21.3MB/s]
 77%|███████▋  | 535M/692M [00:26<00:07, 21.2MB/s]
 78%|███████▊  | 537M/692M [00:27<00:07, 20.6MB/s]
 78%|███████▊  | 540M/692M [00:27<00:07, 21.6MB/s]
 78%|███████▊  | 542M/692M [00:27<00:07, 19.8MB/s]
 79%|███████▊  | 544M/692M [00:27<00:07, 20.0MB/s]
 79%|███████▉  | 547M/692M [00:27<00:07, 20.4MB/s]
 80%|███████▉  | 551M/692M [00:27<00:06, 23.9MB/s]
 80%|███████▉  | 553M/692M [00:27<00:06, 21.4MB/s]
 80%|████████  | 555M/692M [00:28<00:06, 20.8MB/s]
 81%|████████  | 559M/692M [00:28<00:06, 21.8MB/s]
 81%|████████  | 561M/692M [00:28<00:07, 18.5MB/s]
 81%|████████▏ | 563M/692M [00:28<00:06, 20.2MB/s]
 82%|████████▏ | 565M/692M [00:28<00:07, 18.8MB/s]
 82%|████████▏ | 568M/692M [00:28<00:06, 19.8MB/s]
 82%|████████▏ | 570M/692M [00:28<00:06, 20.7MB/s]
 83%|████████▎ | 573M/692M [00:28<00:05, 24.2MB/s]
 83%|████████▎ | 576M/692M [00:29<00:05, 22.0MB/s]
 84%|████████▎ | 578M/692M [00:29<00:05, 23.6MB/s]
 84%|████████▍ | 581M/692M [00:29<00:05, 21.7MB/s]
 84%|████████▍ | 583M/692M [00:29<00:05, 22.2MB/s]
 85%|████████▍ | 585M/692M [00:29<00:04, 22.5MB/s]
 85%|████████▍ | 588M/692M [00:29<00:05, 21.9MB/s]
 85%|████████▌ | 590M/692M [00:29<00:04, 21.5MB/s]
 86%|████████▌ | 592M/692M [00:29<00:04, 21.4MB/s]
 86%|████████▌ | 594M/692M [00:29<00:04, 22.3MB/s]
 86%|████████▌ | 597M/692M [00:30<00:04, 21.8MB/s]
 87%|████████▋ | 600M/692M [00:30<00:04, 21.7MB/s]
 87%|████████▋ | 602M/692M [00:30<00:04, 20.6MB/s]
 87%|████████▋ | 604M/692M [00:30<00:04, 21.6MB/s]
 88%|████████▊ | 607M/692M [00:30<00:04, 21.4MB/s]
 88%|████████▊ | 611M/692M [00:30<00:03, 21.9MB/s]
 89%|████████▉ | 615M/692M [00:30<00:03, 22.4MB/s]
 89%|████████▉ | 619M/692M [00:31<00:03, 22.6MB/s]
 90%|████████▉ | 623M/692M [00:31<00:03, 22.6MB/s]
 90%|█████████ | 625M/692M [00:31<00:03, 21.9MB/s]
 91%|█████████ | 628M/692M [00:31<00:03, 22.2MB/s]
 91%|█████████ | 631M/692M [00:31<00:02, 22.2MB/s]
 91%|█████████▏| 633M/692M [00:31<00:02, 21.6MB/s]
 92%|█████████▏| 636M/692M [00:31<00:02, 21.5MB/s]
 92%|█████████▏| 639M/692M [00:32<00:02, 22.2MB/s]
 93%|█████████▎| 643M/692M [00:32<00:02, 22.4MB/s]
 93%|█████████▎| 647M/692M [00:32<00:02, 22.6MB/s]
 94%|█████████▍| 651M/692M [00:32<00:01, 22.1MB/s]
 95%|█████████▍| 655M/692M [00:32<00:01, 22.4MB/s]
 95%|█████████▍| 657M/692M [00:32<00:01, 21.4MB/s]
 95%|█████████▌| 660M/692M [00:33<00:01, 21.0MB/s]
 96%|█████████▌| 664M/692M [00:33<00:01, 21.5MB/s]
 96%|█████████▋| 668M/692M [00:33<00:01, 22.0MB/s]
 97%|█████████▋| 671M/692M [00:33<00:01, 22.0MB/s]
 97%|█████████▋| 673M/692M [00:33<00:00, 21.0MB/s]
 98%|█████████▊| 675M/692M [00:33<00:00, 20.8MB/s]
 98%|█████████▊| 678M/692M [00:33<00:00, 20.9MB/s]
 98%|█████████▊| 680M/692M [00:34<00:00, 20.7MB/s]
 99%|█████████▊| 682M/692M [00:34<00:00, 21.5MB/s]
 99%|█████████▉| 686M/692M [00:34<00:00, 26.6MB/s]
 99%|█████████▉| 689M/692M [00:34<00:00, 18.9MB/s]
100%|█████████▉| 692M/692M [00:34<00:00, 19.2MB/s]
100%|██████████| 692M/692M [00:34<00:00, 20.9MB/s]
msillm q3 02809272 78280 B  dec 0.67s
msillm q3 0369d229 27624 B  dec 0.73s
msillm q3 07b9f93f 44136 B  dec 0.67s
msillm q3 0d154749 48756 B  dec 0.56s
msillm q3 1b4ad095 33756 B  dec 0.52s
msillm q3 1cba10ad 29904 B  dec 0.64s
msillm q3 2397c73f 45128 B  dec 3.04s
msillm q3 2684452d 46840 B  dec 0.55s
msillm q3 2a760bf1 13140 B  dec 0.42s
msillm q3 4ebc0e6c 38500 B  dec 2.46s
msillm q3 50d13125 14896 B  dec 0.68s
msillm q3 50fe4c3d 71028 B  dec 0.54s
msillm q3 58104815 66760 B  dec 0.65s
msillm q3 608cb09e 74652 B  dec 0.77s
msillm q3 79b1bb29 54436 B  dec 0.51s
msillm q3 8426ed22 38900 B  dec 0.74s
msillm q3 86127fbd 54860 B  dec 0.75s
msillm q3 937476dd 146056 B  dec 0.58s
msillm q3 a2a946cc 44956 B  dec 0.58s
msillm q3 a365e654 73140 B  dec 0.53s
msillm q3 b0b3744c 69652 B  dec 0.54s
msillm q3 bb7344a2 22400 B  dec 0.51s
msillm q3 c9510efb 38204 B  dec 1.05s
msillm q3 d0208a1e 78980 B  dec 0.64s
msillm q3 da52c4f6 88368 B  dec 0.73s
msillm q3 e0d8e29c 29068 B  dec 0.73s
msillm q3 ebfd571f 63184 B  dec 1.01s
msillm q3 eda6d427 70128 B  dec 0.64s
msillm q3 f67f11de 25676 B  dec 0.69s
msillm q3 ff32adfa 45632 B  dec 0.87s
Using cache found in /mnt/home/guess03/.cache/torch/hub/facebookresearch_NeuralCompression_main
Downloading: "https://dl.fbaipublicfiles.com/NeuralCompression/2023-muckley-msillm/msillm_target_0.3bpp.ckpt" to /mnt/home/guess03/.cache/torch/hub/checkpoints/msillm_target_0.3bpp.ckpt

  0%|          | 0.00/692M [00:00<?, ?B/s]
  0%|          | 128k/692M [00:00<31:57, 379kB/s]
  0%|          | 256k/692M [00:00<22:33, 536kB/s]
  0%|          | 384k/692M [00:00<19:18, 626kB/s]
  0%|          | 768k/692M [00:00<10:02, 1.20MB/s]
  0%|          | 1.62M/692M [00:01<04:42, 2.57MB/s]
  0%|          | 3.12M/692M [00:01<02:34, 4.69MB/s]
  1%|          | 6.25M/692M [00:01<01:17, 9.23MB/s]
  1%|▏         | 10.1M/692M [00:01<00:52, 13.6MB/s]
  2%|▏         | 13.5M/692M [00:01<00:41, 17.3MB/s]
  2%|▏         | 15.6M/692M [00:01<00:38, 18.3MB/s]
  3%|▎         | 17.5M/692M [00:01<00:42, 16.6MB/s]
  3%|▎         | 19.9M/692M [00:02<00:41, 17.0MB/s]
  3%|▎         | 23.8M/692M [00:02<00:36, 19.2MB/s]
  4%|▍         | 27.6M/692M [00:02<00:33, 20.6MB/s]
  5%|▍         | 31.6M/692M [00:02<00:32, 21.6MB/s]
  5%|▌         | 35.4M/692M [00:02<00:31, 22.0MB/s]
  6%|▌         | 39.2M/692M [00:02<00:30, 22.4MB/s]
  6%|▌         | 43.1M/692M [00:03<00:30, 22.7MB/s]
  7%|▋         | 47.0M/692M [00:03<00:30, 22.5MB/s]
  7%|▋         | 50.9M/692M [00:03<00:29, 23.0MB/s]
  8%|▊         | 54.8M/692M [00:03<00:28, 23.1MB/s]
  8%|▊         | 57.0M/692M [00:03<00:30, 21.9MB/s]
  9%|▊         | 59.9M/692M [00:03<00:31, 21.2MB/s]
  9%|▉         | 62.5M/692M [00:04<00:33, 19.9MB/s]
  9%|▉         | 64.5M/692M [00:04<00:35, 18.5MB/s]
 10%|▉         | 67.9M/692M [00:04<00:33, 19.3MB/s]
 10%|█         | 69.8M/692M [00:04<00:44, 14.7MB/s]
 11%|█         | 73.0M/692M [00:04<00:35, 18.4MB/s]
 11%|█         | 77.0M/692M [00:04<00:27, 23.3MB/s]
 12%|█▏        | 80.4M/692M [00:04<00:24, 25.8MB/s]
 12%|█▏        | 83.4M/692M [00:05<00:26, 24.4MB/s]
 13%|█▎        | 87.2M/692M [00:05<00:26, 24.0MB/s]
 13%|█▎        | 90.2M/692M [00:05<00:24, 25.4MB/s]
 13%|█▎        | 92.9M/692M [00:05<00:25, 24.7MB/s]
 14%|█▍        | 95.4M/692M [00:05<00:29, 21.3MB/s]
 14%|█▍        | 98.2M/692M [00:05<00:29, 21.1MB/s]
 15%|█▍        | 101M/692M [00:05<00:28, 21.8MB/s] 
 15%|█▍        | 104M/692M [00:06<00:25, 23.9MB/s]
 15%|█▌        | 106M/692M [00:06<00:28, 21.9MB/s]
 16%|█▌        | 108M/692M [00:06<00:31, 19.5MB/s]
 16%|█▌        | 111M/692M [00:06<00:29, 20.7MB/s]
 17%|█▋        | 115M/692M [00:06<00:27, 21.9MB/s]
 17%|█▋        | 119M/692M [00:06<00:26, 22.4MB/s]
 18%|█▊        | 123M/692M [00:06<00:27, 22.0MB/s]
 18%|█▊        | 127M/692M [00:07<00:26, 22.4MB/s]
 19%|█▉        | 131M/692M [00:07<00:25, 22.7MB/s]
 19%|█▉        | 135M/692M [00:07<00:25, 22.9MB/s]
 20%|██        | 139M/692M [00:07<00:25, 22.9MB/s]
 21%|██        | 142M/692M [00:07<00:25, 23.0MB/s]
 21%|██        | 145M/692M [00:07<00:26, 22.1MB/s]
 21%|██▏       | 148M/692M [00:08<00:24, 23.1MB/s]
 22%|██▏       | 150M/692M [00:08<00:24, 23.5MB/s]
 22%|██▏       | 153M/692M [00:08<00:29, 19.4MB/s]
 22%|██▏       | 156M/692M [00:08<00:28, 19.7MB/s]
 23%|██▎       | 160M/692M [00:08<00:26, 20.9MB/s]
 24%|██▎       | 163M/692M [00:08<00:25, 21.6MB/s]
 24%|██▍       | 167M/692M [00:09<00:25, 22.0MB/s]
 25%|██▍       | 171M/692M [00:09<00:24, 22.4MB/s]
 25%|██▌       | 174M/692M [00:09<00:22, 24.2MB/s]
 25%|██▌       | 176M/692M [00:09<00:22, 23.9MB/s]
 26%|██▌       | 179M/692M [00:09<00:24, 22.1MB/s]
 26%|██▋       | 182M/692M [00:09<00:24, 22.2MB/s]
 27%|██▋       | 185M/692M [00:09<00:24, 21.7MB/s]
 27%|██▋       | 188M/692M [00:10<00:22, 23.7MB/s]
 27%|██▋       | 190M/692M [00:10<00:22, 23.5MB/s]
 28%|██▊       | 192M/692M [00:10<00:23, 22.0MB/s]
 28%|██▊       | 195M/692M [00:10<00:22, 22.9MB/s]
 29%|██▊       | 197M/692M [00:10<00:23, 21.9MB/s]
 29%|██▉       | 200M/692M [00:10<00:23, 21.5MB/s]
 29%|██▉       | 203M/692M [00:10<00:21, 24.3MB/s]
 30%|██▉       | 205M/692M [00:10<00:21, 23.5MB/s]
 30%|██▉       | 208M/692M [00:11<00:33, 15.0MB/s]
 31%|███       | 212M/692M [00:11<00:22, 22.0MB/s]
 31%|███       | 216M/692M [00:11<00:20, 24.9MB/s]
 32%|███▏      | 219M/692M [00:11<00:20, 24.4MB/s]
 32%|███▏      | 222M/692M [00:11<00:32, 15.0MB/s]
 32%|███▏      | 225M/692M [00:11<00:27, 18.1MB/s]
 33%|███▎      | 228M/692M [00:12<00:24, 20.2MB/s]
 33%|███▎      | 230M/692M [00:12<00:22, 22.0MB/s]
 34%|███▎      | 233M/692M [00:12<00:21, 22.4MB/s]
 34%|███▍      | 236M/692M [00:12<00:20, 23.9MB/s]
 34%|███▍      | 239M/692M [00:12<00:18, 25.0MB/s]
 35%|███▍      | 242M/692M [00:12<00:18, 25.9MB/s]
 35%|███▌      | 244M/692M [00:12<00:18, 26.0MB/s]
 36%|███▌      | 247M/692M [00:12<00:19, 24.3MB/s]
 36%|███▌      | 250M/692M [00:12<00:18, 25.8MB/s]
 37%|███▋      | 253M/692M [00:13<00:16, 27.5MB/s]
 37%|███▋      | 256M/692M [00:13<00:18, 25.0MB/s]
 37%|███▋      | 259M/692M [00:13<00:18, 24.2MB/s]
 38%|███▊      | 261M/692M [00:13<00:18, 24.0MB/s]
 38%|███▊      | 264M/692M [00:13<00:18, 24.0MB/s]
 38%|███▊      | 266M/692M [00:13<00:18, 23.8MB/s]
 39%|███▉      | 268M/692M [00:13<00:22, 20.1MB/s]
 39%|███▉      | 270M/692M [00:13<00:22, 20.0MB/s]
 39%|███▉      | 273M/692M [00:14<00:21, 20.8MB/s]
 40%|███▉      | 275M/692M [00:14<00:19, 22.2MB/s]
 40%|████      | 278M/692M [00:14<00:20, 21.0MB/s]
 40%|████      | 280M/692M [00:14<00:29, 14.6MB/s]
 41%|████      | 281M/692M [00:14<00:28, 15.3MB/s]
 41%|████▏     | 287M/692M [00:14<00:17, 24.9MB/s]
 42%|████▏     | 292M/692M [00:14<00:16, 25.0MB/s]
 43%|████▎     | 295M/692M [00:15<00:17, 24.5MB/s]
 43%|████▎     | 299M/692M [00:15<00:17, 24.0MB/s]
 44%|████▍     | 303M/692M [00:15<00:17, 23.9MB/s]
 44%|████▍     | 307M/692M [00:15<00:16, 25.1MB/s]
 45%|████▍     | 310M/692M [00:15<00:15, 26.3MB/s]
 45%|████▌     | 312M/692M [00:15<00:16, 24.0MB/s]
 45%|████▌     | 315M/692M [00:15<00:17, 22.2MB/s]
 46%|████▌     | 319M/692M [00:16<00:17, 22.4MB/s]
 46%|████▋     | 321M/692M [00:16<00:19, 19.9MB/s]
 47%|████▋     | 324M/692M [00:16<00:19, 20.0MB/s]
 47%|████▋     | 328M/692M [00:16<00:18, 21.0MB/s]
 48%|████▊     | 331M/692M [00:16<00:16, 23.1MB/s]
 48%|████▊     | 333M/692M [00:16<00:16, 23.2MB/s]
 48%|████▊     | 336M/692M [00:17<00:17, 21.3MB/s]
 49%|████▉     | 338M/692M [00:17<00:17, 21.6MB/s]
 49%|████▉     | 341M/692M [00:17<00:16, 23.0MB/s]
 50%|████▉     | 343M/692M [00:17<00:16, 22.3MB/s]
 50%|█████     | 347M/692M [00:17<00:15, 22.7MB/s]
 51%|█████     | 351M/692M [00:17<00:14, 25.5MB/s]
 51%|█████     | 353M/692M [00:17<00:15, 22.7MB/s]
 51%|█████▏    | 356M/692M [00:17<00:15, 23.1MB/s]
 52%|█████▏    | 359M/692M [00:18<00:15, 22.5MB/s]
 52%|█████▏    | 362M/692M [00:18<00:13, 25.4MB/s]
 53%|█████▎    | 365M/692M [00:18<00:15, 22.2MB/s]
 53%|█████▎    | 367M/692M [00:18<00:15, 21.5MB/s]
 53%|█████▎    | 369M/692M [00:18<00:17, 19.2MB/s]
 54%|█████▎    | 372M/692M [00:18<00:17, 19.3MB/s]
 54%|█████▍    | 376M/692M [00:18<00:16, 20.7MB/s]
 55%|█████▍    | 380M/692M [00:19<00:15, 20.7MB/s]
 55%|█████▌    | 384M/692M [00:19<00:14, 22.4MB/s]
 56%|█████▌    | 387M/692M [00:19<00:12, 25.4MB/s]
 56%|█████▋    | 390M/692M [00:19<00:13, 24.2MB/s]
 57%|█████▋    | 392M/692M [00:19<00:15, 20.6MB/s]
 57%|█████▋    | 395M/692M [00:19<00:13, 22.3MB/s]
 58%|█████▊    | 399M/692M [00:19<00:13, 22.7MB/s]
 58%|█████▊    | 403M/692M [00:20<00:13, 22.9MB/s]
 59%|█████▊    | 407M/692M [00:20<00:13, 23.0MB/s]
 59%|█████▉    | 409M/692M [00:20<00:12, 22.9MB/s]
 59%|█████▉    | 412M/692M [00:20<00:12, 23.0MB/s]
 60%|█████▉    | 414M/692M [00:20<00:12, 23.4MB/s]
 60%|██████    | 417M/692M [00:20<00:13, 21.0MB/s]
 61%|██████    | 419M/692M [00:20<00:14, 19.9MB/s]
 61%|██████    | 424M/692M [00:21<00:12, 22.1MB/s]
 61%|██████▏   | 426M/692M [00:21<00:17, 16.3MB/s]
 62%|██████▏   | 430M/692M [00:21<00:13, 20.9MB/s]
 63%|██████▎   | 433M/692M [00:21<00:11, 23.3MB/s]
 63%|██████▎   | 437M/692M [00:21<00:10, 26.7MB/s]
 63%|██████▎   | 440M/692M [00:21<00:11, 23.8MB/s]
 64%|██████▍   | 443M/692M [00:22<00:10, 24.9MB/s]
 64%|██████▍   | 446M/692M [00:22<00:09, 27.6MB/s]
 65%|██████▍   | 449M/692M [00:22<00:11, 21.4MB/s]
 65%|██████▌   | 452M/692M [00:22<00:11, 21.3MB/s]
 66%|██████▌   | 454M/692M [00:22<00:11, 22.1MB/s]
 66%|██████▌   | 457M/692M [00:22<00:11, 22.2MB/s]
 66%|██████▋   | 459M/692M [00:22<00:10, 22.6MB/s]
 67%|██████▋   | 462M/692M [00:22<00:10, 22.1MB/s]
 67%|██████▋   | 465M/692M [00:23<00:10, 22.3MB/s]
 67%|██████▋   | 467M/692M [00:23<00:11, 21.1MB/s]
 68%|██████▊   | 470M/692M [00:23<00:10, 23.1MB/s]
 68%|██████▊   | 472M/692M [00:23<00:10, 22.9MB/s]
 69%|██████▊   | 475M/692M [00:23<00:09, 23.4MB/s]
 69%|██████▉   | 477M/692M [00:23<00:10, 22.0MB/s]
 69%|██████▉   | 479M/692M [00:23<00:10, 22.0MB/s]
 70%|██████▉   | 482M/692M [00:23<00:09, 22.7MB/s]
 70%|██████▉   | 484M/692M [00:23<00:09, 22.2MB/s]
 70%|███████   | 487M/692M [00:24<00:09, 22.7MB/s]
 71%|███████   | 489M/692M [00:24<00:09, 22.6MB/s]
 71%|███████   | 491M/692M [00:24<00:11, 19.2MB/s]
 71%|███████▏  | 494M/692M [00:24<00:10, 20.3MB/s]
 72%|███████▏  | 496M/692M [00:24<00:10, 19.3MB/s]
 72%|███████▏  | 500M/692M [00:24<00:10, 19.7MB/s]
 73%|███████▎  | 504M/692M [00:24<00:09, 21.0MB/s]
 73%|███████▎  | 506M/692M [00:25<00:10, 19.3MB/s]
 73%|███████▎  | 508M/692M [00:25<00:10, 18.8MB/s]
 74%|███████▍  | 511M/692M [00:25<00:08, 23.6MB/s]
 74%|███████▍  | 514M/692M [00:25<00:08, 22.0MB/s]
 75%|███████▍  | 516M/692M [00:25<00:09, 20.2MB/s]
 75%|███████▍  | 519M/692M [00:25<00:08, 21.1MB/s]
 76%|███████▌  | 523M/692M [00:25<00:08, 20.6MB/s]
 76%|███████▌  | 527M/692M [00:26<00:07, 22.4MB/s]
 76%|███████▋  | 529M/692M [00:26<00:08, 19.2MB/s]
 77%|███████▋  | 532M/692M [00:26<00:08, 19.1MB/s]
 77%|███████▋  | 536M/692M [00:26<00:08, 20.5MB/s]
 78%|███████▊  | 539M/692M [00:26<00:06, 24.0MB/s]
 78%|███████▊  | 542M/692M [00:26<00:06, 22.7MB/s]
 79%|███████▊  | 544M/692M [00:26<00:07, 21.8MB/s]
 79%|███████▉  | 547M/692M [00:27<00:07, 21.5MB/s]
 79%|███████▉  | 550M/692M [00:27<00:07, 19.8MB/s]
 80%|███████▉  | 552M/692M [00:27<00:07, 18.6MB/s]
 80%|████████  | 556M/692M [00:27<00:06, 22.7MB/s]
 81%|████████  | 558M/692M [00:27<00:06, 21.6MB/s]
 81%|████████  | 560M/692M [00:27<00:06, 20.5MB/s]
 81%|████████▏ | 564M/692M [00:27<00:06, 20.8MB/s]
 82%|████████▏ | 567M/692M [00:28<00:05, 24.7MB/s]
 82%|████████▏ | 570M/692M [00:28<00:05, 23.2MB/s]
 83%|████████▎ | 572M/692M [00:28<00:05, 22.0MB/s]
 83%|████████▎ | 575M/692M [00:28<00:05, 21.5MB/s]
 84%|████████▎ | 579M/692M [00:28<00:05, 22.1MB/s]
 84%|████████▍ | 582M/692M [00:28<00:04, 25.0MB/s]
 85%|████████▍ | 585M/692M [00:28<00:04, 23.1MB/s]
 85%|████████▍ | 588M/692M [00:29<00:05, 20.8MB/s]
 85%|████████▌ | 591M/692M [00:29<00:04, 21.9MB/s]
 86%|████████▌ | 593M/692M [00:29<00:05, 18.2MB/s]
 86%|████████▌ | 596M/692M [00:29<00:05, 18.5MB/s]
 87%|████████▋ | 600M/692M [00:29<00:04, 20.1MB/s]
 87%|████████▋ | 603M/692M [00:29<00:04, 23.1MB/s]
 87%|████████▋ | 606M/692M [00:29<00:04, 22.6MB/s]
 88%|████████▊ | 608M/692M [00:30<00:04, 21.3MB/s]
 88%|████████▊ | 610M/692M [00:30<00:04, 19.0MB/s]
 89%|████████▊ | 614M/692M [00:30<00:03, 20.7MB/s]
 89%|████████▉ | 616M/692M [00:30<00:04, 19.9MB/s]
 89%|████████▉ | 620M/692M [00:30<00:03, 22.3MB/s]
 90%|████████▉ | 622M/692M [00:30<00:03, 21.6MB/s]
 90%|█████████ | 624M/692M [00:30<00:03, 20.9MB/s]
 91%|█████████ | 627M/692M [00:31<00:03, 20.6MB/s]
 91%|█████████ | 631M/692M [00:31<00:02, 21.5MB/s]
 92%|█████████▏| 635M/692M [00:31<00:02, 22.1MB/s]
 92%|█████████▏| 639M/692M [00:31<00:02, 22.5MB/s]
 93%|█████████▎| 643M/692M [00:31<00:02, 25.7MB/s]
 93%|█████████▎| 645M/692M [00:31<00:02, 23.5MB/s]
 94%|█████████▎| 648M/692M [00:32<00:02, 21.2MB/s]
 94%|█████████▍| 650M/692M [00:32<00:02, 18.5MB/s]
 94%|█████████▍| 652M/692M [00:32<00:02, 18.7MB/s]
 95%|█████████▍| 655M/692M [00:32<00:01, 20.9MB/s]
 95%|█████████▍| 657M/692M [00:32<00:02, 16.2MB/s]
 95%|█████████▌| 659M/692M [00:32<00:01, 18.6MB/s]
 96%|█████████▌| 662M/692M [00:32<00:01, 19.0MB/s]
 96%|█████████▌| 664M/692M [00:32<00:01, 19.3MB/s]
 96%|█████████▋| 667M/692M [00:33<00:01, 23.7MB/s]
 97%|█████████▋| 670M/692M [00:33<00:01, 22.3MB/s]
 97%|█████████▋| 672M/692M [00:33<00:01, 20.6MB/s]
 98%|█████████▊| 675M/692M [00:33<00:00, 20.4MB/s]
 98%|█████████▊| 679M/692M [00:33<00:00, 21.5MB/s]
 98%|█████████▊| 682M/692M [00:33<00:00, 22.9MB/s]
 99%|█████████▉| 685M/692M [00:33<00:00, 26.2MB/s]
 99%|█████████▉| 688M/692M [00:34<00:00, 20.8MB/s]
100%|█████████▉| 691M/692M [00:34<00:00, 21.7MB/s]
100%|██████████| 692M/692M [00:34<00:00, 21.0MB/s]
msillm q4 02809272 135136 B  dec 0.65s
msillm q4 0369d229 55628 B  dec 0.92s
msillm q4 07b9f93f 82300 B  dec 1.11s
msillm q4 0d154749 103112 B  dec 0.53s
msillm q4 1b4ad095 71772 B  dec 0.46s
msillm q4 1cba10ad 61452 B  dec 0.62s
msillm q4 2397c73f 82376 B  dec 0.52s
msillm q4 2684452d 92996 B  dec 0.54s
msillm q4 2a760bf1 23632 B  dec 0.46s
msillm q4 4ebc0e6c 75992 B  dec 0.69s
msillm q4 50d13125 25840 B  dec 0.53s
msillm q4 50fe4c3d 127980 B  dec 0.60s
msillm q4 58104815 129412 B  dec 0.64s
msillm q4 608cb09e 137352 B  dec 0.75s
msillm q4 79b1bb29 96668 B  dec 0.54s
msillm q4 8426ed22 79928 B  dec 0.98s
msillm q4 86127fbd 98476 B  dec 0.36s
msillm q4 937476dd 239948 B  dec 0.67s
msillm q4 a2a946cc 83284 B  dec 0.57s
msillm q4 a365e654 134660 B  dec 0.60s
msillm q4 b0b3744c 118384 B  dec 0.63s
msillm q4 bb7344a2 39604 B  dec 1.04s
msillm q4 c9510efb 70900 B  dec 0.64s
msillm q4 d0208a1e 142964 B  dec 1.95s
msillm q4 da52c4f6 147192 B  dec 0.81s
msillm q4 e0d8e29c 58964 B  dec 0.60s
msillm q4 ebfd571f 98552 B  dec 0.83s
msillm q4 eda6d427 134620 B  dec 0.69s
msillm q4 f67f11de 55184 B  dec 0.71s
msillm q4 ff32adfa 87264 B  dec 0.51s
Using cache found in /mnt/home/guess03/.cache/torch/hub/facebookresearch_NeuralCompression_main
Downloading: "https://dl.fbaipublicfiles.com/NeuralCompression/2023-muckley-msillm/msillm_target_0.45bpp.ckpt" to /mnt/home/guess03/.cache/torch/hub/checkpoints/msillm_target_0.45bpp.ckpt

  0%|          | 0.00/692M [00:00<?, ?B/s]
  0%|          | 128k/692M [00:00<33:11, 365kB/s]
  0%|          | 256k/692M [00:00<22:54, 528kB/s]
  0%|          | 384k/692M [00:00<19:02, 635kB/s]
  0%|          | 768k/692M [00:00<09:56, 1.22MB/s]
  0%|          | 1.62M/692M [00:01<04:40, 2.58MB/s]
  0%|          | 3.12M/692M [00:01<02:33, 4.71MB/s]
  1%|          | 4.25M/692M [00:01<02:45, 4.35MB/s]
  1%|▏         | 9.38M/692M [00:01<00:55, 13.0MB/s]
  2%|▏         | 13.9M/692M [00:01<00:37, 19.0MB/s]
  2%|▏         | 16.4M/692M [00:01<00:37, 18.9MB/s]
  3%|▎         | 19.9M/692M [00:02<00:36, 19.5MB/s]
  3%|▎         | 23.8M/692M [00:02<00:33, 20.6MB/s]
  4%|▍         | 27.1M/692M [00:02<00:29, 23.6MB/s]
  4%|▍         | 29.8M/692M [00:02<00:33, 20.8MB/s]
  5%|▍         | 32.0M/692M [00:02<00:34, 20.1MB/s]
  5%|▌         | 35.2M/692M [00:02<00:35, 19.3MB/s]
  6%|▌         | 39.0M/692M [00:02<00:33, 20.3MB/s]
  6%|▌         | 42.9M/692M [00:03<00:32, 21.1MB/s]
  7%|▋         | 46.1M/692M [00:03<00:34, 19.4MB/s]
  7%|▋         | 48.1M/692M [00:03<00:34, 19.7MB/s]
  7%|▋         | 50.1M/692M [00:03<00:34, 19.7MB/s]
  8%|▊         | 53.0M/692M [00:03<00:30, 21.8MB/s]
  8%|▊         | 55.8M/692M [00:03<00:31, 21.1MB/s]
  8%|▊         | 58.2M/692M [00:03<00:30, 22.0MB/s]
  9%|▊         | 60.5M/692M [00:04<00:34, 18.9MB/s]
  9%|▉         | 63.4M/692M [00:04<00:33, 19.9MB/s]
 10%|▉         | 67.1M/692M [00:04<00:31, 20.8MB/s]
 10%|█         | 71.0M/692M [00:04<00:30, 21.5MB/s]
 11%|█         | 74.1M/692M [00:04<00:27, 23.6MB/s]
 11%|█         | 76.5M/692M [00:05<00:43, 14.9MB/s]
 11%|█▏        | 78.8M/692M [00:05<00:39, 16.3MB/s]
 12%|█▏        | 81.6M/692M [00:05<00:34, 18.8MB/s]
 12%|█▏        | 85.4M/692M [00:05<00:27, 23.1MB/s]
 13%|█▎        | 88.1M/692M [00:05<00:29, 21.8MB/s]
 13%|█▎        | 91.5M/692M [00:05<00:29, 21.4MB/s]
 14%|█▍        | 95.2M/692M [00:05<00:28, 21.7MB/s]
 14%|█▍        | 98.9M/692M [00:05<00:25, 24.9MB/s]
 15%|█▍        | 102M/692M [00:06<00:25, 24.7MB/s] 
 15%|█▌        | 104M/692M [00:06<00:28, 22.0MB/s]
 15%|█▌        | 106M/692M [00:06<00:29, 20.6MB/s]
 16%|█▌        | 108M/692M [00:06<00:35, 17.1MB/s]
 16%|█▌        | 111M/692M [00:06<00:33, 18.0MB/s]
 16%|█▌        | 112M/692M [00:06<00:34, 17.5MB/s]
 17%|█▋        | 116M/692M [00:07<00:32, 18.6MB/s]
 17%|█▋        | 120M/692M [00:07<00:29, 20.1MB/s]
 18%|█▊        | 124M/692M [00:07<00:28, 20.8MB/s]
 18%|█▊        | 127M/692M [00:07<00:26, 22.7MB/s]
 19%|█▊        | 130M/692M [00:07<00:28, 20.6MB/s]
 19%|█▉        | 132M/692M [00:07<00:29, 20.3MB/s]
 19%|█▉        | 134M/692M [00:07<00:27, 21.5MB/s]
 20%|█▉        | 136M/692M [00:07<00:27, 21.2MB/s]
 20%|██        | 139M/692M [00:08<00:27, 20.8MB/s]
 21%|██        | 142M/692M [00:08<00:23, 24.2MB/s]
 21%|██        | 144M/692M [00:08<00:29, 19.2MB/s]
 21%|██▏       | 148M/692M [00:08<00:28, 19.9MB/s]
 22%|██▏       | 152M/692M [00:08<00:27, 20.8MB/s]
 22%|██▏       | 156M/692M [00:08<00:26, 21.1MB/s]
 23%|██▎       | 159M/692M [00:09<00:25, 21.7MB/s]
 24%|██▎       | 163M/692M [00:09<00:25, 22.1MB/s]
 24%|██▍       | 167M/692M [00:09<00:22, 24.1MB/s]
 24%|██▍       | 169M/692M [00:09<00:25, 21.8MB/s]
 25%|██▍       | 172M/692M [00:09<00:24, 22.7MB/s]
 25%|██▌       | 174M/692M [00:09<00:24, 22.3MB/s]
 25%|██▌       | 176M/692M [00:10<00:35, 15.4MB/s]
 26%|██▌       | 179M/692M [00:10<00:29, 18.3MB/s]
 26%|██▌       | 181M/692M [00:10<00:28, 18.6MB/s]
 27%|██▋       | 184M/692M [00:10<00:28, 18.5MB/s]
 27%|██▋       | 187M/692M [00:10<00:23, 22.6MB/s]
 27%|██▋       | 190M/692M [00:10<00:24, 21.8MB/s]
 28%|██▊       | 192M/692M [00:10<00:25, 20.4MB/s]
 28%|██▊       | 195M/692M [00:10<00:24, 21.0MB/s]
 28%|██▊       | 197M/692M [00:11<00:25, 20.6MB/s]
 29%|██▊       | 199M/692M [00:11<00:26, 19.4MB/s]
 29%|██▉       | 202M/692M [00:11<00:26, 19.7MB/s]
 30%|██▉       | 206M/692M [00:11<00:24, 20.7MB/s]
 30%|███       | 208M/692M [00:11<00:25, 20.2MB/s]
 31%|███       | 212M/692M [00:11<00:23, 21.5MB/s]
 31%|███       | 214M/692M [00:11<00:23, 21.3MB/s]
 31%|███       | 216M/692M [00:12<00:23, 20.9MB/s]
 32%|███▏      | 219M/692M [00:12<00:23, 20.8MB/s]
 32%|███▏      | 223M/692M [00:12<00:19, 25.0MB/s]
 33%|███▎      | 225M/692M [00:12<00:22, 21.5MB/s]
 33%|███▎      | 228M/692M [00:12<00:25, 19.3MB/s]
 33%|███▎      | 231M/692M [00:12<00:24, 19.8MB/s]
 34%|███▎      | 233M/692M [00:12<00:27, 17.4MB/s]
 34%|███▍      | 236M/692M [00:13<00:23, 20.2MB/s]
 34%|███▍      | 238M/692M [00:13<00:28, 16.6MB/s]
 35%|███▌      | 243M/692M [00:13<00:19, 24.5MB/s]
 36%|███▌      | 246M/692M [00:13<00:19, 23.5MB/s]
 36%|███▌      | 248M/692M [00:13<00:25, 18.5MB/s]
 37%|███▋      | 253M/692M [00:13<00:19, 23.7MB/s]
 37%|███▋      | 256M/692M [00:13<00:21, 21.6MB/s]
 37%|███▋      | 259M/692M [00:14<00:21, 21.6MB/s]
 38%|███▊      | 263M/692M [00:14<00:20, 22.1MB/s]
 38%|███▊      | 265M/692M [00:14<00:22, 20.4MB/s]
 39%|███▊      | 268M/692M [00:14<00:21, 20.5MB/s]
 39%|███▉      | 272M/692M [00:14<00:19, 22.6MB/s]
 40%|███▉      | 274M/692M [00:14<00:18, 24.0MB/s]
 40%|████      | 277M/692M [00:15<00:19, 22.3MB/s]
 40%|████      | 279M/692M [00:15<00:20, 20.8MB/s]
 41%|████      | 283M/692M [00:15<00:19, 21.6MB/s]
 41%|████▏     | 287M/692M [00:15<00:19, 21.8MB/s]
 42%|████▏     | 291M/692M [00:15<00:18, 22.2MB/s]
 42%|████▏     | 294M/692M [00:15<00:17, 23.7MB/s]
 43%|████▎     | 296M/692M [00:16<00:25, 16.2MB/s]
 44%|████▎     | 302M/692M [00:16<00:16, 24.4MB/s]
 44%|████▍     | 306M/692M [00:16<00:17, 23.2MB/s]
 45%|████▍     | 308M/692M [00:16<00:19, 20.7MB/s]
 45%|████▍     | 311M/692M [00:16<00:19, 20.4MB/s]
 45%|████▌     | 313M/692M [00:17<00:35, 11.2MB/s]
 45%|████▌     | 315M/692M [00:17<00:32, 12.3MB/s]
 46%|████▌     | 318M/692M [00:17<00:26, 14.9MB/s]
 46%|████▋     | 321M/692M [00:17<00:20, 18.7MB/s]
 47%|████▋     | 325M/692M [00:17<00:17, 22.6MB/s]
 47%|████▋     | 329M/692M [00:17<00:14, 26.8MB/s]
 48%|████▊     | 332M/692M [00:17<00:13, 28.1MB/s]
 48%|████▊     | 336M/692M [00:17<00:12, 31.0MB/s]
 49%|████▉     | 339M/692M [00:18<00:11, 31.7MB/s]
 49%|████▉     | 342M/692M [00:18<00:11, 31.0MB/s]
 50%|████▉     | 345M/692M [00:18<00:14, 26.0MB/s]
 50%|█████     | 348M/692M [00:18<00:14, 24.8MB/s]
 51%|█████     | 351M/692M [00:18<00:14, 25.2MB/s]
 51%|█████     | 354M/692M [00:18<00:14, 24.5MB/s]
 51%|█████▏    | 356M/692M [00:18<00:16, 21.4MB/s]
 52%|█████▏    | 359M/692M [00:19<00:16, 21.1MB/s]
 52%|█████▏    | 361M/692M [00:19<00:19, 17.9MB/s]
 52%|█████▏    | 363M/692M [00:19<00:18, 18.7MB/s]
 53%|█████▎    | 365M/692M [00:19<00:17, 19.1MB/s]
 53%|█████▎    | 367M/692M [00:19<00:19, 17.7MB/s]
 53%|█████▎    | 369M/692M [00:19<00:20, 16.4MB/s]
 54%|█████▎    | 371M/692M [00:19<00:18, 18.4MB/s]
 54%|█████▍    | 374M/692M [00:19<00:16, 20.4MB/s]
 54%|█████▍    | 376M/692M [00:20<00:17, 18.8MB/s]
 55%|█████▍    | 379M/692M [00:20<00:16, 20.5MB/s]
 55%|█████▍    | 381M/692M [00:20<00:17, 19.1MB/s]
 55%|█████▌    | 383M/692M [00:20<00:18, 17.5MB/s]
 56%|█████▌    | 386M/692M [00:20<00:15, 21.3MB/s]
 56%|█████▌    | 388M/692M [00:20<00:14, 22.0MB/s]
 56%|█████▋    | 391M/692M [00:20<00:13, 23.4MB/s]
 57%|█████▋    | 394M/692M [00:20<00:12, 24.4MB/s]
 57%|█████▋    | 396M/692M [00:20<00:12, 24.4MB/s]
 58%|█████▊    | 399M/692M [00:21<00:12, 23.8MB/s]
 58%|█████▊    | 401M/692M [00:21<00:14, 20.5MB/s]
 58%|█████▊    | 404M/692M [00:21<00:13, 22.6MB/s]
 59%|█████▊    | 406M/692M [00:21<00:14, 20.6MB/s]
 59%|█████▉    | 408M/692M [00:21<00:13, 21.6MB/s]
 59%|█████▉    | 412M/692M [00:21<00:14, 20.6MB/s]
 60%|█████▉    | 415M/692M [00:21<00:13, 21.2MB/s]
 61%|██████    | 419M/692M [00:22<00:13, 21.8MB/s]
 61%|██████    | 423M/692M [00:22<00:12, 22.0MB/s]
 62%|██████▏   | 427M/692M [00:22<00:12, 22.1MB/s]
 62%|██████▏   | 431M/692M [00:22<00:12, 22.3MB/s]
 63%|██████▎   | 433M/692M [00:22<00:13, 20.7MB/s]
 63%|██████▎   | 436M/692M [00:22<00:13, 20.2MB/s]
 63%|██████▎   | 440M/692M [00:23<00:11, 23.5MB/s]
 64%|██████▍   | 442M/692M [00:23<00:11, 22.2MB/s]
 64%|██████▍   | 444M/692M [00:23<00:12, 21.0MB/s]
 65%|██████▍   | 447M/692M [00:23<00:12, 21.3MB/s]
 65%|██████▌   | 450M/692M [00:23<00:11, 22.8MB/s]
 65%|██████▌   | 452M/692M [00:23<00:11, 22.1MB/s]
 66%|██████▌   | 455M/692M [00:23<00:11, 22.0MB/s]
 66%|██████▌   | 458M/692M [00:23<00:11, 22.3MB/s]
 66%|██████▋   | 460M/692M [00:24<00:11, 21.4MB/s]
 67%|██████▋   | 463M/692M [00:24<00:10, 22.1MB/s]
 67%|██████▋   | 465M/692M [00:24<00:11, 21.2MB/s]
 67%|██████▋   | 467M/692M [00:24<00:12, 19.1MB/s]
 68%|██████▊   | 470M/692M [00:24<00:10, 22.1MB/s]
 68%|██████▊   | 472M/692M [00:24<00:11, 19.6MB/s]
 69%|██████▊   | 474M/692M [00:24<00:11, 20.2MB/s]
 69%|██████▉   | 477M/692M [00:24<00:10, 21.6MB/s]
 69%|██████▉   | 480M/692M [00:25<00:10, 20.8MB/s]
 70%|██████▉   | 482M/692M [00:25<00:11, 19.6MB/s]
 70%|██████▉   | 484M/692M [00:25<00:10, 20.3MB/s]
 70%|███████   | 487M/692M [00:25<00:10, 21.2MB/s]
 71%|███████   | 490M/692M [00:25<00:09, 21.3MB/s]
 71%|███████   | 492M/692M [00:25<00:09, 21.2MB/s]
 71%|███████▏  | 494M/692M [00:25<00:09, 21.4MB/s]
 72%|███████▏  | 496M/692M [00:25<00:08, 23.2MB/s]
 72%|███████▏  | 499M/692M [00:25<00:09, 22.5MB/s]
 72%|███████▏  | 502M/692M [00:26<00:08, 24.1MB/s]
 73%|███████▎  | 504M/692M [00:26<00:08, 22.1MB/s]
 73%|███████▎  | 506M/692M [00:26<00:08, 22.7MB/s]
 73%|███████▎  | 509M/692M [00:26<00:08, 21.4MB/s]
 74%|███████▍  | 512M/692M [00:26<00:08, 22.2MB/s]
 74%|███████▍  | 514M/692M [00:26<00:08, 22.3MB/s]
 75%|███████▍  | 516M/692M [00:26<00:08, 20.7MB/s]
 75%|███████▍  | 519M/692M [00:26<00:08, 21.7MB/s]
 75%|███████▌  | 521M/692M [00:27<00:08, 22.1MB/s]
 76%|███████▌  | 523M/692M [00:28<00:29, 6.02MB/s]
 76%|███████▌  | 525M/692M [00:28<00:24, 7.17MB/s]
 76%|███████▌  | 526M/692M [00:29<00:39, 4.45MB/s]
 76%|███████▋  | 529M/692M [00:29<00:26, 6.37MB/s]
 77%|███████▋  | 533M/692M [00:29<00:17, 9.62MB/s]
 78%|███████▊  | 537M/692M [00:29<00:11, 14.0MB/s]
 78%|███████▊  | 540M/692M [00:29<00:10, 15.6MB/s]
 78%|███████▊  | 542M/692M [00:29<00:09, 15.8MB/s]
 79%|███████▊  | 545M/692M [00:29<00:08, 17.7MB/s]
 79%|███████▉  | 548M/692M [00:29<00:06, 21.6MB/s]
 80%|███████▉  | 552M/692M [00:29<00:05, 25.2MB/s]
 80%|████████  | 555M/692M [00:30<00:05, 26.0MB/s]
 81%|████████  | 558M/692M [00:30<00:05, 24.9MB/s]
 81%|████████  | 561M/692M [00:30<00:05, 24.2MB/s]
 81%|████████▏ | 563M/692M [00:30<00:06, 20.9MB/s]
 82%|████████▏ | 566M/692M [00:30<00:06, 19.6MB/s]
 82%|████████▏ | 568M/692M [00:30<00:07, 18.6MB/s]
 82%|████████▏ | 569M/692M [00:30<00:07, 16.4MB/s]
 82%|████████▏ | 571M/692M [00:31<00:08, 15.1MB/s]
 83%|████████▎ | 573M/692M [00:31<00:07, 15.8MB/s]
 83%|████████▎ | 578M/692M [00:31<00:05, 23.5MB/s]
 84%|████████▍ | 582M/692M [00:31<00:04, 28.8MB/s]
 85%|████████▍ | 587M/692M [00:31<00:03, 35.9MB/s]
 85%|████████▌ | 592M/692M [00:31<00:02, 38.1MB/s]
 86%|████████▌ | 597M/692M [00:31<00:02, 41.5MB/s]
 87%|████████▋ | 603M/692M [00:31<00:01, 47.7MB/s]
 88%|████████▊ | 610M/692M [00:31<00:01, 53.4MB/s]
 89%|████████▉ | 615M/692M [00:32<00:01, 54.2MB/s]
 90%|████████▉ | 620M/692M [00:32<00:02, 34.8MB/s]
 90%|█████████ | 626M/692M [00:32<00:01, 39.4MB/s]
 91%|█████████ | 631M/692M [00:32<00:01, 41.2MB/s]
 92%|█████████▏| 635M/692M [00:32<00:02, 27.4MB/s]
 92%|█████████▏| 639M/692M [00:33<00:02, 24.7MB/s]
 93%|█████████▎| 642M/692M [00:33<00:02, 23.5MB/s]
 93%|█████████▎| 645M/692M [00:33<00:02, 23.9MB/s]
 94%|█████████▎| 648M/692M [00:33<00:01, 25.4MB/s]
 94%|█████████▍| 651M/692M [00:33<00:01, 23.6MB/s]
 94%|█████████▍| 653M/692M [00:33<00:01, 21.6MB/s]
 95%|█████████▍| 656M/692M [00:33<00:01, 20.6MB/s]
 95%|█████████▌| 659M/692M [00:34<00:01, 19.0MB/s]
 96%|█████████▌| 663M/692M [00:34<00:01, 21.4MB/s]
 96%|█████████▋| 667M/692M [00:34<00:01, 21.9MB/s]
 97%|█████████▋| 671M/692M [00:34<00:01, 22.1MB/s]
 97%|█████████▋| 673M/692M [00:34<00:01, 20.2MB/s]
 98%|█████████▊| 676M/692M [00:34<00:00, 19.7MB/s]
 98%|█████████▊| 680M/692M [00:35<00:00, 23.4MB/s]
 99%|█████████▊| 682M/692M [00:35<00:00, 21.9MB/s]
 99%|█████████▉| 684M/692M [00:35<00:00, 20.1MB/s]
 99%|█████████▉| 687M/692M [00:35<00:00, 20.0MB/s]
100%|█████████▉| 691M/692M [00:35<00:00, 21.0MB/s]
100%|██████████| 692M/692M [00:35<00:00, 20.3MB/s]
msillm q5 02809272 194508 B  dec 0.92s
msillm q5 0369d229 77048 B  dec 0.54s
msillm q5 07b9f93f 121656 B  dec 0.53s
msillm q5 0d154749 153552 B  dec 0.55s
msillm q5 1b4ad095 103204 B  dec 0.81s
msillm q5 1cba10ad 80824 B  dec 0.68s
msillm q5 2397c73f 116048 B  dec 0.53s
msillm q5 2684452d 134148 B  dec 0.52s
msillm q5 2a760bf1 29688 B  dec 0.42s
msillm q5 4ebc0e6c 108888 B  dec 0.50s
msillm q5 50d13125 35336 B  dec 0.75s
msillm q5 50fe4c3d 190124 B  dec 0.82s
msillm q5 58104815 196572 B  dec 0.94s
msillm q5 608cb09e 202908 B  dec 1.81s
msillm q5 79b1bb29 142472 B  dec 0.51s
msillm q5 8426ed22 99708 B  dec 0.80s
msillm q5 86127fbd 146888 B  dec 0.69s
msillm q5 937476dd 348484 B  dec 0.61s
msillm q5 a2a946cc 118168 B  dec 0.65s
msillm q5 a365e654 203040 B  dec 0.61s
msillm q5 b0b3744c 168876 B  dec 0.72s
msillm q5 bb7344a2 55036 B  dec 0.51s
msillm q5 c9510efb 94248 B  dec 3.21s
msillm q5 d0208a1e 216484 B  dec 0.76s
msillm q5 da52c4f6 214168 B  dec 0.66s
msillm q5 e0d8e29c 81640 B  dec 0.80s
msillm q5 ebfd571f 138888 B  dec 1.14s
msillm q5 eda6d427 207268 B  dec 1.60s
msillm q5 f67f11de 76304 B  dec 0.60s
msillm q5 ff32adfa 120568 B  dec 0.67s
Downloading: "https://compressai.s3.amazonaws.com/models/v1/mbt2018-mean-1-e522738d.pth.tar" to /mnt/home/guess03/.cache/torch/hub/checkpoints/mbt2018-mean-1-e522738d.pth.tar

  0%|          | 0.00/27.6M [00:00<?, ?B/s]
  0%|          | 128k/27.6M [00:00<01:18, 365kB/s]
  1%|          | 256k/27.6M [00:00<00:55, 518kB/s]
  1%|▏         | 384k/27.6M [00:00<00:47, 600kB/s]
  2%|▏         | 512k/27.6M [00:01<01:15, 378kB/s]
  5%|▍         | 1.25M/27.6M [00:01<00:21, 1.29MB/s]
  5%|▌         | 1.50M/27.6M [00:01<00:20, 1.32MB/s]
  6%|▋         | 1.75M/27.6M [00:01<00:25, 1.08MB/s]
  7%|▋         | 2.00M/27.6M [00:02<00:28, 955kB/s] 
  8%|▊         | 2.12M/27.6M [00:02<00:29, 908kB/s]
  8%|▊         | 2.25M/27.6M [00:02<00:30, 867kB/s]
  9%|▊         | 2.38M/27.6M [00:02<00:31, 830kB/s]
  9%|▉         | 2.50M/27.6M [00:03<00:32, 805kB/s]
 10%|▉         | 2.62M/27.6M [00:03<00:42, 622kB/s]
 10%|▉         | 2.75M/27.6M [00:03<00:40, 643kB/s]
 10%|█         | 2.88M/27.6M [00:03<00:39, 665kB/s]
 11%|█         | 3.00M/27.6M [00:04<00:57, 448kB/s]
 11%|█▏        | 3.12M/27.6M [00:04<00:58, 443kB/s]
 12%|█▏        | 3.25M/27.6M [00:05<01:11, 358kB/s]
 12%|█▏        | 3.38M/27.6M [00:05<01:13, 345kB/s]
 13%|█▎        | 3.50M/27.6M [00:06<01:22, 308kB/s]
 13%|█▎        | 3.62M/27.6M [00:06<01:38, 256kB/s]
 14%|█▎        | 3.75M/27.6M [00:08<02:20, 178kB/s]
 14%|█▍        | 3.88M/27.6M [00:10<03:32, 117kB/s]
 14%|█▍        | 4.00M/27.6M [00:16<08:19, 49.6kB/s]
 15%|█▍        | 4.12M/27.6M [00:18<08:09, 50.4kB/s]
 15%|█▌        | 4.25M/27.6M [00:20<07:14, 56.5kB/s]
 16%|█▌        | 4.38M/27.6M [00:21<06:19, 64.2kB/s]
 16%|█▋        | 4.50M/27.6M [00:24<06:48, 59.3kB/s]
 17%|█▋        | 4.62M/27.6M [00:26<06:25, 62.5kB/s]
 17%|█▋        | 4.75M/27.6M [00:27<05:56, 67.2kB/s]
 18%|█▊        | 4.88M/27.6M [00:29<05:16, 75.3kB/s]
 18%|█▊        | 5.00M/27.6M [00:30<04:48, 82.2kB/s]
 19%|█▊        | 5.12M/27.6M [00:31<04:11, 93.8kB/s]
 19%|█▉        | 5.25M/27.6M [00:32<03:50, 102kB/s] 
 19%|█▉        | 5.38M/27.6M [00:33<03:40, 106kB/s]
 20%|█▉        | 5.50M/27.6M [00:34<03:39, 106kB/s]
 20%|██        | 5.62M/27.6M [00:36<04:28, 85.8kB/s]
 21%|██        | 5.75M/27.6M [00:38<04:43, 80.9kB/s]
 21%|██▏       | 5.88M/27.6M [00:39<04:20, 87.6kB/s]
 22%|██▏       | 6.00M/27.6M [00:41<03:56, 95.7kB/s]
 22%|██▏       | 6.12M/27.6M [00:41<03:24, 110kB/s] 
 23%|██▎       | 6.25M/27.6M [00:42<02:56, 127kB/s]
 23%|██▎       | 6.38M/27.6M [00:43<02:44, 136kB/s]
 24%|██▎       | 6.50M/27.6M [00:43<02:25, 152kB/s]
 24%|██▍       | 6.62M/27.6M [00:44<02:19, 158kB/s]
 24%|██▍       | 6.75M/27.6M [00:45<02:10, 167kB/s]
 25%|██▍       | 6.88M/27.6M [00:46<02:19, 155kB/s]
 25%|██▌       | 7.00M/27.6M [00:47<02:28, 145kB/s]
 26%|██▌       | 7.12M/27.6M [00:48<03:02, 118kB/s]
 26%|██▌       | 7.25M/27.6M [00:50<03:19, 107kB/s]
 27%|██▋       | 7.38M/27.6M [00:51<03:21, 105kB/s]
 27%|██▋       | 7.50M/27.6M [00:53<03:38, 96.7kB/s]
 28%|██▊       | 7.62M/27.6M [00:56<04:49, 72.4kB/s]
 28%|██▊       | 7.75M/27.6M [00:58<04:51, 71.6kB/s]
 29%|██▊       | 7.88M/27.6M [01:00<05:32, 62.2kB/s]
 29%|██▉       | 8.00M/27.6M [01:03<05:36, 61.1kB/s]
 29%|██▉       | 8.12M/27.6M [01:04<05:14, 65.1kB/s]
 30%|██▉       | 8.25M/27.6M [01:07<05:44, 59.0kB/s]
 30%|███       | 8.38M/27.6M [01:12<07:38, 44.0kB/s]
 31%|███       | 8.50M/27.6M [01:15<07:40, 43.6kB/s]
 31%|███       | 8.62M/27.6M [01:17<06:44, 49.3kB/s]
 32%|███▏      | 8.75M/27.6M [01:18<05:53, 56.0kB/s]
 32%|███▏      | 8.88M/27.6M [01:20<05:10, 63.4kB/s]
 33%|███▎      | 9.00M/27.6M [01:22<05:03, 64.3kB/s]
 33%|███▎      | 9.12M/27.6M [01:24<05:05, 63.5kB/s]
 33%|███▎      | 9.25M/27.6M [01:26<04:48, 66.7kB/s]
 34%|███▍      | 9.38M/27.6M [01:27<04:18, 74.2kB/s]
 34%|███▍      | 9.50M/27.6M [01:28<04:09, 76.2kB/s]
 35%|███▍      | 9.62M/27.6M [01:30<03:52, 81.0kB/s]
 35%|███▌      | 9.75M/27.6M [01:32<04:03, 77.0kB/s]
 36%|███▌      | 9.88M/27.6M [01:33<03:42, 83.6kB/s]
 36%|███▌      | 10.0M/27.6M [01:34<03:23, 90.8kB/s]
 37%|███▋      | 10.1M/27.6M [01:35<03:06, 98.2kB/s]
 37%|███▋      | 10.2M/27.6M [01:36<02:47, 109kB/s] 
 38%|███▊      | 10.4M/27.6M [01:37<02:31, 120kB/s]
 38%|███▊      | 10.5M/27.6M [01:38<02:20, 128kB/s]
 38%|███▊      | 10.6M/27.6M [01:39<02:32, 117kB/s]
 39%|███▉      | 10.8M/27.6M [01:40<02:14, 131kB/s]
 39%|███▉      | 10.9M/27.6M [01:41<02:05, 140kB/s]
 40%|███▉      | 11.0M/27.6M [01:41<01:55, 151kB/s]
 40%|████      | 11.1M/27.6M [01:42<01:48, 160kB/s]
 41%|████      | 11.2M/27.6M [01:43<01:40, 171kB/s]
 41%|████      | 11.4M/27.6M [01:43<01:35, 178kB/s]
 42%|████▏     | 11.5M/27.6M [01:44<01:26, 195kB/s]
 42%|████▏     | 11.6M/27.6M [01:44<01:20, 209kB/s]
 43%|████▎     | 11.8M/27.6M [01:45<01:21, 205kB/s]
 43%|████▎     | 11.9M/27.6M [01:46<01:17, 212kB/s]
 43%|████▎     | 12.0M/27.6M [01:47<01:26, 189kB/s]
 44%|████▍     | 12.1M/27.6M [01:48<02:07, 127kB/s]
 44%|████▍     | 12.2M/27.6M [01:51<02:56, 91.2kB/s]
 45%|████▍     | 12.4M/27.6M [01:53<03:32, 75.4kB/s]
 45%|████▌     | 12.5M/27.6M [01:55<03:28, 76.1kB/s]
 46%|████▌     | 12.6M/27.6M [01:56<03:08, 83.3kB/s]
 46%|████▌     | 12.8M/27.6M [01:57<02:48, 92.5kB/s]
 47%|████▋     | 12.9M/27.6M [01:58<02:24, 107kB/s] 
 47%|████▋     | 13.0M/27.6M [01:59<02:16, 112kB/s]
 48%|████▊     | 13.1M/27.6M [02:00<02:03, 123kB/s]
 48%|████▊     | 13.2M/27.6M [02:01<02:03, 122kB/s]
 48%|████▊     | 13.4M/27.6M [02:02<02:04, 120kB/s]
 49%|████▉     | 13.5M/27.6M [02:04<02:27, 100kB/s]
 49%|████▉     | 13.6M/27.6M [02:05<02:38, 92.8kB/s]
 50%|████▉     | 13.8M/27.6M [02:08<03:04, 79.0kB/s]
 50%|█████     | 13.9M/27.6M [02:10<03:11, 75.4kB/s]
 51%|█████     | 14.0M/27.6M [02:12<03:28, 68.5kB/s]
 51%|█████     | 14.1M/27.6M [02:14<03:27, 68.3kB/s]
 52%|█████▏    | 14.2M/27.6M [02:16<03:19, 70.2kB/s]
 52%|█████▏    | 14.4M/27.6M [02:17<03:03, 75.8kB/s]
 52%|█████▏    | 14.5M/27.6M [02:20<03:27, 66.4kB/s]
 53%|█████▎    | 14.6M/27.6M [02:21<03:06, 73.3kB/s]
 53%|█████▎    | 14.8M/27.6M [02:22<02:46, 80.9kB/s]
 54%|█████▍    | 14.9M/27.6M [02:23<02:22, 93.9kB/s]
 54%|█████▍    | 15.0M/27.6M [02:24<02:10, 101kB/s] 
 55%|█████▍    | 15.1M/27.6M [02:25<02:02, 107kB/s]
 55%|█████▌    | 15.2M/27.6M [02:26<01:45, 123kB/s]
 56%|█████▌    | 15.4M/27.6M [02:27<01:44, 124kB/s]
 56%|█████▌    | 15.5M/27.6M [02:28<01:37, 130kB/s]
 57%|█████▋    | 15.6M/27.6M [02:29<01:32, 135kB/s]
 57%|█████▋    | 15.8M/27.6M [02:30<01:39, 125kB/s]
 57%|█████▋    | 15.9M/27.6M [02:31<01:53, 109kB/s]
 58%|█████▊    | 16.0M/27.6M [02:33<01:47, 113kB/s]
 58%|█████▊    | 16.1M/27.6M [02:34<01:43, 116kB/s]
 59%|█████▉    | 16.2M/27.6M [02:35<01:50, 108kB/s]
 59%|█████▉    | 16.4M/27.6M [02:37<02:14, 87.9kB/s]
 60%|█████▉    | 16.5M/27.6M [02:39<02:24, 80.8kB/s]
 60%|██████    | 16.6M/27.6M [02:42<02:45, 69.6kB/s]
 61%|██████    | 16.8M/27.6M [02:44<03:09, 60.1kB/s]
 61%|██████    | 16.9M/27.6M [02:46<03:01, 62.2kB/s]
 62%|██████▏   | 17.0M/27.6M [02:48<02:56, 63.1kB/s]
 62%|██████▏   | 17.1M/27.6M [02:50<02:47, 65.7kB/s]
 62%|██████▏   | 17.2M/27.6M [02:52<02:31, 71.7kB/s]
 63%|██████▎   | 17.4M/27.6M [02:54<02:34, 69.6kB/s]
 63%|██████▎   | 17.5M/27.6M [02:56<02:42, 65.4kB/s]
 64%|██████▍   | 17.6M/27.6M [02:58<02:49, 62.0kB/s]
 64%|██████▍   | 17.8M/27.6M [03:00<02:38, 65.4kB/s]
 65%|██████▍   | 17.9M/27.6M [03:01<02:15, 75.7kB/s]
 65%|██████▌   | 18.0M/27.6M [03:02<02:00, 83.6kB/s]
 66%|██████▌   | 18.1M/27.6M [03:03<01:45, 94.3kB/s]
 66%|██████▌   | 18.2M/27.6M [03:05<01:40, 97.8kB/s]
 67%|██████▋   | 18.4M/27.6M [03:05<01:28, 109kB/s] 
 67%|██████▋   | 18.5M/27.6M [03:06<01:21, 118kB/s]
 67%|██████▋   | 18.6M/27.6M [03:07<01:12, 131kB/s]
 68%|██████▊   | 18.8M/27.6M [03:09<01:22, 113kB/s]
 68%|██████▊   | 18.9M/27.6M [03:10<01:33, 97.9kB/s]
 69%|██████▉   | 19.0M/27.6M [03:12<01:33, 97.2kB/s]
 69%|██████▉   | 19.1M/27.6M [03:14<01:50, 80.6kB/s]
 70%|██████▉   | 19.2M/27.6M [03:15<01:44, 84.0kB/s]
 70%|███████   | 19.4M/27.6M [03:17<01:41, 85.1kB/s]
 71%|███████   | 19.5M/27.6M [03:18<01:31, 93.2kB/s]
 71%|███████   | 19.6M/27.6M [03:19<01:22, 102kB/s] 
 71%|███████▏  | 19.8M/27.6M [03:20<01:11, 115kB/s]
 72%|███████▏  | 19.9M/27.6M [03:21<01:11, 114kB/s]
 72%|███████▏  | 20.0M/27.6M [03:22<01:09, 116kB/s]
 73%|███████▎  | 20.1M/27.6M [03:24<01:16, 103kB/s]
 73%|███████▎  | 20.2M/27.6M [03:27<01:43, 74.5kB/s]
 74%|███████▎  | 20.4M/27.6M [03:29<01:47, 70.4kB/s]
 74%|███████▍  | 20.5M/27.6M [03:30<01:34, 79.3kB/s]
 75%|███████▍  | 20.6M/27.6M [03:31<01:24, 86.8kB/s]
 75%|███████▌  | 20.8M/27.6M [03:32<01:14, 96.9kB/s]
 76%|███████▌  | 20.9M/27.6M [03:33<01:13, 96.1kB/s]
 76%|███████▌  | 21.0M/27.6M [03:35<01:17, 89.6kB/s]
 76%|███████▋  | 21.1M/27.6M [03:37<01:21, 83.8kB/s]
 77%|███████▋  | 21.2M/27.6M [03:40<01:50, 60.6kB/s]
 77%|███████▋  | 21.4M/27.6M [03:44<02:16, 47.9kB/s]
 78%|███████▊  | 21.5M/27.6M [03:47<02:15, 47.5kB/s]
 78%|███████▊  | 21.6M/27.6M [03:50<02:14, 46.9kB/s]
 79%|███████▊  | 21.8M/27.6M [03:52<01:56, 52.7kB/s]
 79%|███████▉  | 21.9M/27.6M [03:53<01:38, 61.1kB/s]
 80%|███████▉  | 22.0M/27.6M [03:55<01:24, 69.7kB/s]
 80%|████████  | 22.1M/27.6M [03:56<01:14, 77.8kB/s]
 81%|████████  | 22.2M/27.6M [03:57<01:11, 79.3kB/s]
 81%|████████  | 22.4M/27.6M [04:00<01:16, 71.6kB/s]
 81%|████████▏ | 22.5M/27.6M [04:03<01:31, 58.6kB/s]
 82%|████████▏ | 22.6M/27.6M [04:04<01:21, 64.3kB/s]
 82%|████████▏ | 22.8M/27.6M [04:06<01:17, 66.0kB/s]
 83%|████████▎ | 22.9M/27.6M [04:08<01:11, 69.4kB/s]
 83%|████████▎ | 23.0M/27.6M [04:10<01:16, 63.3kB/s]
 84%|████████▎ | 23.1M/27.6M [04:12<01:05, 72.1kB/s]
 84%|████████▍ | 23.2M/27.6M [04:13<00:58, 78.6kB/s]
 85%|████████▍ | 23.4M/27.6M [04:15<00:57, 78.0kB/s]
 85%|████████▌ | 23.5M/27.6M [04:16<00:49, 87.1kB/s]
 86%|████████▌ | 23.6M/27.6M [04:17<00:43, 95.8kB/s]
 86%|████████▌ | 23.8M/27.6M [04:18<00:37, 109kB/s] 
 86%|████████▋ | 23.9M/27.6M [04:18<00:32, 123kB/s]
 87%|████████▋ | 24.0M/27.6M [04:19<00:27, 139kB/s]
 87%|████████▋ | 24.1M/27.6M [04:20<00:23, 156kB/s]
 88%|████████▊ | 24.2M/27.6M [04:20<00:21, 169kB/s]
 88%|████████▊ | 24.4M/27.6M [04:21<00:20, 168kB/s]
 89%|████████▊ | 24.5M/27.6M [04:22<00:23, 141kB/s]
 89%|████████▉ | 24.6M/27.6M [04:23<00:23, 132kB/s]
 90%|████████▉ | 24.8M/27.6M [04:25<00:27, 110kB/s]
 90%|█████████ | 24.9M/27.6M [04:27<00:30, 95.3kB/s]
 90%|█████████ | 25.0M/27.6M [04:28<00:29, 94.8kB/s]
 91%|█████████ | 25.1M/27.6M [04:30<00:30, 85.5kB/s]
 91%|█████████▏| 25.2M/27.6M [04:31<00:27, 91.0kB/s]
 92%|█████████▏| 25.4M/27.6M [04:35<00:35, 67.0kB/s]
 92%|█████████▏| 25.5M/27.6M [04:38<00:39, 56.3kB/s]
 93%|█████████▎| 25.6M/27.6M [04:39<00:32, 64.0kB/s]
 93%|█████████▎| 25.8M/27.6M [04:41<00:27, 70.6kB/s]
 94%|█████████▎| 25.9M/27.6M [04:42<00:23, 79.4kB/s]
 94%|█████████▍| 26.0M/27.6M [04:43<00:19, 88.2kB/s]
 95%|█████████▍| 26.1M/27.6M [04:44<00:15, 101kB/s] 
 95%|█████████▌| 26.2M/27.6M [04:45<00:12, 112kB/s]
 95%|█████████▌| 26.4M/27.6M [04:45<00:10, 124kB/s]
 96%|█████████▌| 26.5M/27.6M [04:46<00:08, 134kB/s]
 96%|█████████▋| 26.6M/27.6M [04:47<00:07, 138kB/s]
 97%|█████████▋| 26.8M/27.6M [04:48<00:06, 140kB/s]
 97%|█████████▋| 26.9M/27.6M [04:49<00:05, 151kB/s]
 98%|█████████▊| 27.0M/27.6M [04:50<00:04, 150kB/s]
 98%|█████████▊| 27.1M/27.6M [04:51<00:04, 129kB/s]
 99%|█████████▊| 27.2M/27.6M [04:52<00:03, 116kB/s]
 99%|█████████▉| 27.4M/27.6M [04:55<00:03, 81.8kB/s]
100%|█████████▉| 27.5M/27.6M [04:57<00:01, 72.1kB/s]
100%|█████████▉| 27.6M/27.6M [04:59<00:00, 68.8kB/s]
100%|██████████| 27.6M/27.6M [04:59<00:00, 96.6kB/s]
mbt q1 02809272 74712 B  dec 0.43s
mbt q1 0369d229 16100 B  dec 0.57s
mbt q1 07b9f93f 37472 B  dec 0.30s
mbt q1 0d154749 25924 B  dec 0.31s
mbt q1 1b4ad095 18292 B  dec 0.25s
mbt q1 1cba10ad 9784 B  dec 0.34s
mbt q1 2397c73f 37136 B  dec 0.29s
mbt q1 2684452d 33796 B  dec 0.30s
mbt q1 2a760bf1 9172 B  dec 0.20s
mbt q1 4ebc0e6c 20192 B  dec 0.37s
mbt q1 50d13125 10848 B  dec 0.28s
mbt q1 50fe4c3d 70176 B  dec 0.28s
mbt q1 58104815 54612 B  dec 0.42s
mbt q1 608cb09e 66084 B  dec 0.36s
mbt q1 79b1bb29 60108 B  dec 0.26s
mbt q1 8426ed22 9024 B  dec 0.41s
mbt q1 86127fbd 51136 B  dec 0.21s
mbt q1 937476dd 224896 B  dec 0.40s
mbt q1 a2a946cc 35816 B  dec 0.35s
mbt q1 a365e654 71732 B  dec 0.28s
mbt q1 b0b3744c 70412 B  dec 0.30s
mbt q1 bb7344a2 17992 B  dec 0.23s
mbt q1 c9510efb 26120 B  dec 0.27s
mbt q1 d0208a1e 78540 B  dec 0.28s
mbt q1 da52c4f6 85212 B  dec 0.32s
mbt q1 e0d8e29c 13956 B  dec 0.30s
mbt q1 ebfd571f 78852 B  dec 0.58s
mbt q1 eda6d427 63828 B  dec 0.35s
mbt q1 f67f11de 9060 B  dec 0.34s
mbt q1 ff32adfa 35192 B  dec 0.32s
Downloading: "https://compressai.s3.amazonaws.com/models/v1/mbt2018-mean-2-e54a039d.pth.tar" to /mnt/home/guess03/.cache/torch/hub/checkpoints/mbt2018-mean-2-e54a039d.pth.tar

  0%|          | 0.00/27.6M [00:00<?, ?B/s]
  0%|          | 128k/27.6M [00:00<01:22, 349kB/s]
  1%|          | 256k/27.6M [00:00<00:57, 495kB/s]
  1%|▏         | 384k/27.6M [00:00<00:49, 575kB/s]
  3%|▎         | 768k/27.6M [00:00<00:25, 1.11MB/s]
  4%|▎         | 1.00M/27.6M [00:01<00:30, 901kB/s]
  4%|▍         | 1.12M/27.6M [00:01<00:41, 675kB/s]
  5%|▍         | 1.38M/27.6M [00:01<00:34, 795kB/s]
  7%|▋         | 1.88M/27.6M [00:02<00:21, 1.27MB/s]
  8%|▊         | 2.12M/27.6M [00:02<00:39, 670kB/s] 
  8%|▊         | 2.25M/27.6M [00:03<00:39, 675kB/s]
  9%|▉         | 2.50M/27.6M [00:03<00:32, 808kB/s]
 10%|▉         | 2.75M/27.6M [00:03<00:33, 770kB/s]
 12%|█▏        | 3.25M/27.6M [00:03<00:21, 1.17MB/s]
 13%|█▎        | 3.50M/27.6M [00:04<00:20, 1.22MB/s]
 14%|█▎        | 3.75M/27.6M [00:04<00:19, 1.26MB/s]
 14%|█▍        | 4.00M/27.6M [00:04<00:19, 1.30MB/s]
 15%|█▌        | 4.25M/27.6M [00:04<00:18, 1.33MB/s]
 16%|█▋        | 4.50M/27.6M [00:04<00:17, 1.35MB/s]
 17%|█▋        | 4.75M/27.6M [00:05<00:17, 1.36MB/s]
 18%|█▊        | 5.00M/27.6M [00:05<00:17, 1.38MB/s]
 19%|█▉        | 5.25M/27.6M [00:05<00:16, 1.39MB/s]
 20%|█▉        | 5.50M/27.6M [00:05<00:16, 1.39MB/s]
 21%|██        | 5.75M/27.6M [00:05<00:21, 1.07MB/s]
 22%|██▏       | 6.12M/27.6M [00:06<00:17, 1.33MB/s]
 23%|██▎       | 6.38M/27.6M [00:06<00:20, 1.07MB/s]
 24%|██▍       | 6.62M/27.6M [00:06<00:19, 1.14MB/s]
 24%|██▍       | 6.75M/27.6M [00:06<00:21, 1.03MB/s]
 25%|██▍       | 6.88M/27.6M [00:07<00:22, 949kB/s] 
 25%|██▌       | 7.00M/27.6M [00:07<00:24, 885kB/s]
 26%|██▌       | 7.12M/27.6M [00:07<00:25, 842kB/s]
 27%|██▋       | 7.38M/27.6M [00:07<00:21, 986kB/s]
 27%|██▋       | 7.50M/27.6M [00:08<00:29, 704kB/s]
 28%|██▊       | 7.75M/27.6M [00:08<00:23, 869kB/s]
 29%|██▊       | 7.88M/27.6M [00:08<00:25, 826kB/s]
 29%|██▉       | 8.00M/27.6M [00:08<00:25, 792kB/s]
 29%|██▉       | 8.12M/27.6M [00:09<00:41, 498kB/s]
 30%|███       | 8.38M/27.6M [00:09<00:39, 506kB/s]
 31%|███       | 8.50M/27.6M [00:09<00:38, 515kB/s]
 31%|███       | 8.62M/27.6M [00:10<00:42, 463kB/s]
 32%|███▏      | 8.75M/27.6M [00:10<00:51, 382kB/s]
 32%|███▏      | 8.88M/27.6M [00:11<00:47, 411kB/s]
 33%|███▎      | 9.00M/27.6M [00:11<00:54, 356kB/s]
 33%|███▎      | 9.12M/27.6M [00:12<01:02, 310kB/s]
 33%|███▎      | 9.25M/27.6M [00:12<01:02, 307kB/s]
 34%|███▍      | 9.38M/27.6M [00:13<01:31, 209kB/s]
 34%|███▍      | 9.50M/27.6M [00:15<02:15, 140kB/s]
 35%|███▍      | 9.62M/27.6M [00:16<02:30, 125kB/s]
 35%|███▌      | 9.75M/27.6M [00:17<02:24, 129kB/s]
 36%|███▌      | 9.88M/27.6M [00:20<03:27, 89.7kB/s]
 36%|███▌      | 10.0M/27.6M [00:22<04:15, 72.4kB/s]
 37%|███▋      | 10.1M/27.6M [00:24<03:52, 79.0kB/s]
 37%|███▋      | 10.2M/27.6M [00:25<03:43, 81.5kB/s]
 38%|███▊      | 10.4M/27.6M [00:26<03:29, 86.3kB/s]
 38%|███▊      | 10.5M/27.6M [00:28<03:27, 86.7kB/s]
 38%|███▊      | 10.6M/27.6M [00:30<03:41, 80.3kB/s]
 39%|███▉      | 10.8M/27.6M [00:32<03:57, 74.6kB/s]
 39%|███▉      | 10.9M/27.6M [00:34<04:29, 65.0kB/s]
 40%|███▉      | 11.0M/27.6M [00:36<04:14, 68.5kB/s]
 40%|████      | 11.1M/27.6M [00:38<03:55, 73.3kB/s]
 41%|████      | 11.2M/27.6M [00:40<04:09, 68.7kB/s]
 41%|████      | 11.4M/27.6M [00:43<04:50, 58.7kB/s]
 42%|████▏     | 11.5M/27.6M [00:45<04:42, 59.8kB/s]
 42%|████▏     | 11.6M/27.6M [00:47<04:20, 64.4kB/s]
 43%|████▎     | 11.8M/27.6M [00:48<03:58, 69.9kB/s]
 43%|████▎     | 11.9M/27.6M [00:49<03:34, 76.9kB/s]
 43%|████▎     | 12.0M/27.6M [00:51<03:16, 83.4kB/s]
 44%|████▍     | 12.1M/27.6M [00:52<03:22, 80.2kB/s]
 44%|████▍     | 12.2M/27.6M [00:55<03:43, 72.2kB/s]
 45%|████▍     | 12.4M/27.6M [00:57<03:45, 70.9kB/s]
 45%|████▌     | 12.5M/27.6M [00:58<03:33, 74.1kB/s]
 46%|████▌     | 12.6M/27.6M [01:00<03:28, 75.3kB/s]
 46%|████▌     | 12.8M/27.6M [01:03<04:17, 60.5kB/s]
 47%|████▋     | 12.9M/27.6M [01:04<03:45, 68.7kB/s]
 47%|████▋     | 13.0M/27.6M [01:05<03:15, 78.4kB/s]
 48%|████▊     | 13.1M/27.6M [01:06<02:35, 97.9kB/s]
 48%|████▊     | 13.2M/27.6M [01:06<02:07, 119kB/s] 
 48%|████▊     | 13.4M/27.6M [01:07<01:40, 148kB/s]
 49%|████▉     | 13.5M/27.6M [01:07<01:22, 179kB/s]
 49%|████▉     | 13.6M/27.6M [01:07<01:03, 231kB/s]
 50%|████▉     | 13.8M/27.6M [01:08<00:56, 257kB/s]
 50%|█████     | 13.9M/27.6M [01:08<00:45, 318kB/s]
 51%|█████     | 14.0M/27.6M [01:08<00:37, 380kB/s]
 51%|█████     | 14.1M/27.6M [01:08<00:32, 440kB/s]
 52%|█████▏    | 14.2M/27.6M [01:09<00:28, 496kB/s]
 52%|█████▏    | 14.4M/27.6M [01:09<00:25, 544kB/s]
 53%|█████▎    | 14.6M/27.6M [01:09<00:18, 756kB/s]
 53%|█████▎    | 14.8M/27.6M [01:09<00:18, 744kB/s]
 54%|█████▍    | 14.9M/27.6M [01:09<00:16, 807kB/s]
 55%|█████▍    | 15.1M/27.6M [01:09<00:14, 894kB/s]
 56%|█████▌    | 15.4M/27.6M [01:10<00:12, 1.04MB/s]
 57%|█████▋    | 15.6M/27.6M [01:10<00:11, 1.14MB/s]
 57%|█████▋    | 15.9M/27.6M [01:10<00:10, 1.22MB/s]
 58%|█████▊    | 16.1M/27.6M [01:10<00:09, 1.27MB/s]
 59%|█████▉    | 16.4M/27.6M [01:10<00:08, 1.31MB/s]
 60%|██████    | 16.6M/27.6M [01:11<00:11, 1.03MB/s]
 62%|██████▏   | 17.1M/27.6M [01:11<00:08, 1.27MB/s]
 63%|██████▎   | 17.5M/27.6M [01:11<00:07, 1.35MB/s]
 64%|██████▍   | 17.8M/27.6M [01:12<00:11, 927kB/s] 
 65%|██████▌   | 18.0M/27.6M [01:12<00:10, 1.01MB/s]
 66%|██████▌   | 18.1M/27.6M [01:12<00:10, 942kB/s] 
 66%|██████▌   | 18.2M/27.6M [01:12<00:11, 887kB/s]
 67%|██████▋   | 18.4M/27.6M [01:13<00:11, 840kB/s]
 67%|██████▋   | 18.5M/27.6M [01:13<00:11, 804kB/s]
 67%|██████▋   | 18.6M/27.6M [01:13<00:15, 614kB/s]
 68%|██████▊   | 18.9M/27.6M [01:14<00:13, 700kB/s]
 69%|██████▉   | 19.0M/27.6M [01:14<00:14, 642kB/s]
 69%|██████▉   | 19.1M/27.6M [01:14<00:13, 653kB/s]
 70%|██████▉   | 19.2M/27.6M [01:14<00:13, 665kB/s]
 70%|███████   | 19.4M/27.6M [01:14<00:13, 647kB/s]
 71%|███████   | 19.5M/27.6M [01:15<00:13, 626kB/s]
 71%|███████   | 19.6M/27.6M [01:15<00:13, 614kB/s]
 71%|███████▏  | 19.8M/27.6M [01:15<00:14, 584kB/s]
 72%|███████▏  | 19.9M/27.6M [01:15<00:13, 606kB/s]
 72%|███████▏  | 20.0M/27.6M [01:15<00:12, 630kB/s]
 73%|███████▎  | 20.1M/27.6M [01:16<00:12, 649kB/s]
 73%|███████▎  | 20.2M/27.6M [01:16<00:11, 662kB/s]
 74%|███████▍  | 20.4M/27.6M [01:16<00:11, 673kB/s]
 74%|███████▍  | 20.5M/27.6M [01:16<00:16, 466kB/s]
 75%|███████▌  | 20.8M/27.6M [01:17<00:13, 519kB/s]
 76%|███████▌  | 20.9M/27.6M [01:17<00:12, 549kB/s]
 76%|███████▌  | 21.0M/27.6M [01:17<00:12, 538kB/s]
 76%|███████▋  | 21.1M/27.6M [01:18<00:12, 547kB/s]
 77%|███████▋  | 21.2M/27.6M [01:18<00:12, 537kB/s]
 77%|███████▋  | 21.4M/27.6M [01:18<00:13, 502kB/s]
 78%|███████▊  | 21.5M/27.6M [01:18<00:12, 504kB/s]
 78%|███████▊  | 21.6M/27.6M [01:19<00:14, 432kB/s]
 79%|███████▊  | 21.8M/27.6M [01:19<00:14, 417kB/s]
 79%|███████▉  | 21.9M/27.6M [01:20<00:16, 370kB/s]
 80%|███████▉  | 22.0M/27.6M [01:20<00:20, 292kB/s]
 80%|████████  | 22.1M/27.6M [01:21<00:23, 247kB/s]
 81%|████████  | 22.2M/27.6M [01:22<00:23, 240kB/s]
 81%|████████  | 22.4M/27.6M [01:22<00:24, 229kB/s]
 81%|████████▏ | 22.5M/27.6M [01:23<00:25, 210kB/s]
 82%|████████▏ | 22.6M/27.6M [01:24<00:26, 198kB/s]
 82%|████████▏ | 22.8M/27.6M [01:24<00:24, 208kB/s]
 83%|████████▎ | 22.9M/27.6M [01:25<00:23, 215kB/s]
 83%|████████▎ | 23.0M/27.6M [01:26<00:24, 201kB/s]
 84%|████████▎ | 23.1M/27.6M [01:26<00:22, 206kB/s]
 84%|████████▍ | 23.2M/27.6M [01:27<00:22, 200kB/s]
 85%|████████▍ | 23.4M/27.6M [01:27<00:21, 209kB/s]
 85%|████████▌ | 23.5M/27.6M [01:28<00:20, 216kB/s]
 86%|████████▌ | 23.6M/27.6M [01:29<00:24, 169kB/s]
 86%|████████▌ | 23.8M/27.6M [01:30<00:23, 173kB/s]
 86%|████████▋ | 23.9M/27.6M [01:30<00:21, 186kB/s]
 87%|████████▋ | 24.0M/27.6M [01:31<00:20, 182kB/s]
 87%|████████▋ | 24.1M/27.6M [01:32<00:20, 180kB/s]
 88%|████████▊ | 24.2M/27.6M [01:33<00:18, 194kB/s]
 88%|████████▊ | 24.4M/27.6M [01:33<00:16, 204kB/s]
 89%|████████▊ | 24.5M/27.6M [01:34<00:19, 167kB/s]
 89%|████████▉ | 24.6M/27.6M [01:36<00:23, 131kB/s]
 90%|████████▉ | 24.8M/27.6M [01:37<00:23, 127kB/s]
 90%|█████████ | 24.9M/27.6M [01:38<00:23, 123kB/s]
 91%|█████████ | 25.0M/27.6M [01:39<00:21, 128kB/s]
 91%|█████████ | 25.1M/27.6M [01:40<00:18, 139kB/s]
 91%|█████████▏| 25.2M/27.6M [01:41<00:19, 125kB/s]
 92%|█████████▏| 25.4M/27.6M [01:42<00:18, 129kB/s]
 92%|█████████▏| 25.5M/27.6M [01:43<00:18, 119kB/s]
 93%|█████████▎| 25.6M/27.6M [01:44<00:17, 118kB/s]
 93%|█████████▎| 25.8M/27.6M [01:45<00:16, 120kB/s]
 94%|█████████▎| 25.9M/27.6M [01:47<00:17, 106kB/s]
 94%|█████████▍| 26.0M/27.6M [01:48<00:16, 104kB/s]
 95%|█████████▍| 26.1M/27.6M [01:50<00:15, 103kB/s]
 95%|█████████▌| 26.2M/27.6M [01:51<00:13, 107kB/s]
 95%|█████████▌| 26.4M/27.6M [01:52<00:11, 115kB/s]
 96%|█████████▌| 26.5M/27.6M [01:53<00:09, 122kB/s]
 96%|█████████▋| 26.6M/27.6M [01:53<00:08, 127kB/s]
 97%|█████████▋| 26.8M/27.6M [01:54<00:06, 133kB/s]
 97%|█████████▋| 26.9M/27.6M [01:55<00:05, 135kB/s]
 98%|█████████▊| 27.0M/27.6M [01:56<00:04, 137kB/s]
 98%|█████████▊| 27.1M/27.6M [01:57<00:03, 138kB/s]
 99%|█████████▊| 27.2M/27.6M [01:58<00:02, 144kB/s]
 99%|█████████▉| 27.4M/27.6M [01:59<00:01, 150kB/s]
100%|█████████▉| 27.5M/27.6M [01:59<00:00, 157kB/s]
100%|██████████| 27.6M/27.6M [02:00<00:00, 164kB/s]
100%|██████████| 27.6M/27.6M [02:00<00:00, 240kB/s]
mbt q2 02809272 110228 B  dec 0.30s
mbt q2 0369d229 22012 B  dec 0.28s
mbt q2 07b9f93f 61728 B  dec 0.36s
mbt q2 0d154749 41904 B  dec 0.30s
mbt q2 1b4ad095 33480 B  dec 0.27s
mbt q2 1cba10ad 14824 B  dec 0.36s
mbt q2 2397c73f 56288 B  dec 0.35s
mbt q2 2684452d 50508 B  dec 0.32s
mbt q2 2a760bf1 9720 B  dec 0.19s
mbt q2 4ebc0e6c 30088 B  dec 0.35s
mbt q2 50d13125 16520 B  dec 0.70s
mbt q2 50fe4c3d 104512 B  dec 0.29s
mbt q2 58104815 88988 B  dec 0.31s
mbt q2 608cb09e 96400 B  dec 0.42s
mbt q2 79b1bb29 93196 B  dec 0.32s
mbt q2 8426ed22 13636 B  dec 0.51s
mbt q2 86127fbd 77864 B  dec 0.21s
mbt q2 937476dd 345584 B  dec 0.32s
mbt q2 a2a946cc 51788 B  dec 0.28s
mbt q2 a365e654 115808 B  dec 0.31s
mbt q2 b0b3744c 109848 B  dec 0.29s
mbt q2 bb7344a2 26068 B  dec 0.22s
mbt q2 c9510efb 34984 B  dec 0.29s
mbt q2 d0208a1e 136836 B  dec 0.28s
mbt q2 da52c4f6 123548 B  dec 0.30s
mbt q2 e0d8e29c 26040 B  dec 0.29s
mbt q2 ebfd571f 111156 B  dec 0.46s
mbt q2 eda6d427 99012 B  dec 0.33s
mbt q2 f67f11de 13436 B  dec 0.37s
mbt q2 ff32adfa 46540 B  dec 0.29s
Downloading: "https://compressai.s3.amazonaws.com/models/v1/mbt2018-mean-3-723404a8.pth.tar" to /mnt/home/guess03/.cache/torch/hub/checkpoints/mbt2018-mean-3-723404a8.pth.tar

  0%|          | 0.00/27.6M [00:00<?, ?B/s]
  0%|          | 128k/27.6M [00:00<01:59, 241kB/s]
  1%|          | 256k/27.6M [00:00<01:35, 300kB/s]
  2%|▏         | 512k/27.6M [00:01<00:47, 596kB/s]
  2%|▏         | 640k/27.6M [00:01<00:44, 631kB/s]
  3%|▎         | 768k/27.6M [00:01<01:06, 423kB/s]
  3%|▎         | 896k/27.6M [00:01<00:57, 484kB/s]
  4%|▎         | 1.00M/27.6M [00:02<00:51, 537kB/s]
  4%|▍         | 1.12M/27.6M [00:02<00:47, 583kB/s]
  5%|▍         | 1.25M/27.6M [00:02<00:47, 587kB/s]
  5%|▍         | 1.38M/27.6M [00:02<00:41, 659kB/s]
  5%|▌         | 1.50M/27.6M [00:02<00:46, 584kB/s]
  6%|▋         | 1.75M/27.6M [00:03<00:42, 642kB/s]
  7%|▋         | 2.00M/27.6M [00:03<00:35, 751kB/s]
  8%|▊         | 2.12M/27.6M [00:03<00:37, 712kB/s]
  8%|▊         | 2.25M/27.6M [00:03<00:35, 753kB/s]
  9%|▊         | 2.38M/27.6M [00:04<00:35, 746kB/s]
  9%|▉         | 2.50M/27.6M [00:04<00:35, 742kB/s]
  9%|▉         | 2.62M/27.6M [00:04<00:35, 737kB/s]
 10%|▉         | 2.75M/27.6M [00:04<00:35, 735kB/s]
 10%|█         | 2.88M/27.6M [00:04<00:35, 732kB/s]
 11%|█         | 3.00M/27.6M [00:05<00:35, 730kB/s]
 11%|█▏        | 3.12M/27.6M [00:05<00:35, 729kB/s]
 12%|█▏        | 3.25M/27.6M [00:05<00:51, 496kB/s]
 13%|█▎        | 3.62M/27.6M [00:05<00:31, 793kB/s]
 14%|█▎        | 3.75M/27.6M [00:06<00:33, 744kB/s]
 14%|█▍        | 3.88M/27.6M [00:06<00:39, 626kB/s]
 14%|█▍        | 4.00M/27.6M [00:06<00:38, 647kB/s]
 15%|█▍        | 4.12M/27.6M [00:06<00:37, 663kB/s]
 15%|█▌        | 4.25M/27.6M [00:07<00:36, 679kB/s]
 16%|█▌        | 4.38M/27.6M [00:07<00:35, 692kB/s]
 16%|█▋        | 4.50M/27.6M [00:07<00:34, 700kB/s]
 17%|█▋        | 4.62M/27.6M [00:07<00:34, 708kB/s]
 17%|█▋        | 4.75M/27.6M [00:07<00:33, 712kB/s]
 18%|█▊        | 4.88M/27.6M [00:07<00:33, 717kB/s]
 18%|█▊        | 5.00M/27.6M [00:08<00:33, 719kB/s]
 19%|█▊        | 5.12M/27.6M [00:08<00:32, 722kB/s]
 19%|█▉        | 5.25M/27.6M [00:08<00:32, 722kB/s]
 19%|█▉        | 5.38M/27.6M [00:08<00:31, 730kB/s]
 20%|█▉        | 5.50M/27.6M [00:08<00:31, 729kB/s]
 20%|██        | 5.62M/27.6M [00:09<00:31, 730kB/s]
 21%|██        | 5.75M/27.6M [00:09<00:31, 729kB/s]
 22%|██▏       | 6.00M/27.6M [00:09<00:27, 823kB/s]
 22%|██▏       | 6.12M/27.6M [00:09<00:24, 906kB/s]
 23%|██▎       | 6.25M/27.6M [00:09<00:26, 851kB/s]
 23%|██▎       | 6.38M/27.6M [00:09<00:27, 813kB/s]
 24%|██▎       | 6.50M/27.6M [00:10<00:44, 493kB/s]
 24%|██▍       | 6.75M/27.6M [00:10<00:31, 699kB/s]
 25%|██▍       | 6.88M/27.6M [00:10<00:31, 696kB/s]
 25%|██▌       | 7.00M/27.6M [00:11<00:30, 703kB/s]
 26%|██▌       | 7.12M/27.6M [00:11<00:31, 678kB/s]
 26%|██▌       | 7.25M/27.6M [00:11<00:31, 688kB/s]
 27%|██▋       | 7.38M/27.6M [00:11<00:33, 642kB/s]
 27%|██▋       | 7.50M/27.6M [00:11<00:31, 674kB/s]
 28%|██▊       | 7.62M/27.6M [00:12<00:43, 482kB/s]
 28%|██▊       | 7.75M/27.6M [00:12<00:47, 439kB/s]
 28%|██▊       | 7.88M/27.6M [00:12<00:41, 497kB/s]
 29%|██▉       | 8.00M/27.6M [00:13<00:45, 448kB/s]
 29%|██▉       | 8.12M/27.6M [00:13<00:48, 419kB/s]
 30%|██▉       | 8.25M/27.6M [00:13<00:46, 435kB/s]
 30%|███       | 8.38M/27.6M [00:14<00:46, 433kB/s]
 31%|███       | 8.50M/27.6M [00:14<01:03, 314kB/s]
 31%|███       | 8.62M/27.6M [00:15<01:12, 276kB/s]
 32%|███▏      | 8.75M/27.6M [00:15<01:07, 292kB/s]
 32%|███▏      | 8.88M/27.6M [00:16<01:11, 275kB/s]
 33%|███▎      | 9.00M/27.6M [00:16<01:14, 262kB/s]
 33%|███▎      | 9.12M/27.6M [00:18<01:48, 179kB/s]
 33%|███▎      | 9.25M/27.6M [00:18<01:34, 204kB/s]
 34%|███▍      | 9.38M/27.6M [00:19<01:42, 188kB/s]
 34%|███▍      | 9.50M/27.6M [00:20<01:47, 177kB/s]
 35%|███▍      | 9.62M/27.6M [00:20<01:44, 182kB/s]
 35%|███▌      | 9.75M/27.6M [00:21<01:43, 182kB/s]
 36%|███▌      | 9.88M/27.6M [00:22<01:36, 193kB/s]
 36%|███▌      | 10.0M/27.6M [00:23<01:43, 178kB/s]
 37%|███▋      | 10.1M/27.6M [00:23<01:36, 190kB/s]
 37%|███▋      | 10.2M/27.6M [00:24<01:35, 191kB/s]
 38%|███▊      | 10.4M/27.6M [00:24<01:28, 204kB/s]
 38%|███▊      | 10.5M/27.6M [00:25<01:40, 179kB/s]
 38%|███▊      | 10.6M/27.6M [00:26<01:52, 158kB/s]
 39%|███▉      | 10.8M/27.6M [00:28<02:09, 137kB/s]
 39%|███▉      | 10.9M/27.6M [00:29<02:28, 119kB/s]
 40%|███▉      | 11.0M/27.6M [00:32<03:24, 85.5kB/s]
 40%|████      | 11.1M/27.6M [00:36<04:54, 58.8kB/s]
 41%|████      | 11.2M/27.6M [00:38<04:49, 59.3kB/s]
 41%|████      | 11.4M/27.6M [00:40<04:38, 61.1kB/s]
 42%|████▏     | 11.5M/27.6M [00:41<04:18, 65.5kB/s]
 42%|████▏     | 11.6M/27.6M [00:43<04:08, 67.5kB/s]
 43%|████▎     | 11.8M/27.6M [00:45<03:48, 72.9kB/s]
 43%|████▎     | 11.9M/27.6M [00:46<03:33, 77.4kB/s]
 43%|████▎     | 12.0M/27.6M [00:48<03:25, 79.8kB/s]
 44%|████▍     | 12.1M/27.6M [00:49<03:33, 76.3kB/s]
 44%|████▍     | 12.2M/27.6M [00:52<03:51, 69.6kB/s]
 45%|████▍     | 12.4M/27.6M [00:54<03:48, 69.9kB/s]
 45%|████▌     | 12.5M/27.6M [00:55<03:26, 76.9kB/s]
 46%|████▌     | 12.6M/27.6M [00:57<03:45, 69.7kB/s]
 46%|████▌     | 12.8M/27.6M [00:59<03:54, 66.6kB/s]
 47%|████▋     | 12.9M/27.6M [01:02<04:12, 61.4kB/s]
 47%|████▋     | 13.0M/27.6M [01:04<04:17, 59.6kB/s]
 47%|████▋     | 13.1M/27.6M [01:06<03:49, 66.4kB/s]
 48%|████▊     | 13.2M/27.6M [01:07<03:30, 71.6kB/s]
 48%|████▊     | 13.4M/27.6M [01:08<03:01, 82.3kB/s]
 49%|████▉     | 13.5M/27.6M [01:10<03:03, 80.9kB/s]
 49%|████▉     | 13.6M/27.6M [01:14<04:09, 58.9kB/s]
 50%|████▉     | 13.8M/27.6M [01:18<05:06, 47.5kB/s]
 50%|█████     | 13.9M/27.6M [01:19<04:21, 55.2kB/s]
 51%|█████     | 14.0M/27.6M [01:20<03:42, 64.2kB/s]
 51%|█████     | 14.1M/27.6M [01:21<02:57, 79.6kB/s]
 52%|█████▏    | 14.2M/27.6M [01:22<02:25, 96.6kB/s]
 52%|█████▏    | 14.4M/27.6M [01:22<01:52, 124kB/s] 
 52%|█████▏    | 14.5M/27.6M [01:22<01:29, 154kB/s]
 53%|█████▎    | 14.6M/27.6M [01:23<01:07, 202kB/s]
 53%|█████▎    | 14.8M/27.6M [01:23<01:05, 207kB/s]
 54%|█████▍    | 14.9M/27.6M [01:23<00:50, 266kB/s]
 54%|█████▍    | 15.0M/27.6M [01:24<00:40, 327kB/s]
 55%|█████▍    | 15.1M/27.6M [01:24<00:37, 347kB/s]
 55%|█████▌    | 15.2M/27.6M [01:24<00:32, 398kB/s]
 56%|█████▌    | 15.4M/27.6M [01:24<00:32, 400kB/s]
 56%|█████▌    | 15.5M/27.6M [01:25<00:38, 333kB/s]
 57%|█████▋    | 15.8M/27.6M [01:25<00:28, 444kB/s]
 57%|█████▋    | 15.9M/27.6M [01:26<00:29, 420kB/s]
 58%|█████▊    | 16.0M/27.6M [01:26<00:31, 393kB/s]
 58%|█████▊    | 16.1M/27.6M [01:27<00:36, 335kB/s]
 59%|█████▉    | 16.2M/27.6M [01:27<00:38, 310kB/s]
 59%|█████▉    | 16.4M/27.6M [01:28<00:41, 287kB/s]
 60%|█████▉    | 16.5M/27.6M [01:28<00:39, 296kB/s]
 60%|██████    | 16.6M/27.6M [01:29<00:45, 256kB/s]
 61%|██████    | 16.8M/27.6M [01:29<00:46, 246kB/s]
 61%|██████    | 16.9M/27.6M [01:30<00:52, 213kB/s]
 62%|██████▏   | 17.0M/27.6M [01:31<00:55, 203kB/s]
 62%|██████▏   | 17.1M/27.6M [01:32<01:07, 163kB/s]
 62%|██████▏   | 17.2M/27.6M [01:34<01:42, 107kB/s]
 63%|██████▎   | 17.4M/27.6M [01:36<01:46, 101kB/s]
 63%|██████▎   | 17.5M/27.6M [01:37<01:43, 103kB/s]
 64%|██████▍   | 17.6M/27.6M [01:38<01:30, 116kB/s]
 64%|██████▍   | 17.8M/27.6M [01:39<01:22, 126kB/s]
 65%|██████▍   | 17.9M/27.6M [01:39<01:16, 133kB/s]
 65%|██████▌   | 18.0M/27.6M [01:40<01:14, 136kB/s]
 66%|██████▌   | 18.1M/27.6M [01:41<01:14, 133kB/s]
 66%|██████▌   | 18.2M/27.6M [01:42<01:16, 129kB/s]
 66%|██████▋   | 18.4M/27.6M [01:43<01:08, 141kB/s]
 67%|██████▋   | 18.5M/27.6M [01:45<01:16, 125kB/s]
 67%|██████▋   | 18.6M/27.6M [01:45<01:09, 136kB/s]
 68%|██████▊   | 18.8M/27.6M [01:46<01:06, 141kB/s]
 68%|██████▊   | 18.9M/27.6M [01:47<01:04, 142kB/s]
 69%|██████▉   | 19.0M/27.6M [01:48<01:03, 143kB/s]
 69%|██████▉   | 19.1M/27.6M [01:49<01:11, 125kB/s]
 70%|██████▉   | 19.2M/27.6M [01:50<01:09, 127kB/s]
 70%|███████   | 19.4M/27.6M [01:52<01:27, 99.1kB/s]
 71%|███████   | 19.5M/27.6M [01:54<01:42, 83.1kB/s]
 71%|███████   | 19.6M/27.6M [01:56<01:38, 85.2kB/s]
 71%|███████▏  | 19.8M/27.6M [01:57<01:31, 90.0kB/s]
 72%|███████▏  | 19.9M/27.6M [01:59<01:34, 86.0kB/s]
 72%|███████▏  | 20.0M/27.6M [02:00<01:25, 94.1kB/s]
 73%|███████▎  | 20.1M/27.6M [02:01<01:21, 97.1kB/s]
 73%|███████▎  | 20.2M/27.6M [02:03<01:27, 88.1kB/s]
 74%|███████▎  | 20.4M/27.6M [02:05<01:37, 78.0kB/s]
 74%|███████▍  | 20.5M/27.6M [02:07<01:33, 80.2kB/s]
 75%|███████▍  | 20.6M/27.6M [02:09<01:43, 71.0kB/s]
 75%|███████▌  | 20.8M/27.6M [02:10<01:33, 77.3kB/s]
 76%|███████▌  | 20.9M/27.6M [02:12<01:26, 82.1kB/s]
 76%|███████▌  | 21.0M/27.6M [02:13<01:16, 90.9kB/s]
 76%|███████▋  | 21.1M/27.6M [02:14<01:10, 96.9kB/s]
 77%|███████▋  | 21.2M/27.6M [02:15<01:05, 101kB/s] 
 77%|███████▋  | 21.4M/27.6M [02:17<01:07, 96.6kB/s]
 78%|███████▊  | 21.5M/27.6M [02:18<01:11, 90.4kB/s]
 78%|███████▊  | 21.6M/27.6M [02:21<01:24, 74.6kB/s]
 79%|███████▊  | 21.8M/27.6M [02:22<01:18, 78.8kB/s]
 79%|███████▉  | 21.9M/27.6M [02:24<01:20, 75.4kB/s]
 80%|███████▉  | 22.0M/27.6M [02:26<01:16, 76.9kB/s]
 80%|████████  | 22.1M/27.6M [02:28<01:27, 66.2kB/s]
 81%|████████  | 22.2M/27.6M [02:31<01:36, 58.5kB/s]
 81%|████████  | 22.4M/27.6M [02:33<01:33, 59.1kB/s]
 81%|████████▏ | 22.5M/27.6M [02:39<02:12, 40.6kB/s]
 82%|████████▏ | 22.6M/27.6M [02:41<01:56, 45.0kB/s]
 82%|████████▏ | 22.8M/27.6M [02:43<01:36, 53.0kB/s]
 83%|████████▎ | 22.9M/27.6M [02:43<01:14, 67.3kB/s]
 83%|████████▎ | 23.0M/27.6M [02:44<00:54, 89.0kB/s]
 84%|████████▎ | 23.1M/27.6M [02:44<00:41, 115kB/s] 
 84%|████████▍ | 23.2M/27.6M [02:45<00:34, 135kB/s]
 85%|████████▍ | 23.4M/27.6M [02:45<00:28, 158kB/s]
 85%|████████▌ | 23.5M/27.6M [02:46<00:26, 164kB/s]
 85%|████████▌ | 23.6M/27.6M [02:46<00:23, 177kB/s]
 86%|████████▌ | 23.8M/27.6M [02:47<00:24, 170kB/s]
 86%|████████▋ | 23.9M/27.6M [02:48<00:24, 158kB/s]
 87%|████████▋ | 24.0M/27.6M [02:50<00:30, 123kB/s]
 87%|████████▋ | 24.1M/27.6M [02:52<00:36, 101kB/s]
 88%|████████▊ | 24.2M/27.6M [02:53<00:33, 105kB/s]
 88%|████████▊ | 24.4M/27.6M [02:55<00:43, 78.4kB/s]
 89%|████████▊ | 24.5M/27.6M [02:58<00:49, 65.9kB/s]
 89%|████████▉ | 24.6M/27.6M [03:00<00:43, 71.8kB/s]
 90%|████████▉ | 24.8M/27.6M [03:01<00:36, 81.7kB/s]
 90%|█████████ | 24.9M/27.6M [03:02<00:31, 90.5kB/s]
 90%|█████████ | 25.0M/27.6M [03:03<00:25, 107kB/s] 
 91%|█████████ | 25.1M/27.6M [03:03<00:20, 128kB/s]
 91%|█████████▏| 25.2M/27.6M [03:04<00:17, 139kB/s]
 92%|█████████▏| 25.4M/27.6M [03:04<00:14, 167kB/s]
 92%|█████████▏| 25.5M/27.6M [03:05<00:12, 173kB/s]
 93%|█████████▎| 25.6M/27.6M [03:05<00:10, 202kB/s]
 93%|█████████▎| 25.8M/27.6M [03:06<00:09, 203kB/s]
 94%|█████████▎| 25.9M/27.6M [03:06<00:08, 227kB/s]
 94%|█████████▍| 26.0M/27.6M [03:07<00:08, 208kB/s]
 95%|█████████▍| 26.1M/27.6M [03:08<00:07, 207kB/s]
 95%|█████████▍| 26.2M/27.6M [03:10<00:12, 119kB/s]
 95%|█████████▌| 26.4M/27.6M [03:11<00:12, 109kB/s]
 96%|█████████▌| 26.5M/27.6M [03:13<00:12, 95.8kB/s]
 96%|█████████▋| 26.6M/27.6M [03:15<00:11, 89.4kB/s]
 97%|█████████▋| 26.8M/27.6M [03:18<00:13, 68.6kB/s]
 97%|█████████▋| 26.9M/27.6M [03:19<00:11, 71.3kB/s]
 98%|█████████▊| 27.0M/27.6M [03:22<00:10, 64.0kB/s]
 98%|█████████▊| 27.1M/27.6M [03:25<00:08, 59.7kB/s]
 99%|█████████▊| 27.2M/27.6M [03:28<00:07, 51.6kB/s]
 99%|█████████▉| 27.4M/27.6M [03:31<00:05, 46.0kB/s]
100%|█████████▉| 27.5M/27.6M [03:39<00:04, 31.1kB/s]
100%|█████████▉| 27.6M/27.6M [03:43<00:00, 32.5kB/s]
100%|██████████| 27.6M/27.6M [03:43<00:00, 130kB/s] 
mbt q3 02809272 158148 B  dec 0.35s
mbt q3 0369d229 33236 B  dec 0.43s
mbt q3 07b9f93f 98288 B  dec 0.56s
mbt q3 0d154749 66860 B  dec 0.49s
mbt q3 1b4ad095 57392 B  dec 0.29s
mbt q3 1cba10ad 22652 B  dec 0.36s
mbt q3 2397c73f 81932 B  dec 0.32s
mbt q3 2684452d 75120 B  dec 0.38s
mbt q3 2a760bf1 14232 B  dec 0.24s
mbt q3 4ebc0e6c 44768 B  dec 0.60s
mbt q3 50d13125 27288 B  dec 0.31s
mbt q3 50fe4c3d 151452 B  dec 0.30s
mbt q3 58104815 139920 B  dec 0.35s
mbt q3 608cb09e 139460 B  dec 0.41s
mbt q3 79b1bb29 139432 B  dec 0.30s
mbt q3 8426ed22 20168 B  dec 0.90s
mbt q3 86127fbd 115352 B  dec 0.26s
mbt q3 937476dd 437568 B  dec 0.35s
mbt q3 a2a946cc 73768 B  dec 0.32s
mbt q3 a365e654 180492 B  dec 0.32s
mbt q3 b0b3744c 167528 B  dec 0.33s
mbt q3 bb7344a2 35708 B  dec 0.20s
mbt q3 c9510efb 47080 B  dec 0.28s
mbt q3 d0208a1e 218976 B  dec 0.29s
mbt q3 da52c4f6 172120 B  dec 0.31s
mbt q3 e0d8e29c 43216 B  dec 0.31s
mbt q3 ebfd571f 155276 B  dec 1.00s
mbt q3 eda6d427 151604 B  dec 0.33s
mbt q3 f67f11de 19444 B  dec 0.35s
mbt q3 ff32adfa 63944 B  dec 0.31s
Downloading: "https://compressai.s3.amazonaws.com/models/v1/mbt2018-mean-4-6dba02a3.pth.tar" to /mnt/home/guess03/.cache/torch/hub/checkpoints/mbt2018-mean-4-6dba02a3.pth.tar

  0%|          | 0.00/27.6M [00:00<?, ?B/s]
  0%|          | 128k/27.6M [00:00<02:02, 236kB/s]
  1%|          | 256k/27.6M [00:00<01:13, 388kB/s]
  2%|▏         | 640k/27.6M [00:00<00:30, 934kB/s]
  4%|▍         | 1.12M/27.6M [00:01<00:18, 1.52MB/s]
  6%|▌         | 1.62M/27.6M [00:01<00:18, 1.48MB/s]
 10%|▉         | 2.75M/27.6M [00:01<00:09, 2.70MB/s]
 12%|█▏        | 3.25M/27.6M [00:02<00:11, 2.16MB/s]
 15%|█▍        | 4.12M/27.6M [00:02<00:08, 2.80MB/s]
 17%|█▋        | 4.62M/27.6M [00:02<00:10, 2.25MB/s]
 18%|█▊        | 5.00M/27.6M [00:03<00:15, 1.54MB/s]
 21%|██        | 5.75M/27.6M [00:03<00:11, 2.02MB/s]
 22%|██▏       | 6.12M/27.6M [00:03<00:11, 2.03MB/s]
 23%|██▎       | 6.38M/27.6M [00:03<00:11, 1.90MB/s]
 24%|██▍       | 6.62M/27.6M [00:04<00:20, 1.10MB/s]
 26%|██▌       | 7.25M/27.6M [00:04<00:13, 1.53MB/s]
 28%|██▊       | 7.62M/27.6M [00:04<00:12, 1.65MB/s]
 29%|██▉       | 8.00M/27.6M [00:04<00:11, 1.75MB/s]
 30%|██▉       | 8.25M/27.6M [00:05<00:13, 1.49MB/s]
 31%|███       | 8.50M/27.6M [00:05<00:13, 1.46MB/s]
 32%|███▏      | 8.75M/27.6M [00:05<00:20, 971kB/s] 
 33%|███▎      | 9.00M/27.6M [00:06<00:27, 711kB/s]
 33%|███▎      | 9.25M/27.6M [00:06<00:25, 759kB/s]
 34%|███▍      | 9.38M/27.6M [00:07<00:32, 598kB/s]
 34%|███▍      | 9.50M/27.6M [00:07<00:30, 615kB/s]
 35%|███▍      | 9.62M/27.6M [00:07<00:35, 531kB/s]
 35%|███▌      | 9.75M/27.6M [00:08<00:51, 365kB/s]
 36%|███▌      | 9.88M/27.6M [00:09<00:55, 336kB/s]
 36%|███▌      | 10.0M/27.6M [00:09<01:03, 289kB/s]
 37%|███▋      | 10.1M/27.6M [00:10<01:24, 217kB/s]
 37%|███▋      | 10.2M/27.6M [00:12<01:58, 154kB/s]
 38%|███▊      | 10.4M/27.6M [00:13<02:21, 128kB/s]
 38%|███▊      | 10.5M/27.6M [00:16<03:47, 79.0kB/s]
 38%|███▊      | 10.6M/27.6M [00:18<04:01, 74.0kB/s]
 39%|███▉      | 10.8M/27.6M [00:21<04:47, 61.5kB/s]
 39%|███▉      | 10.9M/27.6M [00:23<04:19, 67.6kB/s]
 40%|███▉      | 11.0M/27.6M [00:25<04:07, 70.5kB/s]
 40%|████      | 11.1M/27.6M [00:26<03:59, 72.2kB/s]
 41%|████      | 11.2M/27.6M [00:28<03:54, 73.2kB/s]
 41%|████      | 11.4M/27.6M [00:32<05:03, 56.3kB/s]
 42%|████▏     | 11.5M/27.6M [00:34<04:53, 57.6kB/s]
 42%|████▏     | 11.6M/27.6M [00:36<04:38, 60.4kB/s]
 43%|████▎     | 11.8M/27.6M [00:38<04:34, 60.7kB/s]
 43%|████▎     | 11.9M/27.6M [00:40<04:13, 65.1kB/s]
 43%|████▎     | 12.0M/27.6M [00:41<04:05, 66.7kB/s]
 44%|████▍     | 12.1M/27.6M [00:44<04:20, 62.4kB/s]
 44%|████▍     | 12.2M/27.6M [00:45<03:55, 68.4kB/s]
 45%|████▍     | 12.4M/27.6M [00:47<03:31, 75.7kB/s]
 45%|████▌     | 12.5M/27.6M [00:48<03:33, 74.5kB/s]
 46%|████▌     | 12.6M/27.6M [00:50<03:20, 78.7kB/s]
 46%|████▌     | 12.8M/27.6M [00:51<02:58, 87.4kB/s]
 47%|████▋     | 12.9M/27.6M [00:52<02:45, 93.4kB/s]
 47%|████▋     | 13.0M/27.6M [00:54<02:51, 89.4kB/s]
 47%|████▋     | 13.1M/27.6M [00:56<03:23, 74.9kB/s]
 48%|████▊     | 13.2M/27.6M [00:59<03:55, 64.1kB/s]
 48%|████▊     | 13.4M/27.6M [01:01<03:59, 62.4kB/s]
 49%|████▉     | 13.5M/27.6M [01:03<03:38, 68.0kB/s]
 49%|████▉     | 13.6M/27.6M [01:04<03:26, 71.3kB/s]
 50%|████▉     | 13.8M/27.6M [01:06<03:32, 68.6kB/s]
 50%|█████     | 13.9M/27.6M [01:08<03:10, 75.9kB/s]
 51%|█████     | 14.0M/27.6M [01:11<04:17, 55.6kB/s]
 51%|█████     | 14.0M/27.6M [01:23<04:17, 55.6kB/s]
 51%|█████     | 14.1M/27.6M [01:24<09:50, 24.0kB/s]
 51%|█████     | 14.1M/27.6M [01:43<09:50, 24.0kB/s]
 52%|█████▏    | 14.2M/27.6M [02:06<29:14, 8.00kB/s]
 52%|█████▏    | 14.4M/27.6M [02:21<28:28, 8.14kB/s]
 52%|█████▏    | 14.5M/27.6M [02:27<22:47, 10.1kB/s]
 53%|█████▎    | 14.6M/27.6M [02:34<19:10, 11.9kB/s]
 53%|█████▎    | 14.8M/27.6M [02:37<14:51, 15.2kB/s]
 54%|█████▍    | 14.9M/27.6M [02:42<12:57, 17.2kB/s]
 54%|█████▍    | 15.0M/27.6M [02:44<10:12, 21.6kB/s]
 55%|█████▍    | 15.1M/27.6M [02:48<08:49, 24.8kB/s]
 55%|█████▌    | 15.2M/27.6M [02:51<07:49, 27.7kB/s]
 56%|█████▌    | 15.4M/27.6M [02:58<08:40, 24.7kB/s]
 56%|█████▌    | 15.5M/27.6M [03:03<08:17, 25.6kB/s]
 57%|█████▋    | 15.6M/27.6M [03:04<06:34, 31.9kB/s]
 57%|█████▋    | 15.8M/27.6M [03:07<05:42, 36.4kB/s]
 57%|█████▋    | 15.9M/27.6M [03:16<08:21, 24.6kB/s]
 58%|█████▊    | 16.0M/27.6M [03:24<09:13, 22.0kB/s]
 58%|█████▊    | 16.1M/27.6M [03:31<10:01, 20.1kB/s]
 59%|█████▉    | 16.2M/27.6M [03:37<09:31, 20.9kB/s]
 59%|█████▉    | 16.4M/27.6M [03:41<08:13, 24.0kB/s]
 60%|█████▉    | 16.5M/27.6M [03:49<09:34, 20.3kB/s]
 60%|██████    | 16.6M/27.6M [03:57<09:58, 19.3kB/s]
 61%|██████    | 16.8M/27.6M [04:02<08:56, 21.3kB/s]
 61%|██████    | 16.9M/27.6M [04:05<07:29, 25.1kB/s]
 62%|██████▏   | 17.0M/27.6M [04:07<06:17, 29.6kB/s]
 62%|██████▏   | 17.1M/27.6M [04:09<05:12, 35.3kB/s]
 62%|██████▏   | 17.2M/27.6M [04:14<05:19, 34.1kB/s]
 63%|██████▎   | 17.4M/27.6M [04:16<04:52, 36.8kB/s]
 63%|██████▎   | 17.5M/27.6M [04:21<05:16, 33.6kB/s]
 64%|██████▍   | 17.6M/27.6M [04:27<05:56, 29.5kB/s]
 64%|██████▍   | 17.8M/27.6M [04:35<07:08, 24.2kB/s]
 65%|██████▍   | 17.9M/27.6M [04:38<06:23, 26.7kB/s]
 65%|██████▌   | 18.0M/27.6M [04:42<05:47, 29.1kB/s]
 66%|██████▌   | 18.1M/27.6M [04:45<05:18, 31.4kB/s]
 66%|██████▌   | 18.2M/27.6M [04:48<04:37, 35.4kB/s]
 66%|██████▋   | 18.4M/27.6M [04:50<04:06, 39.4kB/s]
 67%|██████▋   | 18.5M/27.6M [04:58<05:44, 27.8kB/s]
 67%|██████▋   | 18.6M/27.6M [05:09<07:40, 20.5kB/s]
 68%|██████▊   | 18.8M/27.6M [05:19<09:02, 17.2kB/s]
 68%|██████▊   | 18.9M/27.6M [05:25<08:17, 18.5kB/s]
 69%|██████▊   | 19.0M/27.6M [05:28<06:41, 22.6kB/s]
 69%|██████▉   | 19.1M/27.6M [05:32<06:07, 24.3kB/s]
 70%|██████▉   | 19.2M/27.6M [05:34<04:59, 29.4kB/s]
 70%|███████   | 19.4M/27.6M [05:41<05:46, 25.0kB/s]
 71%|███████   | 19.5M/27.6M [05:46<05:23, 26.4kB/s]
 71%|███████   | 19.6M/27.6M [05:51<05:24, 25.9kB/s]
 71%|███████▏  | 19.8M/27.6M [05:57<05:34, 24.7kB/s]
 72%|███████▏  | 19.9M/27.6M [06:09<07:32, 18.0kB/s]
 72%|███████▏  | 20.0M/27.6M [06:18<07:54, 16.9kB/s]
 73%|███████▎  | 20.1M/27.6M [06:31<09:34, 13.7kB/s]
 73%|███████▎  | 20.2M/27.6M [06:36<07:59, 16.1kB/s]
 74%|███████▎  | 20.4M/27.6M [06:40<06:29, 19.6kB/s]
 74%|███████▍  | 20.5M/27.6M [06:42<05:09, 24.2kB/s]
 75%|███████▍  | 20.6M/27.6M [06:46<04:46, 25.7kB/s]
 75%|███████▌  | 20.8M/27.6M [06:51<04:29, 26.8kB/s]
 76%|███████▌  | 20.9M/27.6M [06:57<04:46, 24.7kB/s]
 76%|███████▌  | 21.0M/27.6M [07:02<04:40, 24.8kB/s]
 76%|███████▋  | 21.1M/27.6M [07:08<04:40, 24.3kB/s]
 77%|███████▋  | 21.2M/27.6M [07:10<03:48, 29.3kB/s]
 77%|███████▋  | 21.4M/27.6M [07:13<03:24, 32.2kB/s]
 78%|███████▊  | 21.5M/27.6M [07:16<02:53, 37.2kB/s]
 78%|███████▊  | 21.6M/27.6M [07:18<02:28, 42.6kB/s]
 79%|███████▊  | 21.8M/27.6M [07:22<02:35, 39.7kB/s]
 79%|███████▉  | 21.9M/27.6M [07:25<02:28, 40.8kB/s]
 80%|███████▉  | 22.0M/27.6M [07:26<02:05, 47.2kB/s]
 80%|████████  | 22.1M/27.6M [07:29<02:00, 47.9kB/s]
 80%|████████  | 22.2M/27.6M [07:34<02:31, 37.4kB/s]
 81%|████████  | 22.4M/27.6M [07:37<02:11, 42.0kB/s]
 81%|████████▏ | 22.5M/27.6M [07:38<01:52, 47.8kB/s]
 82%|████████▏ | 22.6M/27.6M [07:40<01:36, 54.7kB/s]
 82%|████████▏ | 22.8M/27.6M [07:42<01:24, 60.8kB/s]
 83%|████████▎ | 22.9M/27.6M [07:47<01:58, 42.0kB/s]
 83%|████████▎ | 23.0M/27.6M [07:50<01:57, 41.3kB/s]
 84%|████████▎ | 23.1M/27.6M [07:55<02:10, 36.2kB/s]
 84%|████████▍ | 23.2M/27.6M [07:59<02:08, 35.9kB/s]
 85%|████████▍ | 23.4M/27.6M [08:00<01:44, 42.9kB/s]
 85%|████████▌ | 23.5M/27.6M [08:02<01:28, 49.3kB/s]
 85%|████████▌ | 23.6M/27.6M [08:03<01:11, 58.8kB/s]
 86%|████████▌ | 23.8M/27.6M [08:04<00:59, 68.8kB/s]
 86%|████████▋ | 23.9M/27.6M [08:06<00:51, 76.1kB/s]
 87%|████████▋ | 24.0M/27.6M [08:07<00:45, 84.3kB/s]
 87%|████████▋ | 24.1M/27.6M [08:08<00:41, 89.5kB/s]
 88%|████████▊ | 24.2M/27.6M [08:10<00:46, 76.7kB/s]
 88%|████████▊ | 24.4M/27.6M [08:13<00:54, 62.4kB/s]
 89%|████████▊ | 24.5M/27.6M [08:15<00:50, 64.7kB/s]
 89%|████████▉ | 24.6M/27.6M [08:16<00:42, 74.3kB/s]
 90%|████████▉ | 24.8M/27.6M [08:18<00:37, 80.4kB/s]
 90%|████████▉ | 24.9M/27.6M [08:19<00:33, 85.5kB/s]
 90%|█████████ | 25.0M/27.6M [08:21<00:35, 78.1kB/s]
 91%|█████████ | 25.1M/27.6M [08:24<00:42, 61.8kB/s]
 91%|█████████▏| 25.2M/27.6M [08:27<00:43, 57.9kB/s]
 92%|█████████▏| 25.4M/27.6M [08:29<00:39, 59.6kB/s]
 92%|█████████▏| 25.5M/27.6M [08:31<00:39, 56.6kB/s]
 93%|█████████▎| 25.6M/27.6M [08:36<00:49, 42.4kB/s]
 93%|█████████▎| 25.8M/27.6M [08:39<00:44, 44.5kB/s]
 94%|█████████▎| 25.9M/27.6M [08:42<00:42, 43.7kB/s]
 94%|█████████▍| 26.0M/27.6M [08:46<00:42, 40.6kB/s]
 95%|█████████▍| 26.1M/27.6M [08:49<00:40, 39.5kB/s]
 95%|█████████▍| 26.2M/27.6M [08:51<00:32, 45.5kB/s]
 95%|█████████▌| 26.4M/27.6M [08:53<00:25, 53.0kB/s]
 96%|█████████▌| 26.5M/27.6M [08:54<00:20, 58.7kB/s]
 96%|█████████▋| 26.6M/27.6M [08:56<00:17, 61.5kB/s]
 97%|█████████▋| 26.8M/27.6M [08:58<00:15, 61.2kB/s]
 97%|█████████▋| 26.9M/27.6M [09:00<00:12, 63.8kB/s]
 98%|█████████▊| 27.0M/27.6M [09:03<00:11, 59.2kB/s]
 98%|█████████▊| 27.1M/27.6M [09:06<00:09, 55.0kB/s]
 99%|█████████▊| 27.2M/27.6M [09:08<00:07, 56.1kB/s]
 99%|█████████▉| 27.4M/27.6M [09:10<00:04, 56.9kB/s]
 99%|█████████▉| 27.5M/27.6M [09:14<00:03, 47.6kB/s]
100%|█████████▉| 27.6M/27.6M [09:17<00:00, 43.8kB/s]
100%|██████████| 27.6M/27.6M [09:18<00:00, 51.9kB/s]
mbt q4 02809272 221068 B  dec 0.33s
mbt q4 0369d229 51584 B  dec 0.32s
mbt q4 07b9f93f 150552 B  dec 0.32s
mbt q4 0d154749 109624 B  dec 0.28s
mbt q4 1b4ad095 92624 B  dec 0.26s
mbt q4 1cba10ad 35308 B  dec 0.33s
mbt q4 2397c73f 116008 B  dec 0.31s
mbt q4 2684452d 109524 B  dec 0.31s
mbt q4 2a760bf1 17680 B  dec 0.20s
mbt q4 4ebc0e6c 68772 B  dec 0.32s
mbt q4 50d13125 37648 B  dec 0.31s
mbt q4 50fe4c3d 218812 B  dec 0.31s
mbt q4 58104815 214528 B  dec 0.37s
mbt q4 608cb09e 201032 B  dec 0.74s
mbt q4 79b1bb29 198492 B  dec 0.28s
mbt q4 8426ed22 30016 B  dec 0.43s
mbt q4 86127fbd 167452 B  dec 0.26s
mbt q4 937476dd 696244 B  dec 0.49s
mbt q4 a2a946cc 103472 B  dec 0.38s
mbt q4 a365e654 265356 B  dec 0.34s
mbt q4 b0b3744c 235596 B  dec 0.37s
mbt q4 bb7344a2 48672 B  dec 0.22s
mbt q4 c9510efb 63876 B  dec 0.38s
mbt q4 d0208a1e 328512 B  dec 0.33s
mbt q4 da52c4f6 237808 B  dec 0.39s
mbt q4 e0d8e29c 66680 B  dec 0.30s
mbt q4 ebfd571f 198824 B  dec 0.51s
mbt q4 eda6d427 230876 B  dec 0.42s
mbt q4 f67f11de 32160 B  dec 0.39s
mbt q4 ff32adfa 89176 B  dec 0.31s
Warning: You are sending unauthenticated requests to the HF Hub. Please set a HF_TOKEN to enable higher rate limits and faster downloads.
codlite 0_0156 02809272 5632 B  dec 0.42s
codlite 0_0156 0369d229 5632 B  dec 0.10s
codlite 0_0156 07b9f93f 5632 B  dec 0.46s
codlite 0_0156 0d154749 5632 B  dec 0.15s
codlite 0_0156 1b4ad095 4864 B  dec 0.37s
codlite 0_0156 1cba10ad 6656 B  dec 0.40s
codlite 0_0156 2397c73f 5632 B  dec 0.14s
codlite 0_0156 2684452d 5632 B  dec 0.14s
codlite 0_0156 2a760bf1 3840 B  dec 0.38s
codlite 0_0156 4ebc0e6c 5632 B  dec 0.11s
codlite 0_0156 50d13125 5632 B  dec 0.11s
codlite 0_0156 50fe4c3d 5376 B  dec 0.43s
codlite 0_0156 58104815 5888 B  dec 0.45s
codlite 0_0156 608cb09e 6656 B  dec 0.13s
codlite 0_0156 79b1bb29 5120 B  dec 0.44s
codlite 0_0156 8426ed22 8192 B  dec 0.50s
codlite 0_0156 86127fbd 4096 B  dec 0.38s
codlite 0_0156 937476dd 6144 B  dec 0.52s
codlite 0_0156 a2a946cc 5632 B  dec 0.13s
codlite 0_0156 a365e654 5632 B  dec 0.12s
codlite 0_0156 b0b3744c 5632 B  dec 0.09s
codlite 0_0156 bb7344a2 4096 B  dec 0.10s
codlite 0_0156 c9510efb 5632 B  dec 0.12s
codlite 0_0156 d0208a1e 5632 B  dec 0.09s
codlite 0_0156 da52c4f6 5632 B  dec 0.10s
codlite 0_0156 e0d8e29c 5632 B  dec 0.13s
codlite 0_0156 ebfd571f 8192 B  dec 0.16s
codlite 0_0156 eda6d427 6656 B  dec 0.14s
codlite 0_0156 f67f11de 6656 B  dec 0.15s
codlite 0_0156 ff32adfa 5632 B  dec 0.10s
codlite 0_0312 02809272 11264 B  dec 0.10s
codlite 0_0312 0369d229 11264 B  dec 0.14s
codlite 0_0312 07b9f93f 11264 B  dec 0.12s
codlite 0_0312 0d154749 11264 B  dec 0.11s
codlite 0_0312 1b4ad095 9728 B  dec 0.12s
codlite 0_0312 1cba10ad 13312 B  dec 0.12s
codlite 0_0312 2397c73f 11264 B  dec 0.14s
codlite 0_0312 2684452d 11264 B  dec 0.15s
codlite 0_0312 2a760bf1 7680 B  dec 0.08s
codlite 0_0312 4ebc0e6c 11264 B  dec 0.16s
codlite 0_0312 50d13125 11264 B  dec 0.14s
codlite 0_0312 50fe4c3d 10752 B  dec 0.15s
codlite 0_0312 58104815 11776 B  dec 0.15s
codlite 0_0312 608cb09e 13312 B  dec 0.11s
codlite 0_0312 79b1bb29 10240 B  dec 0.14s
codlite 0_0312 8426ed22 16384 B  dec 0.20s
codlite 0_0312 86127fbd 8192 B  dec 0.14s
codlite 0_0312 937476dd 12288 B  dec 0.13s
codlite 0_0312 a2a946cc 11264 B  dec 0.12s
codlite 0_0312 a365e654 11264 B  dec 0.12s
codlite 0_0312 b0b3744c 11264 B  dec 0.15s
codlite 0_0312 bb7344a2 8192 B  dec 0.12s
codlite 0_0312 c9510efb 11264 B  dec 0.11s
codlite 0_0312 d0208a1e 11264 B  dec 0.15s
codlite 0_0312 da52c4f6 11264 B  dec 0.15s
codlite 0_0312 e0d8e29c 11264 B  dec 0.09s
codlite 0_0312 ebfd571f 16384 B  dec 0.18s
codlite 0_0312 eda6d427 13312 B  dec 0.16s
codlite 0_0312 f67f11de 13312 B  dec 0.17s
codlite 0_0312 ff32adfa 11264 B  dec 0.14s
codlite 0_1250 02809272 45056 B  dec 0.13s
codlite 0_1250 0369d229 45056 B  dec 0.64s
codlite 0_1250 07b9f93f 45056 B  dec 0.13s
codlite 0_1250 0d154749 45056 B  dec 0.13s
codlite 0_1250 1b4ad095 38912 B  dec 0.12s
codlite 0_1250 1cba10ad 53248 B  dec 0.14s
codlite 0_1250 2397c73f 45056 B  dec 0.12s
codlite 0_1250 2684452d 45056 B  dec 0.12s
codlite 0_1250 2a760bf1 30720 B  dec 0.13s
codlite 0_1250 4ebc0e6c 45056 B  dec 0.12s
codlite 0_1250 50d13125 45056 B  dec 0.13s
codlite 0_1250 50fe4c3d 43008 B  dec 0.13s
codlite 0_1250 58104815 47104 B  dec 0.13s
codlite 0_1250 608cb09e 53248 B  dec 0.14s
codlite 0_1250 79b1bb29 40960 B  dec 0.14s
codlite 0_1250 8426ed22 65536 B  dec 0.68s
codlite 0_1250 86127fbd 32768 B  dec 0.14s
codlite 0_1250 937476dd 49152 B  dec 0.13s
codlite 0_1250 a2a946cc 45056 B  dec 0.14s
codlite 0_1250 a365e654 45056 B  dec 0.12s
codlite 0_1250 b0b3744c 45056 B  dec 0.12s
codlite 0_1250 bb7344a2 32768 B  dec 0.15s
codlite 0_1250 c9510efb 45056 B  dec 0.12s
codlite 0_1250 d0208a1e 45056 B  dec 0.12s
codlite 0_1250 da52c4f6 45056 B  dec 0.13s
codlite 0_1250 e0d8e29c 45056 B  dec 0.13s
codlite 0_1250 ebfd571f 65536 B  dec 0.16s
codlite 0_1250 eda6d427 53248 B  dec 0.16s
codlite 0_1250 f67f11de 53248 B  dec 0.14s
codlite 0_1250 ff32adfa 45056 B  dec 0.14s
codlite 0_5000 02809272 180224 B  dec 0.22s
codlite 0_5000 0369d229 180224 B  dec 0.21s
codlite 0_5000 07b9f93f 180224 B  dec 0.22s
codlite 0_5000 0d154749 180224 B  dec 0.21s
codlite 0_5000 1b4ad095 155648 B  dec 0.19s
codlite 0_5000 1cba10ad 212992 B  dec 0.25s
codlite 0_5000 2397c73f 180224 B  dec 0.31s
codlite 0_5000 2684452d 180224 B  dec 0.32s
codlite 0_5000 2a760bf1 122880 B  dec 0.18s
codlite 0_5000 4ebc0e6c 180224 B  dec 0.26s
codlite 0_5000 50d13125 180224 B  dec 0.21s
codlite 0_5000 50fe4c3d 172032 B  dec 0.21s
codlite 0_5000 58104815 188416 B  dec 0.23s
codlite 0_5000 608cb09e 212992 B  dec 0.25s
codlite 0_5000 79b1bb29 163840 B  dec 0.19s
codlite 0_5000 8426ed22 262144 B  dec 0.30s
codlite 0_5000 86127fbd 131072 B  dec 0.17s
codlite 0_5000 937476dd 196608 B  dec 0.24s
codlite 0_5000 a2a946cc 180224 B  dec 0.82s
codlite 0_5000 a365e654 180224 B  dec 0.72s
codlite 0_5000 b0b3744c 180224 B  dec 0.21s
codlite 0_5000 bb7344a2 131072 B  dec 0.18s
codlite 0_5000 c9510efb 180224 B  dec 0.21s
codlite 0_5000 d0208a1e 180224 B  dec 0.21s
codlite 0_5000 da52c4f6 180224 B  dec 0.22s
codlite 0_5000 e0d8e29c 180224 B  dec 0.21s
codlite 0_5000 ebfd571f 262144 B  dec 0.30s
codlite 0_5000 eda6d427 212992 B  dec 0.25s
codlite 0_5000 f67f11de 212992 B  dec 0.25s
codlite 0_5000 ff32adfa 180224 B  dec 0.22s
===== metrics
===== allocate
allocate: mbt cannot reach 0.075 bpp (cheapest points exceed the budget)
===== summary
# So sánh base trên 30 ảnh validation CLIC 2027

Ngân sách cả bộ ảnh (byte): {'0.075': 808550, '0.15': 1617100, '0.3': 3234201}. Mỗi ảnh chọn một điểm vận hành sao cho tổng byte ≤ ngân sách và tổng mục tiêu lớn nhất; mục tiêu: **qhat_v1**.

Q̂ là tiện ích tuyến tính của Q̂ v0 (cao hơn = người chấm thích hơn; chênh 1.0 ≈ odds 2.7 lần). `t_dec`: giây/ảnh trên GPU của lần chạy này (không gồm VTM). `mix`: mỗi ảnh được chọn mode tốt nhất.

## 0.075 bpp — all

| cand | n | bpp | PSNR | MS-SSIM | LPIPS↓ | DISTS↓ | Q̂ | t_dec (s) |
|---|---|---|---|---|---|---|---|---|
| msillm | 30 | 0.0749 | 24.79 | 0.9075 | 0.1006 | 0.0959 | 2.145 | 0.86 |
| codlite | 30 | 0.0749 | 21.93 | 0.8572 | 0.1096 | 0.0933 | 1.852 | 0.15 |
| mix | 30 | 0.0749 | 23.54 | 0.8844 | 0.0980 | 0.0926 | 2.152 | 0.79 |

## 0.075 bpp — natural

| cand | n | bpp | PSNR | MS-SSIM | LPIPS↓ | DISTS↓ | Q̂ | t_dec (s) |
|---|---|---|---|---|---|---|---|---|
| msillm | 25 | 0.0696 | 25.20 | 0.9061 | 0.1059 | 0.0973 | 2.016 | 0.81 |
| codlite | 25 | 0.0756 | 22.90 | 0.8705 | 0.1099 | 0.0912 | 1.855 | 0.13 |
| mix | 25 | 0.0707 | 24.65 | 0.8972 | 0.1034 | 0.0930 | 2.031 | 0.77 |

## 0.075 bpp — screen

| cand | n | bpp | PSNR | MS-SSIM | LPIPS↓ | DISTS↓ | Q̂ | t_dec (s) |
|---|---|---|---|---|---|---|---|---|
| msillm | 4 | 0.1066 | 27.74 | 0.9711 | 0.0377 | 0.0576 | 3.345 | 1.20 |
| codlite | 4 | 0.0884 | 21.93 | 0.9380 | 0.0653 | 0.0743 | 2.339 | 0.15 |
| mix | 4 | 0.1187 | 27.79 | 0.9718 | 0.0363 | 0.0544 | 3.437 | 1.07 |

## 0.15 bpp — all

| cand | n | bpp | PSNR | MS-SSIM | LPIPS↓ | DISTS↓ | Q̂ | t_dec (s) |
|---|---|---|---|---|---|---|---|---|
| msillm | 30 | 0.1498 | 26.40 | 0.9397 | 0.0650 | 0.0665 | 2.621 | 0.76 |
| mbt | 30 | 0.1498 | 27.49 | 0.9481 | 0.2645 | 0.1670 | 2.019 | 0.33 |
| codlite | 30 | 0.1497 | 23.31 | 0.9119 | 0.0802 | 0.0713 | 2.226 | 0.17 |
| mix | 30 | 0.1499 | 26.00 | 0.9364 | 0.0639 | 0.0632 | 2.622 | 0.66 |

## 0.15 bpp — natural

| cand | n | bpp | PSNR | MS-SSIM | LPIPS↓ | DISTS↓ | Q̂ | t_dec (s) |
|---|---|---|---|---|---|---|---|---|
| msillm | 25 | 0.1470 | 27.17 | 0.9431 | 0.0654 | 0.0649 | 2.510 | 0.79 |
| mbt | 25 | 0.1274 | 27.95 | 0.9442 | 0.2927 | 0.1824 | 1.871 | 0.34 |
| codlite | 25 | 0.1432 | 24.56 | 0.9188 | 0.0822 | 0.0691 | 2.207 | 0.18 |
| mix | 25 | 0.1471 | 26.61 | 0.9391 | 0.0641 | 0.0610 | 2.512 | 0.67 |

## 0.15 bpp — screen

| cand | n | bpp | PSNR | MS-SSIM | LPIPS↓ | DISTS↓ | Q̂ | t_dec (s) |
|---|---|---|---|---|---|---|---|---|
| msillm | 4 | 0.1870 | 30.65 | 0.9817 | 0.0236 | 0.0391 | 3.829 | 0.63 |
| mbt | 4 | 0.1795 | 30.15 | 0.9796 | 0.1112 | 0.0928 | 3.076 | 0.27 |
| codlite | 4 | 0.2042 | 23.45 | 0.9684 | 0.0461 | 0.0603 | 2.773 | 0.15 |
| mix | 4 | 0.1870 | 30.65 | 0.9817 | 0.0236 | 0.0391 | 3.829 | 0.63 |

## 0.3 bpp — all

| cand | n | bpp | PSNR | MS-SSIM | LPIPS↓ | DISTS↓ | Q̂ | t_dec (s) |
|---|---|---|---|---|---|---|---|---|
| msillm | 30 | 0.2992 | 29.08 | 0.9717 | 0.0344 | 0.0373 | 3.167 | 0.79 |
| mbt | 30 | 0.2997 | 29.71 | 0.9719 | 0.1773 | 0.1174 | 2.611 | 0.34 |
| codlite | 30 | 0.2996 | 25.28 | 0.9440 | 0.0606 | 0.0540 | 2.684 | 0.25 |
| mix | 30 | 0.2995 | 29.03 | 0.9716 | 0.0347 | 0.0375 | 3.171 | 0.77 |

## 0.3 bpp — natural

| cand | n | bpp | PSNR | MS-SSIM | LPIPS↓ | DISTS↓ | Q̂ | t_dec (s) |
|---|---|---|---|---|---|---|---|---|
| msillm | 25 | 0.2972 | 29.74 | 0.9708 | 0.0362 | 0.0376 | 3.071 | 0.82 |
| mbt | 25 | 0.2824 | 30.73 | 0.9708 | 0.1954 | 0.1276 | 2.495 | 0.34 |
| codlite | 25 | 0.2935 | 26.07 | 0.9410 | 0.0628 | 0.0542 | 2.668 | 0.26 |
| mix | 25 | 0.2994 | 29.75 | 0.9709 | 0.0361 | 0.0375 | 3.077 | 0.81 |

## 0.3 bpp — screen

| cand | n | bpp | PSNR | MS-SSIM | LPIPS↓ | DISTS↓ | Q̂ | t_dec (s) |
|---|---|---|---|---|---|---|---|---|
| msillm | 4 | 0.2909 | 33.07 | 0.9909 | 0.0129 | 0.0271 | 4.128 | 0.69 |
| mbt | 4 | 0.3396 | 34.66 | 0.9915 | 0.0658 | 0.0633 | 3.623 | 0.30 |
| codlite | 4 | 0.2814 | 23.84 | 0.9748 | 0.0428 | 0.0500 | 3.023 | 0.16 |
| mix | 4 | 0.2784 | 31.99 | 0.9897 | 0.0164 | 0.0290 | 4.120 | 0.56 |

## Ảnh nào được `mix` giao cho base nào

| rate | vtm420 | vtmscc | s1res | msillm | mbt | codlite | turbo | coolchic |
|---|---|---|---|---|---|---|---|---|
| 0.075 | 0 | 0 | 0 | 27 | 0 | 3 | 0 | 0 |
| 0.15 | 0 | 0 | 0 | 27 | 0 | 3 | 0 | 0 |
| 0.3 | 0 | 0 | 0 | 29 | 0 | 1 | 0 | 0 |

Kích thước decoder (fp32): codlite 224 MB, mbt 18 MB, msillm 673 MB
[10:45:08 + 56.6m] == bakeoff: incomplete {'s1_ckpt': 'None', 'qhat': '/mnt/home/guess03/clic/inputs/qhat_v1/qhat/qhat_v1.json', 'step': 'all', 'cands': ['msillm', 'mbt', 'codlite']}
