cand,key,name,psnr,msssim,lpips_alex,lpips_vgg,dists,clipiqa,mse
codlite,0_0156,02809272b4ca9b08af45771501b741296187c7e26907efb44abbbfcb6cd804f7,16.684999664187625,0.6113390326499939,0.2712000450667213,0.4332402202136376,0.1678765710662393,0.9023643136024475,1395.0198729271983
codlite,0_0156,0369d229ba4c9965d5caeb38c359a027a810968eee930b81520b604e76b4df14,26.673371460032897,0.8933843374252319,0.10023178687209593,0.2772021744181128,0.12190298999057096,0.7386462092399597,139.87600337009803
codlite,0_0156,07b9f93f170a0381836bdf301280a5b80b2c4be6e66f793a3c335dc200fb4e5b,20.855637713321368,0.8002437949180603,0.14875703936114032,0.28784444787923025,0.12278979315477259,0.8170410394668579,533.969670194738
codlite,0_0156,0d154749c7771f58e89ad343653ec4e20d6f037da829f47f5598e5d0a4ab61f0,23.45826543168913,0.65810227394104,0.2476633357212824,0.43757021891720155,0.18834814148790696,0.5720988512039185,293.2606667911305
codlite,0_0156,1b4ad095795ac552b38a21d51be7bfaee8e7d0a70619d84767814321df4ed062,25.093085644912602,0.7821482419967651,0.1770529307817158,0.32803654905996826,0.12240711638801977,0.7556968331336975,201.2666399771707
codlite,0_0156,1cba10ad9bb4ced57e42f7656c5f2a58d32dc6bad084957d2f8d1c78e0fcd224,29.88670368674223,0.9262930154800415,0.11768721382233124,0.2898910225739757,0.1390483360556723,0.388837605714798,66.74365599795838
codlite,0_0156,2397c73f8feeb8f630fe055da5551c671794afae80528e8612dc62fc0cf61294,20.877002105223323,0.7961418032646179,0.16476298789767657,0.28206830682123407,0.14775765906361973,0.6555233597755432,531.3493459664139
codlite,0_0156,2684452db505ddbbb53f42a3f3bcfe86fdd0d6d8d98c029db4b4c6fc1f55b750,21.452009844242824,0.7746729850769043,0.1987676459200242,0.33760062158107756,0.15136577364276438,0.6336527466773987,465.4567968031939
codlite,0_0156,2a760bf1ccea6998be3890dcc2371b23f35fe3006562884b45bc534a621d5c12,26.693419227143824,0.9651791453361511,0.07188748475164175,0.14485121004540344,0.10968674205500505,0.8496612906455994,139.2318001231928
codlite,0_0156,4ebc0e6c463bcf8ada38673c268aae56d44864347fd74b81a9fb5659bf96a010,24.81357314853731,0.778668999671936,0.18676186155746966,0.34139538937631775,0.13410467365208795,0.5591515898704529,214.64612175436582
codlite,0_0156,50d13125b665e0c4c1673264807bfc3cc7a217819329696843fea4c69aff8b91,27.670947463150064,0.957211971282959,0.04460999076186186,0.14201402535169003,0.09972773089128383,0.8438889384269714,111.16949032054228
codlite,0_0156,50fe4c3d47d864858e1aaa60fecef5c453b4e18d2b368718eeb5c1e249e0c902,16.997745880147455,0.6424767971038818,0.2799107555621936,0.43261451531707507,0.17236719473644538,0.6121498346328735,1298.0928950054656
codlite,0_0156,581048154e3c4b579c79155742dcf643c18b9bb47782aca7f0768eff185bc32e,19.837506169768936,0.6272362470626831,0.2912227592461712,0.44916863698553255,0.1658562693622086,0.47864070534706116,675.0403665954814
codlite,0_0156,608cb09e6ffc66d4bc838d4088bf4c0ab889d7e83d4f5d78805cbc4497e432a1,18.900154815133888,0.6204396486282349,0.2877014040508691,0.45120563416504395,0.1835806641508551,0.3960893750190735,837.6544101690155
codlite,0_0156,79b1bb29124f590c2e99e6c71c18affe25115d594a821cadc58bf24bf94dae8d,17.725363342409132,0.747887372970581,0.19306462556123732,0.33672057241201403,0.14641960263252257,0.6615657210350037,1097.852579498291
codlite,0_0156,8426ed2245c791232862b0a0b2a62a1f17031e8e6e38921fe939df0b3a05ac41,32.001724443198604,0.9333311319351196,0.0869565315078944,0.2613756963983178,0.11836304143071175,0.2857438027858734,41.01171366373698
codlite,0_0156,86127fbdb368eb28c3039cf61aff1c4cfdc4ade24070c8f2389968d5ead681e1,17.773040722173985,0.5636457204818726,0.24921461903169506,0.4436178048614596,0.18508095306451203,0.639282763004303,1085.8661342266478
codlite,0_0156,937476dd72f98638f34299dda5e9c252621b5e809c364692fc2934e000583286,14.399397700866777,0.20325332880020142,0.27946363389492035,0.36794119824965793,0.22371873756249747,0.39447519183158875,2361.242496172587
codlite,0_0156,a2a946cc516f9eec0f141da3c31a96df94fe342c651af46f0d38f6c04400323a,20.855490255255596,0.7706578969955444,0.2020103599109194,0.33792843884404966,0.1481274336576462,0.4584692120552063,533.9878006280637
codlite,0_0156,a365e6541bab5c0f4e01bf43a0c3a655d88292a8ac45403a889c308d11854555,17.507235013769368,0.654848575592041,0.24411218341659097,0.3829207407201038,0.156832353683079,0.6675010323524475,1154.401439113243
codlite,0_0156,b0b3744cc6b5ad6426b1ac02909b4389ea7fc4140d72a888ccdfb21f573a6db4,17.43597005397663,0.648324728012085,0.22375419104800504,0.3690470576286316,0.14490756655440612,0.9056902527809143,1173.500706691368
codlite,0_0156,bb7344a2ba499b2d48b891abee1b903dc17d265437ac57028b5999b6cd5bcdc4,22.86073117971449,0.8702987432479858,0.14738154341466725,0.20950602553784847,0.16920608282089233,0.5042986273765564,336.5171815554301
codlite,0_0156,c9510efb03d1852c29ecad84cc0558768728681a3b9b04eae0dbbd9be142dd95,22.26041153639087,0.8473724722862244,0.16396908534362037,0.31557381924460914,0.13308058398611405,0.6825129985809326,386.4018590590533
codlite,0_0156,d0208a1e9b4fde642b9752da2907d82d5b530a6e2e6e18ef71d5524a92d1cf9a,18.120050066708583,0.4916982054710388,0.2775043447228039,0.4229255776194965,0.14496218632249272,0.8478460311889648,1002.4791625976562
codlite,0_0156,da52c4f66dc00c2f381e8475fbf8a7aa2c5433a9c59cc175646c62e02892faf7,15.466251464161815,0.5513986945152283,0.325616917803007,0.49976229913094466,0.2034413209732841,0.72062748670578,1846.9503228879441
codlite,0_0156,e0d8e29cadfc99663c7d1a4a5afe20c454ec54d0d873776ec397c59405c74790,26.902532284327343,0.8782801628112793,0.12936879328506834,0.29149397480137207,0.12977313118822434,0.610373854637146,132.68662037568933
codlite,0_0156,ebfd571f1c6824316047a29cb5f376eec15f56dd51821119c1842be068a8b950,19.399350912142502,0.8854414820671082,0.0977478732529562,0.09047824773006141,0.10831347107887268,0.094950832426548,746.6984841028849
codlite,0_0156,eda6d42794b0d0140628fa90fc0c14a7ba88159b8474d0077027c32ee2ddf6f0,18.839745260304255,0.7209855318069458,0.23241644900511294,0.3863191012950504,0.15913726915331447,0.6399465799331665,849.3874402015038
codlite,0_0156,f67f11de4ca9ebda3db52c41fd3d26c3105687b2d37571e54631a1e4486d0b30,29.40636289872828,0.9193679690361023,0.08044907782117233,0.2250878381013286,0.11573568220232047,0.603034496307373,74.54938601824193
codlite,0_0156,ff32adfa29d4b5de26293352f53cc983d12d3ededd71fe65ca0ef0d887be65c4,21.37557843037839,0.7815362811088562,0.20186688380644602,0.3267737740102936,0.14181247248369105,0.8542802333831787,473.7208695953968
codlite,0_0312,02809272b4ca9b08af45771501b741296187c7e26907efb44abbbfcb6cd804f7,17.8148409501841,0.7234523296356201,0.2009464168373276,0.36901864321792827,0.12921367760966807,0.9001541137695312,1075.4649618709789
codlite,0_0312,0369d229ba4c9965d5caeb38c359a027a810968eee930b81520b604e76b4df14,28.53133645929557,0.9220110177993774,0.0652560831485864,0.22886103847447564,0.08696947886663324,0.7498006820678711,91.18989485198377
codlite,0_0312,07b9f93f170a0381836bdf301280a5b80b2c4be6e66f793a3c335dc200fb4e5b,21.573338147522406,0.8345348238945007,0.11061337007319226,0.2472706937614609,0.09554673433303833,0.8489960432052612,452.63334637810203
codlite,0_0312,0d154749c7771f58e89ad343653ec4e20d6f037da829f47f5598e5d0a4ab61f0,24.64644565588396,0.7483776807785034,0.18467528061831698,0.37485254494582904,0.15578940019888035,0.5027827620506287,223.06724075616575
codlite,0_0312,1b4ad095795ac552b38a21d51be7bfaee8e7d0a70619d84767814321df4ed062,25.706602947471925,0.8255137205123901,0.13243524475317253,0.28572286783080353,0.09674607295739024,0.7528335452079773,174.75115953411972
codlite,0_0312,1cba10ad9bb4ced57e42f7656c5f2a58d32dc6bad084957d2f8d1c78e0fcd224,31.41620095212557,0.9423786401748657,0.0821851344724882,0.24466371720711005,0.09925334936785467,0.37113553285598755,46.93104943334092
codlite,0_0312,2397c73f8feeb8f630fe055da5551c671794afae80528e8612dc62fc0cf61294,21.69585895332013,0.8469650149345398,0.12239400032250321,0.24306046011693339,0.11547361770096948,0.703118085861206,440.04234008789064
codlite,0_0312,2684452db505ddbbb53f42a3f3bcfe86fdd0d6d8d98c029db4b4c6fc1f55b750,22.400555400188686,0.8349906206130981,0.14391891259480924,0.284461588631658,0.10961265932111179,0.668555498123169,374.131970095167
codlite,0_0312,2a760bf1ccea6998be3890dcc2371b23f35fe3006562884b45bc534a621d5c12,28.276387935310268,0.980133056640625,0.03833423222511493,0.11960222340863326,0.0714831321403898,0.8707531690597534,96.70336072198276
codlite,0_0312,4ebc0e6c463bcf8ada38673c268aae56d44864347fd74b81a9fb5659bf96a010,25.752140024234652,0.8186718225479126,0.1452630905982326,0.28314865310402476,0.11483668649897856,0.6291232705116272,172.92841401941635
codlite,0_0312,50d13125b665e0c4c1673264807bfc3cc7a217819329696843fea4c69aff8b91,29.919469302449965,0.9674341678619385,0.030181537889053717,0.11238417668158517,0.06639955289223615,0.8667739629745483,66.24199912875306
codlite,0_0312,50fe4c3d47d864858e1aaa60fecef5c453b4e18d2b368718eeb5c1e249e0c902,18.759264280868397,0.7768699526786804,0.20787083329977812,0.3612606143693865,0.13564705425574455,0.6992931365966797,865.2745552219972
codlite,0_0312,581048154e3c4b579c79155742dcf643c18b9bb47782aca7f0768eff185bc32e,20.782899620400062,0.7053898572921753,0.22318098268338613,0.40081152639218737,0.13447525049303913,0.479277104139328,542.9882088126717
codlite,0_0312,608cb09e6ffc66d4bc838d4088bf4c0ab889d7e83d4f5d78805cbc4497e432a1,20.243708698205808,0.7290492057800293,0.21864760301861108,0.3784589067685838,0.15145712214357712,0.4852892756462097,614.7655052234924
codlite,0_0312,79b1bb29124f590c2e99e6c71c18affe25115d594a821cadc58bf24bf94dae8d,18.758756475927008,0.8161575198173523,0.13985247835516929,0.2863696053624153,0.11194233298301696,0.7122941017150879,865.3757345835368
codlite,0_0312,8426ed2245c791232862b0a0b2a62a1f17031e8e6e38921fe939df0b3a05ac41,32.749751467914514,0.9483373165130615,0.06687905872240663,0.23319944832473993,0.09072989970445633,0.31661516427993774,34.52273654937744
codlite,0_0312,86127fbdb368eb28c3039cf61aff1c4cfdc4ade24070c8f2389968d5ead681e1,19.167008513740843,0.6874436140060425,0.19285030430946193,0.38167258242114643,0.14600073949235384,0.6796876192092896,787.733852532392
codlite,0_0312,937476dd72f98638f34299dda5e9c252621b5e809c364692fc2934e000583286,14.371172909595254,0.21589875221252441,0.20875380809108415,0.30657726029555005,0.23479507863521576,0.37330713868141174,2376.63818136851
codlite,0_0312,a2a946cc516f9eec0f141da3c31a96df94fe342c651af46f0d38f6c04400323a,22.258595316572418,0.8475229144096375,0.14069806449115277,0.2751108245814548,0.11228041263187633,0.4013362526893616,386.56348613664215
codlite,0_0312,a365e6541bab5c0f4e01bf43a0c3a655d88292a8ac45403a889c308d11854555,18.354778313368417,0.7262582182884216,0.18087891975746434,0.3353252357419799,0.12534558159463546,0.7418700456619263,949.7351890414369
codlite,0_0312,b0b3744cc6b5ad6426b1ac02909b4389ea7fc4140d72a888ccdfb21f573a6db4,17.87914821400872,0.7077369093894958,0.17584731070434345,0.33004092688069625,0.11903303230510039,0.933498740196228,1059.657556511374
codlite,0_0312,bb7344a2ba499b2d48b891abee1b903dc17d265437ac57028b5999b6cd5bcdc4,23.77156312328914,0.9060182571411133,0.11207982711493969,0.18297221092507243,0.13716448843479156,0.5888792276382446,272.85005680720013
codlite,0_0312,c9510efb03d1852c29ecad84cc0558768728681a3b9b04eae0dbbd9be142dd95,24.716676509312325,0.9090557098388672,0.10644827456049183,0.24885002948782023,0.09269931141067954,0.7128966450691223,219.48897477692248
codlite,0_0312,d0208a1e9b4fde642b9752da2907d82d5b530a6e2e6e18ef71d5524a92d1cf9a,18.557859196462132,0.5729958415031433,0.2210528975023943,0.3809741288423538,0.11596710524138282,0.8685004711151123,906.3468740425858
codlite,0_0312,da52c4f66dc00c2f381e8475fbf8a7aa2c5433a9c59cc175646c62e02892faf7,16.97912630698682,0.6878439784049988,0.2505172358277966,0.42855775917277616,0.17138409737278434,0.7681499719619751,1303.6701755897673
codlite,0_0312,e0d8e29cadfc99663c7d1a4a5afe20c454ec54d0d873776ec397c59405c74790,27.375500164949532,0.89720618724823,0.09943494747447616,0.25772233561557883,0.10725092519732082,0.6441846489906311,118.99544689702053
codlite,0_0312,ebfd571f1c6824316047a29cb5f376eec15f56dd51821119c1842be068a8b950,19.609691222351152,0.9185439944267273,0.06115892800153233,0.07158013619482517,0.06068223714828491,0.15805324912071228,711.3957046667734
codlite,0_0312,eda6d42794b0d0140628fa90fc0c14a7ba88159b8474d0077027c32ee2ddf6f0,20.069720295878067,0.7967777252197266,0.1680071657048721,0.3253304533222142,0.12341423040511561,0.6552231311798096,639.8944321177364
codlite,0_0312,f67f11de4ca9ebda3db52c41fd3d26c3105687b2d37571e54631a1e4486d0b30,31.051108558918877,0.9354838132858276,0.05366296715367878,0.18406818292158492,0.08556113991082884,0.654080867767334,51.046915490642874
codlite,0_0312,ff32adfa29d4b5de26293352f53cc983d12d3ededd71fe65ca0ef0d887be65c4,23.858731147115417,0.8722909688949585,0.12960661066805615,0.25026105436332086,0.10362978437367608,0.885301947593689,267.4282276826746
codlite,0_1250,02809272b4ca9b08af45771501b741296187c7e26907efb44abbbfcb6cd804f7,21.58656572222039,0.9048960208892822,0.10722946859896183,0.23390657261890524,0.08717500812867109,0.9034054279327393,451.25683043236825
codlite,0_1250,0369d229ba4c9965d5caeb38c359a027a810968eee930b81520b604e76b4df14,30.771424836070572,0.9559167623519897,0.04079363804913181,0.15791277372661758,0.05574732615667231,0.7719162106513977,54.442477117800244
codlite,0_1250,07b9f93f170a0381836bdf301280a5b80b2c4be6e66f793a3c335dc200fb4e5b,23.824738445031354,0.9072496294975281,0.07194835133850574,0.1882425905588795,0.06611501416739296,0.8651852011680603,269.5296307732077
codlite,0_1250,0d154749c7771f58e89ad343653ec4e20d6f037da829f47f5598e5d0a4ab61f0,27.13928452925847,0.8894237875938416,0.11564926108454956,0.26639448386781356,0.0950420651365729,0.5941672921180725,125.64693759095435
codlite,0_1250,1b4ad095795ac552b38a21d51be7bfaee8e7d0a70619d84767814321df4ed062,27.42244570963653,0.9066524505615234,0.08689960876577779,0.20117333649020447,0.06263315050225508,0.7529744505882263,117.71607957806503
codlite,0_1250,1cba10ad9bb4ced57e42f7656c5f2a58d32dc6bad084957d2f8d1c78e0fcd224,33.56621533847891,0.9655039310455322,0.04834257125022631,0.17430811440481722,0.06148387086622923,0.3591977655887604,28.60611149562601
codlite,0_1250,2397c73f8feeb8f630fe055da5551c671794afae80528e8612dc62fc0cf61294,24.762875059528703,0.9354438781738281,0.07199300934067544,0.16392973133308045,0.07201020367005292,0.7657859921455383,217.16651144588695
codlite,0_1250,2684452db505ddbbb53f42a3f3bcfe86fdd0d6d8d98c029db4b4c6fc1f55b750,25.85786227398883,0.9276201128959656,0.08190430447678355,0.19070059551912197,0.0710668979322209,0.8967463970184326,168.76956595626532
codlite,0_1250,2a760bf1ccea6998be3890dcc2371b23f35fe3006562884b45bc534a621d5c12,30.980330527003307,0.9903883934020996,0.022658529289966,0.06786332240906255,0.04789731728619542,0.8802057504653931,51.88565554564027
codlite,0_1250,4ebc0e6c463bcf8ada38673c268aae56d44864347fd74b81a9fb5659bf96a010,28.591081545209356,0.9261512160301208,0.09113439423415591,0.20393374439548043,0.07080813050270081,0.5781192779541016,89.94400179993873
codlite,0_1250,50d13125b665e0c4c1673264807bfc3cc7a217819329696843fea4c69aff8b91,30.560774461190086,0.9785306453704834,0.024113275999415613,0.1043129875064444,0.0483668855007957,0.8731132745742798,57.148247213924634
codlite,0_1250,50fe4c3d47d864858e1aaa60fecef5c453b4e18d2b368718eeb5c1e249e0c902,22.26444152771103,0.9137200713157654,0.1112008265875004,0.22685719741347396,0.07910879213868836,0.8233093619346619,386.043467706123
codlite,0_1250,581048154e3c4b579c79155742dcf643c18b9bb47782aca7f0768eff185bc32e,23.393637683592665,0.8677071928977966,0.1432573498318811,0.2914358772910558,0.08856322247903425,0.38969531655311584,297.65733734242644
codlite,0_1250,608cb09e6ffc66d4bc838d4088bf4c0ab889d7e83d4f5d78805cbc4497e432a1,23.516013396816007,0.8880290389060974,0.1154469789973661,0.23713759888036579,0.09018346754943624,0.39045199751853943,289.3870023839614
codlite,0_1250,79b1bb29124f590c2e99e6c71c18affe25115d594a821cadc58bf24bf94dae8d,21.343911630277617,0.9082974791526794,0.07921237722039223,0.19530248194932937,0.07229713797569275,0.7447398900985718,477.18765284220376
codlite,0_1250,8426ed2245c791232862b0a0b2a62a1f17031e8e6e38921fe939df0b3a05ac41,35.80845096515398,0.9723665118217468,0.045240725041367114,0.17736165970563889,0.04894918575882912,0.2715034484863281,17.07006851832072
codlite,0_1250,86127fbdb368eb28c3039cf61aff1c4cfdc4ade24070c8f2389968d5ead681e1,22.40731248298532,0.8820929527282715,0.10452428933416234,0.2403633571306213,0.08898975077222605,0.7967127561569214,373.55031981754826
codlite,0_1250,937476dd72f98638f34299dda5e9c252621b5e809c364692fc2934e000583286,14.908248248580659,0.5136898756027222,0.16663780684272447,0.2760448766251405,0.17129647235075632,0.3394297957420349,2100.175249417623
codlite,0_1250,a2a946cc516f9eec0f141da3c31a96df94fe342c651af46f0d38f6c04400323a,25.7205919893039,0.9434689879417419,0.07361999473479741,0.17065193749525967,0.06328403195914101,0.44802790880203247,174.18917487649355
codlite,0_1250,a365e6541bab5c0f4e01bf43a0c3a655d88292a8ac45403a889c308d11854555,20.36781429174433,0.8537327647209167,0.11170943975448608,0.232952230336035,0.08302069008350373,0.7967913150787354,597.4463767855775
codlite,0_1250,b0b3744cc6b5ad6426b1ac02909b4389ea7fc4140d72a888ccdfb21f573a6db4,19.764770495770478,0.8510841131210327,0.12270658327376141,0.2407872604973176,0.07797853894093458,0.9482653141021729,686.4411516974955
codlite,0_1250,bb7344a2ba499b2d48b891abee1b903dc17d265437ac57028b5999b6cd5bcdc4,25.097436068539572,0.9610882997512817,0.07271000929176807,0.13188796769827604,0.09957588464021683,0.5490888357162476,201.06512769063315
codlite,0_1250,c9510efb03d1852c29ecad84cc0558768728681a3b9b04eae0dbbd9be142dd95,29.643699707502705,0.968614935874939,0.04806803181657896,0.14830770694157658,0.0472447709125631,0.7372429966926575,70.58467024260877
codlite,0_1250,d0208a1e9b4fde642b9752da2907d82d5b530a6e2e6e18ef71d5524a92d1cf9a,20.429901108819056,0.7786428332328796,0.15538962974267848,0.28938318192958834,0.0810829057412989,0.8205230832099915,588.9660346536075
codlite,0_1250,da52c4f66dc00c2f381e8475fbf8a7aa2c5433a9c59cc175646c62e02892faf7,21.077588464614784,0.8996798992156982,0.12811867211233166,0.2506604239344597,0.10461966675870558,0.7464795708656311,507.3661797018612
codlite,0_1250,e0d8e29cadfc99663c7d1a4a5afe20c454ec54d0d873776ec397c59405c74790,28.77576934695551,0.9403904676437378,0.07066280824296614,0.1897333743160262,0.06911767335499035,0.5819953083992004,86.19923789828431
codlite,0_1250,ebfd571f1c6824316047a29cb5f376eec15f56dd51821119c1842be068a8b950,20.877874783275196,0.950922966003418,0.04749054048443213,0.05628311121836305,0.048288244754076004,0.1607341468334198,531.2425865332285
codlite,0_1250,eda6d42794b0d0140628fa90fc0c14a7ba88159b8474d0077027c32ee2ddf6f0,22.941958107751766,0.8993772864341736,0.0985636653232516,0.22699667520675004,0.07974481085936229,0.6912109851837158,330.28172950495303
codlite,0_1250,f67f11de4ca9ebda3db52c41fd3d26c3105687b2d37571e54631a1e4486d0b30,32.84999217399117,0.9562844038009644,0.03712701612818694,0.1416684820079336,0.055259087214282916,0.6230266094207764,33.73503332200393
codlite,0_1250,ff32adfa29d4b5de26293352f53cc983d12d3ededd71fe65ca0ef0d887be65c4,28.050592096470673,0.9523015022277832,0.057331687420168344,0.1341938972911414,0.05252347080146565,0.9024472236633301,101.86409971947764
codlite,0_5000,02809272b4ca9b08af45771501b741296187c7e26907efb44abbbfcb6cd804f7,27.73580891524764,0.9799410700798035,0.04105307680061635,0.10577503416468115,0.03785334001569187,0.9093181490898132,109.52152171415442
codlite,0_5000,0369d229ba4c9965d5caeb38c359a027a810968eee930b81520b604e76b4df14,33.912403448135905,0.9804592132568359,0.019499990416635922,0.09580899457282879,0.027161266172633453,0.72409987449646,26.414355349073222
codlite,0_5000,07b9f93f170a0381836bdf301280a5b80b2c4be6e66f793a3c335dc200fb4e5b,27.75915025985207,0.9660553336143494,0.03922289020436651,0.11835795369218377,0.03819621117676006,0.8415398597717285,108.93447253657322
codlite,0_5000,0d154749c7771f58e89ad343653ec4e20d6f037da829f47f5598e5d0a4ab61f0,30.35464396877016,0.9619860649108887,0.06658236730624648,0.17112716817680526,0.05645730214960435,0.56669682264328,59.92609300800398
codlite,0_5000,1b4ad095795ac552b38a21d51be7bfaee8e7d0a70619d84767814321df4ed062,30.87375980274868,0.9708800315856934,0.04796972537511274,0.11247869169241503,0.03559417787351107,0.7666720151901245,53.17461823580558
codlite,0_5000,1cba10ad9bb4ced57e42f7656c5f2a58d32dc6bad084957d2f8d1c78e0fcd224,37.03333116491853,0.9840811491012573,0.025697975473713528,0.10331965146532048,0.03315912389639512,0.29632705450057983,12.875000197524777
codlite,0_5000,2397c73f8feeb8f630fe055da5551c671794afae80528e8612dc62fc0cf61294,30.20574447936263,0.9835583567619324,0.030182805295814488,0.08184676894589382,0.031738022320410786,0.7942084074020386,62.016308713426774
codlite,0_5000,2684452db505ddbbb53f42a3f3bcfe86fdd0d6d8d98c029db4b4c6fc1f55b750,31.300380316725807,0.9788780212402344,0.03621943484553519,0.0970052721855395,0.0341845444020103,0.920173168182373,48.19947737151501
codlite,0_5000,2a760bf1ccea6998be3890dcc2371b23f35fe3006562884b45bc534a621d5c12,35.30321029951904,0.9952038526535034,0.016817947777373523,0.049999258994799234,0.026647386879756534,0.911332905292511,19.176057837475305
codlite,0_5000,4ebc0e6c463bcf8ada38673c268aae56d44864347fd74b81a9fb5659bf96a010,31.703262365722722,0.9727283716201782,0.049400631338357925,0.1360048702096238,0.04463471893002005,0.547012984752655,43.92928394990809
codlite,0_5000,50d13125b665e0c4c1673264807bfc3cc7a217819329696843fea4c69aff8b91,31.603009023445146,0.9822940826416016,0.014605119532343986,0.057979210020344264,0.039656920643413765,0.8756142854690552,44.95515076880361
codlite,0_5000,50fe4c3d47d864858e1aaa60fecef5c453b4e18d2b368718eeb5c1e249e0c902,27.19325627984184,0.9773316383361816,0.04845745702860532,0.1102216614663233,0.03981206464914628,0.9199399948120117,124.09512844007202
codlite,0_5000,581048154e3c4b579c79155742dcf643c18b9bb47782aca7f0768eff185bc32e,27.555300683234528,0.9637527465820312,0.07668872333162434,0.16841598849866415,0.05734810200366345,0.32959145307540894,114.16955085726448
codlite,0_5000,608cb09e6ffc66d4bc838d4088bf4c0ab889d7e83d4f5d78805cbc4497e432a1,28.110557849920667,0.9650559425354004,0.04941923346589593,0.12297317517154358,0.04415486285499498,0.3797215521335602,100.46726411308339
codlite,0_5000,79b1bb29124f590c2e99e6c71c18affe25115d594a821cadc58bf24bf94dae8d,25.46728676957912,0.9654902219772339,0.035926428623497486,0.11120085045695305,0.03686726987361908,0.7095476984977722,184.65100847880046
codlite,0_5000,8426ed2245c791232862b0a0b2a62a1f17031e8e6e38921fe939df0b3a05ac41,39.38429665766729,0.9897446036338806,0.02468071971088648,0.10118961101397872,0.024861451238393784,0.21268153190612793,7.4929130872090655
codlite,0_5000,86127fbdb368eb28c3039cf61aff1c4cfdc4ade24070c8f2389968d5ead681e1,27.26608394125186,0.9710134267807007,0.041703554847445645,0.12072976837392713,0.04524693039597058,0.8220362663269043,122.03150481343921
codlite,0_5000,937476dd72f98638f34299dda5e9c252621b5e809c364692fc2934e000583286,19.771902814243827,0.8963582515716553,0.07708511377374332,0.1683002139131228,0.06605157752831776,0.46575313806533813,685.3147503534952
codlite,0_5000,a2a946cc516f9eec0f141da3c31a96df94fe342c651af46f0d38f6c04400323a,30.84483557519329,0.984074592590332,0.029601051213274547,0.08233667318435277,0.026951326166882235,0.5146099328994751,53.52994576248468
codlite,0_5000,a365e6541bab5c0f4e01bf43a0c3a655d88292a8ac45403a889c308d11854555,24.383478089548966,0.9573483467102051,0.052729558966615624,0.12975944495376418,0.04148725218632642,0.8223283886909485,236.99138111787684
codlite,0_5000,b0b3744cc6b5ad6426b1ac02909b4389ea7fc4140d72a888ccdfb21f573a6db4,23.50332433245835,0.9515573382377625,0.0662391314173446,0.14218770090271446,0.044948034777360805,0.9523952603340149,290.2337596220129
codlite,0_5000,bb7344a2ba499b2d48b891abee1b903dc17d265437ac57028b5999b6cd5bcdc4,29.099800351432812,0.9870719909667969,0.0593171832151711,0.08986183442175388,0.058455921709537506,0.5790427327156067,80.00190448760986
codlite,0_5000,c9510efb03d1852c29ecad84cc0558768728681a3b9b04eae0dbbd9be142dd95,35.13748010756816,0.9899362921714783,0.01830766854040763,0.07565227620961035,0.021908942916814018,0.7697191834449768,19.921973134957106
codlite,0_5000,d0208a1e9b4fde642b9752da2907d82d5b530a6e2e6e18ef71d5524a92d1cf9a,24.21846066620574,0.9338350296020508,0.09072256780722562,0.17217240276582102,0.055710391787921684,0.8322963118553162,246.1695287367877
codlite,0_5000,da52c4f66dc00c2f381e8475fbf8a7aa2c5433a9c59cc175646c62e02892faf7,27.135671721545506,0.9790424108505249,0.04602224075180643,0.10483498958980336,0.04876356230062597,0.7514820098876953,125.75150421740962
codlite,0_5000,e0d8e29cadfc99663c7d1a4a5afe20c454ec54d0d873776ec397c59405c74790,32.19432298587675,0.982121467590332,0.03647964612361701,0.10540060468894594,0.03905794497798471,0.5770673751831055,39.23268779679841
codlite,0_5000,ebfd571f1c6824316047a29cb5f376eec15f56dd51821119c1842be068a8b950,26.643121163653536,0.9886431694030762,0.02165124745806679,0.041947543155401945,0.04233822599053383,0.5925303101539612,140.8536950747172
codlite,0_5000,eda6d42794b0d0140628fa90fc0c14a7ba88159b8474d0077027c32ee2ddf6f0,27.062832737095643,0.9633687734603882,0.04983929583948909,0.13883141106834598,0.03824981316631915,0.7792306542396545,127.8783686020795
codlite,0_5000,f67f11de4ca9ebda3db52c41fd3d26c3105687b2d37571e54631a1e4486d0b30,36.15664864801361,0.9793509840965271,0.021711319284376633,0.10288148806156482,0.029374453659151114,0.5889641642570496,15.754894381255106
codlite,0_5000,ff32adfa29d4b5de26293352f53cc983d12d3ededd71fe65ca0ef0d887be65c4,32.910393592728965,0.9844345450401306,0.022375746772569767,0.05861514490097761,0.023826334581655614,0.9103869795799255,33.26909610523897
mbt,q1,02809272b4ca9b08af45771501b741296187c7e26907efb44abbbfcb6cd804f7,26.411448613798704,0.9519529342651367,0.22189387814963565,0.3200144407503745,0.14595715368495268,0.6306922435760498,148.57149706073835
mbt,q2,02809272b4ca9b08af45771501b741296187c7e26907efb44abbbfcb6cd804f7,28.332839266906092,0.9688758850097656,0.1643341495491126,0.2581051431596279,0.11736322431003346,0.6895152926445007,95.45450595032935
mbt,q3,02809272b4ca9b08af45771501b741296187c7e26907efb44abbbfcb6cd804f7,30.28096240696054,0.9800375699996948,0.11288550915744375,0.2072118860833785,0.09136444189969231,0.755283534526825,60.951461014093134
mbt,q4,02809272b4ca9b08af45771501b741296187c7e26907efb44abbbfcb6cd804f7,32.207603317328754,0.9875251054763794,0.07401592916644671,0.16211850897354238,0.06808631385073942,0.7819132208824158,39.1129010368796
msillm,q1,02809272b4ca9b08af45771501b741296187c7e26907efb44abbbfcb6cd804f7,22.559999462754874,0.8862718343734741,0.15623419595991864,0.3604902123703676,0.13507069647312164,0.6956502795219421,360.64541446461396
msillm,q2,02809272b4ca9b08af45771501b741296187c7e26907efb44abbbfcb6cd804f7,24.352011571815705,0.9271108508110046,0.10528899170458317,0.29704892994726406,0.10793515391209546,0.7643471956253052,238.71472203871784
msillm,q3,02809272b4ca9b08af45771501b741296187c7e26907efb44abbbfcb6cd804f7,26.293338085895492,0.9565173387527466,0.06489429199958549,0.21993659283308423,0.06783242506139418,0.8493401408195496,152.66748537549785
msillm,q4,02809272b4ca9b08af45771501b741296187c7e26907efb44abbbfcb6cd804f7,28.67747125605969,0.9776930212974548,0.03824743458672481,0.15778930932283403,0.04537442589507384,0.8768879175186157,88.17251634784773
msillm,q5,02809272b4ca9b08af45771501b741296187c7e26907efb44abbbfcb6cd804f7,30.31978368060711,0.985602855682373,0.02485606363591026,0.12588651653598337,0.032057098080130186,0.8559368848800659,60.40904816272212
s1res,s1L1,02809272b4ca9b08af45771501b741296187c7e26907efb44abbbfcb6cd804f7,15.094285336937192,0.4024309515953064,0.530056628409554,0.5962496200028587,0.4238285816767636,0.8033933639526367,2012.1104990042893
s1res,s1L2,02809272b4ca9b08af45771501b741296187c7e26907efb44abbbfcb6cd804f7,16.05190223226069,0.5631029009819031,0.39978560822851517,0.513853937738082,0.307437799783314,0.8057002425193787,1613.9502283432905
s1res,s1L3,02809272b4ca9b08af45771501b741296187c7e26907efb44abbbfcb6cd804f7,17.30760667507983,0.7009212970733643,0.26728899487677743,0.40653460367637523,0.20250760141540977,0.796125054359436,1208.7032597560508
s1res,s1L4,02809272b4ca9b08af45771501b741296187c7e26907efb44abbbfcb6cd804f7,18.42384997691764,0.790529191493988,0.17817407097010052,0.31023685835740145,0.12088778579936307,0.8803114891052246,934.7497618432138
s1res,s1L5,02809272b4ca9b08af45771501b741296187c7e26907efb44abbbfcb6cd804f7,19.426086349578114,0.8413118720054626,0.13803273101939875,0.2566464569638757,0.09352039835032294,0.897236168384552,742.1158818263633
s1res,s1L2+qp32,02809272b4ca9b08af45771501b741296187c7e26907efb44abbbfcb6cd804f7,25.587153112151405,0.9415692090988159,0.1415623335277333,0.34309921255883047,0.13712567704565384,0.6955927610397339,179.62428385416666
s1res,s1L2+qp37,02809272b4ca9b08af45771501b741296187c7e26907efb44abbbfcb6cd804f7,22.500894151346177,0.8876771926879883,0.24562589333337895,0.4276916818583713,0.1787950543796315,0.6773287057876587,365.5871696920956
s1res,s1L2+qp42,02809272b4ca9b08af45771501b741296187c7e26907efb44abbbfcb6cd804f7,19.92357738468911,0.8016979098320007,0.3463248850668178,0.4916239471119993,0.23039474504835467,0.7185490727424622,661.7936906403186
s1res,s1L2+qp47,02809272b4ca9b08af45771501b741296187c7e26907efb44abbbfcb6cd804f7,17.84682367986029,0.689597487449646,0.4129802073625957,0.5274418266380534,0.266833869324011,0.7862673997879028,1067.5740112304688
s1res,s1L3+qp32,02809272b4ca9b08af45771501b741296187c7e26907efb44abbbfcb6cd804f7,25.87515617215677,0.9467715620994568,0.11003192016745315,0.29819088367854846,0.1089954954736373,0.776340901851654,168.0988505045573
s1res,s1L3+qp37,02809272b4ca9b08af45771501b741296187c7e26907efb44abbbfcb6cd804f7,22.63926083507032,0.8960072994232178,0.1898475512423936,0.36925107039072935,0.14793903985444237,0.7196988463401794,354.12311628753065
s1res,s1L3+qp42,02809272b4ca9b08af45771501b741296187c7e26907efb44abbbfcb6cd804f7,19.989148487741122,0.8215348124504089,0.2631170069470125,0.42143241798176484,0.18243279772646287,0.7792418003082275,651.8767806707644
s1res,s1L3+qp47,02809272b4ca9b08af45771501b741296187c7e26907efb44abbbfcb6cd804f7,18.135662675802376,0.741527795791626,0.2903600029209081,0.42964657448670446,0.1973050124504987,0.7929118871688843,998.8817841174556
mbt,q1,0369d229ba4c9965d5caeb38c359a027a810968eee930b81520b604e76b4df14,32.212417464785396,0.9455196857452393,0.22398786086808234,0.40200334699714885,0.2025091734002618,0.31292808055877686,39.06956846947764
mbt,q2,0369d229ba4c9965d5caeb38c359a027a810968eee930b81520b604e76b4df14,33.40426685388741,0.9577197432518005,0.1902583550880937,0.3574672917232794,0.17907344874213724,0.372131884098053,29.692972459980087
mbt,q3,0369d229ba4c9965d5caeb38c359a027a810968eee930b81520b604e76b4df14,7.778894864732884,0.4492526948451996,0.7495187894386404,0.6845240110860151,0.4431548002888175,0.19596421718597412,10844.034095195695
mbt,q4,0369d229ba4c9965d5caeb38c359a027a810968eee930b81520b604e76b4df14,11.618918649298035,0.7079355120658875,0.46454314861227486,0.5280351761509391,0.3332071988021626,0.26873186230659485,4479.076664344937
msillm,q1,0369d229ba4c9965d5caeb38c359a027a810968eee930b81520b604e76b4df14,30.34451280873934,0.9264520406723022,0.07203649325734553,0.2770532799994244,0.10298423206104952,0.7701939940452576,60.0660509296492
msillm,q2,0369d229ba4c9965d5caeb38c359a027a810968eee930b81520b604e76b4df14,31.43611763283007,0.9443678855895996,0.04934472951161511,0.24725902461830307,0.07903751941288219,0.7774056196212769,46.71631709080116
msillm,q3,0369d229ba4c9965d5caeb38c359a027a810968eee930b81520b604e76b4df14,32.81095300946084,0.9610196948051453,0.031237415709149313,0.2110994491068756,0.058280622608521404,0.7456209063529968,34.03964795879289
msillm,q4,0369d229ba4c9965d5caeb38c359a027a810968eee930b81520b604e76b4df14,34.307715607190936,0.9733380675315857,0.02005297710352084,0.17624540780397022,0.040443455822327556,0.7998313307762146,24.116195738549326
msillm,q5,0369d229ba4c9965d5caeb38c359a027a810968eee930b81520b604e76b4df14,35.32763423697552,0.9790363311767578,0.01599483479033498,0.1571638400063795,0.030247690221842597,0.7292863726615906,19.068517827052695
s1res,s1L1,0369d229ba4c9965d5caeb38c359a027a810968eee930b81520b604e76b4df14,22.488543842050216,0.8087948560714722,0.25700956398949903,0.3974934219437487,0.29351526761756225,0.7951821684837341,366.6282929065181
s1res,s1L2,0369d229ba4c9965d5caeb38c359a027a810968eee930b81520b604e76b4df14,25.008769371825323,0.8598257303237915,0.17318204665446982,0.3363153513740091,0.2188023640828974,0.8285324573516846,205.21231689453126
s1res,s1L3,0369d229ba4c9965d5caeb38c359a027a810968eee930b81520b604e76b4df14,27.226851764837242,0.9013291597366333,0.11139405070639709,0.2570017599445932,0.15804932958939497,0.8270138502120972,123.13887580422794
s1res,s1L4,0369d229ba4c9965d5caeb38c359a027a810968eee930b81520b604e76b4df14,28.770099636555095,0.9238321781158447,0.07449303324169973,0.19712400405722505,0.11145460202413447,0.8081818222999573,86.3118444106158
s1res,s1L5,0369d229ba4c9965d5caeb38c359a027a810968eee930b81520b604e76b4df14,29.952728539078443,0.9401965141296387,0.04911203603534137,0.15662126085337472,0.07211527754278745,0.8142115473747253,65.73664072074142
s1res,s1L2+qp32,0369d229ba4c9965d5caeb38c359a027a810968eee930b81520b604e76b4df14,32.15385862692464,0.9484350681304932,0.08652742540135103,0.2710080599960159,0.11891930874656229,0.7249868512153625,39.599937289368874
s1res,s1L2+qp37,0369d229ba4c9965d5caeb38c359a027a810968eee930b81520b604e76b4df14,30.349035603436295,0.9261552095413208,0.11485752277076244,0.3004759053097052,0.143649662417524,0.6845036149024963,60.00352998621324
s1res,s1L2+qp42,0369d229ba4c9965d5caeb38c359a027a810968eee930b81520b604e76b4df14,28.837319800808064,0.9029420614242554,0.14195894130012568,0.3234963787829175,0.17460443079471588,0.6446557641029358,84.9861940870098
s1res,s1L2+qp47,0369d229ba4c9965d5caeb38c359a027a810968eee930b81520b604e76b4df14,27.38227263232811,0.8820616602897644,0.16168350049239746,0.3388128331478904,0.19177681593333973,0.6550561189651489,118.81002783681832
s1res,s1L3+qp32,0369d229ba4c9965d5caeb38c359a027a810968eee930b81520b604e76b4df14,32.242462990857355,0.9508463144302368,0.0685034470523105,0.22637286422883762,0.09818234461195328,0.766899049282074,38.80020871629902
s1res,s1L3+qp37,0369d229ba4c9965d5caeb38c359a027a810968eee930b81520b604e76b4df14,30.53409266625306,0.9325923919677734,0.08911239516866558,0.24383390944670227,0.11750587102244882,0.7451521158218384,57.50043023801317
s1res,s1L3+qp42,0369d229ba4c9965d5caeb38c359a027a810968eee930b81520b604e76b4df14,29.21560605067862,0.9167205095291138,0.10368063261403757,0.25914072052520865,0.13689609836129582,0.7454785704612732,77.89682485543045
s1res,s1L3+qp47,0369d229ba4c9965d5caeb38c359a027a810968eee930b81520b604e76b4df14,28.11232394785002,0.9049991369247437,0.11094085026313277,0.2638711277176352,0.15172162967569688,0.7596461772918701,100.4264164943321
mbt,q1,07b9f93f170a0381836bdf301280a5b80b2c4be6e66f793a3c335dc200fb4e5b,27.31359096080346,0.9366322755813599,0.3670375080669627,0.4369697689133532,0.2073406754171147,0.5889041423797607,120.70388949525123
mbt,q2,07b9f93f170a0381836bdf301280a5b80b2c4be6e66f793a3c335dc200fb4e5b,28.854525290021044,0.9542266726493835,0.2903932678348878,0.3594885819098529,0.16973299296463237,0.6698148846626282,84.65016946231617
mbt,q3,07b9f93f170a0381836bdf301280a5b80b2c4be6e66f793a3c335dc200fb4e5b,30.566442994414274,0.9672424793243408,0.238944470707108,0.34163553960183085,0.14623176367843851,0.7219287753105164,57.07370437921262
mbt,q4,07b9f93f170a0381836bdf301280a5b80b2c4be6e66f793a3c335dc200fb4e5b,13.792704509262714,0.8291237354278564,0.3727639268864604,0.43453273597885583,0.24272850769407608,0.57180255651474,2715.2505475212547
msillm,q1,07b9f93f170a0381836bdf301280a5b80b2c4be6e66f793a3c335dc200fb4e5b,24.507589923635194,0.8833543658256531,0.1001520758604302,0.2907712897833656,0.10480660392957575,0.820148229598999,230.31454647288604
msillm,q2,07b9f93f170a0381836bdf301280a5b80b2c4be6e66f793a3c335dc200fb4e5b,25.577273144556685,0.9110223650932312,0.07557103072895724,0.25534130518927295,0.0833594106576022,0.7807464003562927,180.03338467467066
msillm,q3,07b9f93f170a0381836bdf301280a5b80b2c4be6e66f793a3c335dc200fb4e5b,27.119772153480305,0.9392837285995483,0.053909406920566276,0.2255564895184601,0.0654271637692171,0.8109056949615479,126.21272559072457
msillm,q4,07b9f93f170a0381836bdf301280a5b80b2c4be6e66f793a3c335dc200fb4e5b,28.919446493380086,0.9608426094055176,0.036667523894678145,0.18830216491923613,0.04507945723393384,0.826278567314148,83.39417401482078
msillm,q5,07b9f93f170a0381836bdf301280a5b80b2c4be6e66f793a3c335dc200fb4e5b,30.090554329668258,0.969757080078125,0.0263916723375373,0.16468843638020403,0.032666396919418784,0.8486287593841553,63.68320731368719
s1res,s1L1,07b9f93f170a0381836bdf301280a5b80b2c4be6e66f793a3c335dc200fb4e5b,18.681337235472725,0.710106372833252,0.3259549452978022,0.4228432993678486,0.2961808609611848,0.8998585343360901,880.9406233245252
s1res,s1L2,07b9f93f170a0381836bdf301280a5b80b2c4be6e66f793a3c335dc200fb4e5b,19.87769159409395,0.7761849164962769,0.22539868407389696,0.3527997101931011,0.2099480737658108,0.929406464099884,668.8230029536229
s1res,s1L3,07b9f93f170a0381836bdf301280a5b80b2c4be6e66f793a3c335dc200fb4e5b,20.895103368617622,0.8226922750473022,0.15040715542786262,0.27551932466380735,0.14614048126865836,0.8854162693023682,529.1393067603018
s1res,s1L4,07b9f93f170a0381836bdf301280a5b80b2c4be6e66f793a3c335dc200fb4e5b,21.750296640758194,0.8533908724784851,0.11327921323039952,0.22913359429906396,0.09950505302232855,0.8998792767524719,434.5609491086474
s1res,s1L5,07b9f93f170a0381836bdf301280a5b80b2c4be6e66f793a3c335dc200fb4e5b,22.377613745710416,0.8731667995452881,0.09187175370752812,0.19707813258556758,0.0767190521254259,0.8922744989395142,376.1135556688496
s1res,s1L2+qp32,07b9f93f170a0381836bdf301280a5b80b2c4be6e66f793a3c335dc200fb4e5b,27.135669220991396,0.937083899974823,0.07966098434784834,0.23565629751366726,0.09362384782117956,0.8167718648910522,125.75157662185968
s1res,s1L2+qp37,07b9f93f170a0381836bdf301280a5b80b2c4be6e66f793a3c335dc200fb4e5b,24.443985103363385,0.8942748308181763,0.12704611924641274,0.2904813933021882,0.12994187772274018,0.8106377720832825,233.7124512915518
s1res,s1L2+qp42,07b9f93f170a0381836bdf301280a5b80b2c4be6e66f793a3c335dc200fb4e5b,22.54495975415375,0.8497437238693237,0.17365498928462758,0.3325588753994773,0.16588555416640113,0.802706241607666,361.896502087163
s1res,s1L2+qp47,07b9f93f170a0381836bdf301280a5b80b2c4be6e66f793a3c335dc200fb4e5b,21.17327865367995,0.8075680732727051,0.21079228437122177,0.3602992650340585,0.19948300070622388,0.8133765459060669,496.3093940286075
s1res,s1L3+qp32,07b9f93f170a0381836bdf301280a5b80b2c4be6e66f793a3c335dc200fb4e5b,27.226314544074558,0.9389681816101074,0.06710319639567067,0.20954561763826537,0.08123139686444227,0.829663872718811,123.15410898246017
s1res,s1L3+qp37,07b9f93f170a0381836bdf301280a5b80b2c4be6e66f793a3c335dc200fb4e5b,24.5305869555126,0.8990685343742371,0.10334404312512453,0.24668790294843562,0.10642236751668593,0.8265887498855591,229.0981938380821
s1res,s1L3+qp42,07b9f93f170a0381836bdf301280a5b80b2c4be6e66f793a3c335dc200fb4e5b,22.586978765937573,0.8594421744346619,0.13390919631894896,0.27363907256547143,0.13257725326453937,0.8065252900123596,358.4119524787454
s1res,s1L3+qp47,07b9f93f170a0381836bdf301280a5b80b2c4be6e66f793a3c335dc200fb4e5b,21.412346600036134,0.8304116725921631,0.15069312751293182,0.2859201405854786,0.1469282527180279,0.8170888423919678,469.7271910424326
mbt,q1,0d154749c7771f58e89ad343653ec4e20d6f037da829f47f5598e5d0a4ab61f0,28.37353405177979,0.8870078921318054,0.556531205422738,0.5599607430836734,0.30833235277849086,0.4625818431377411,94.56424416934743
mbt,q2,0d154749c7771f58e89ad343653ec4e20d6f037da829f47f5598e5d0a4ab61f0,12.049690361162103,0.5148100852966309,0.7789521964157329,0.6858050614595413,0.4398710902999429,0.1897609978914261,4056.124946863511
mbt,q3,0d154749c7771f58e89ad343653ec4e20d6f037da829f47f5598e5d0a4ab61f0,11.625200473781575,0.6276100873947144,0.7415261152912589,0.6592327838434893,0.4167751669883728,0.27356186509132385,4472.602616134344
mbt,q4,0d154749c7771f58e89ad343653ec4e20d6f037da829f47f5598e5d0a4ab61f0,25.875428452829844,0.9501287937164307,0.3922212847891976,0.4535858873058768,0.20348229530979606,0.6925461292266846,168.0883118872549
msillm,q1,0d154749c7771f58e89ad343653ec4e20d6f037da829f47f5598e5d0a4ab61f0,25.93532796444585,0.7985326051712036,0.17162710765705388,0.3995301033644115,0.1671372667831533,0.6421923637390137,165.78588974896599
msillm,q2,0d154749c7771f58e89ad343653ec4e20d6f037da829f47f5598e5d0a4ab61f0,27.016067168570945,0.8637185096740723,0.1293865975649918,0.3442978570566458,0.11750894066165475,0.6510422825813293,129.2628252814798
msillm,q3,0d154749c7771f58e89ad343653ec4e20d6f037da829f47f5598e5d0a4ab61f0,28.131202805142618,0.9128114581108093,0.09579492715351721,0.3005819023532026,0.07992175817489625,0.7091587781906128,99.99080858417585
msillm,q4,0d154749c7771f58e89ad343653ec4e20d6f037da829f47f5598e5d0a4ab61f0,29.659837542084084,0.9481788873672485,0.06641855564187554,0.23346068451509755,0.04818606236401726,0.6967893242835999,70.32287322399662
msillm,q5,0d154749c7771f58e89ad343653ec4e20d6f037da829f47f5598e5d0a4ab61f0,30.570808597656203,0.961683452129364,0.05268962804008933,0.2064754633780788,0.037626095905023464,0.757768452167511,57.01636173023897
s1res,s1L1,0d154749c7771f58e89ad343653ec4e20d6f037da829f47f5598e5d0a4ab61f0,21.02946941158748,0.47988149523735046,0.5279547205742667,0.5658406787058886,0.42472732382662154,0.6404474973678589,513.0189644607843
s1res,s1L2,0d154749c7771f58e89ad343653ec4e20d6f037da829f47f5598e5d0a4ab61f0,22.22096773308389,0.6001788377761841,0.3953374739955453,0.5134846902068924,0.32516869411749,0.7282155752182007,389.92725064146754
s1res,s1L3,0d154749c7771f58e89ad343653ec4e20d6f037da829f47f5598e5d0a4ab61f0,23.492210472486825,0.7101415395736694,0.25378843800109974,0.422008400191279,0.21520408058867735,0.7650786638259888,290.97743661917895
s1res,s1L4,0d154749c7771f58e89ad343653ec4e20d6f037da829f47f5598e5d0a4ab61f0,24.473355934259846,0.7768769264221191,0.18173109310514787,0.3419542159227764,0.14104053132674274,0.7459536194801331,232.1372137331495
s1res,s1L5,0d154749c7771f58e89ad343653ec4e20d6f037da829f47f5598e5d0a4ab61f0,25.216946055960566,0.820744514465332,0.1442300022305811,0.286364742149325,0.10277344689649694,0.6996713876724243,195.60761383655026
s1res,s1L2+qp32,0d154749c7771f58e89ad343653ec4e20d6f037da829f47f5598e5d0a4ab61f0,26.967884307097062,0.8747843503952026,0.23099466115236283,0.42506528698346197,0.15424490308060365,0.5700422525405884,130.70491835650276
s1res,s1L2+qp37,0d154749c7771f58e89ad343653ec4e20d6f037da829f47f5598e5d0a4ab61f0,25.23393692779618,0.7852743864059448,0.3104308041579583,0.4782733109944007,0.21110598497530994,0.5898875594139099,194.8438346114813
s1res,s1L2+qp42,0d154749c7771f58e89ad343653ec4e20d6f037da829f47f5598e5d0a4ab61f0,24.003475636513024,0.6948863863945007,0.3747550469987533,0.5132914450238732,0.26671427313019247,0.6051265597343445,258.66209884344363
s1res,s1L2+qp47,0d154749c7771f58e89ad343653ec4e20d6f037da829f47f5598e5d0a4ab61f0,23.26258824007904,0.6436394453048706,0.39711871208513483,0.5219316438717001,0.29752765981590046,0.5820939540863037,306.77611048081343
s1res,s1L3+qp32,0d154749c7771f58e89ad343653ec4e20d6f037da829f47f5598e5d0a4ab61f0,27.04698724415012,0.8783177137374878,0.18570555566864855,0.36714625998454936,0.12663965137565839,0.6404362320899963,128.34579264322917
s1res,s1L3+qp37,0d154749c7771f58e89ad343653ec4e20d6f037da829f47f5598e5d0a4ab61f0,25.4181490163742,0.8019499182701111,0.23191247030216106,0.409289688660818,0.16697590947151184,0.6733876466751099,186.75208500880822
s1res,s1L3+qp42,0d154749c7771f58e89ad343653ec4e20d6f037da829f47f5598e5d0a4ab61f0,24.468367270111926,0.7491323351860046,0.25377540382392266,0.4245119300835273,0.19318822376868305,0.6662514209747314,232.40401886584712
s1res,s1L3+qp47,0d154749c7771f58e89ad343653ec4e20d6f037da829f47f5598e5d0a4ab61f0,23.927315844545642,0.7226217985153198,0.26352185054736976,0.4291499393827775,0.20657120048999786,0.6998507380485535,263.2381175321691
mbt,q1,1b4ad095795ac552b38a21d51be7bfaee8e7d0a70619d84767814321df4ed062,29.206004847003136,0.907747745513916,0.4322837685283862,0.4986415646578136,0.26428145640774775,0.30765432119369507,78.06922644899602
mbt,q2,1b4ad095795ac552b38a21d51be7bfaee8e7d0a70619d84767814321df4ed062,30.532356068403345,0.9357471466064453,0.36171223262422963,0.47451137437632207,0.22314378854475522,0.35186222195625305,57.52342732747396
mbt,q3,1b4ad095795ac552b38a21d51be7bfaee8e7d0a70619d84767814321df4ed062,32.063294348291926,0.9562046527862549,0.27885835774635015,0.39341223710461665,0.1792401224374771,0.4569353461265564,40.43439282869038
mbt,q4,1b4ad095795ac552b38a21d51be7bfaee8e7d0a70619d84767814321df4ed062,33.757302846126,0.9719040393829346,0.1982159608680951,0.33667786674279915,0.1431409998943931,0.571388304233551,27.374744616056745
msillm,q1,1b4ad095795ac552b38a21d51be7bfaee8e7d0a70619d84767814321df4ed062,26.91478411763962,0.8452267050743103,0.14714730119234637,0.34463665869675186,0.12925886480431809,0.7762466669082642,132.31282712702165
msillm,q2,1b4ad095795ac552b38a21d51be7bfaee8e7d0a70619d84767814321df4ed062,27.798538337551495,0.8881348967552185,0.10725375598198489,0.3047679290175438,0.09446615843396437,0.7157213687896729,107.95096454285739
msillm,q3,1b4ad095795ac552b38a21d51be7bfaee8e7d0a70619d84767814321df4ed062,29.126402484023338,0.9294754862785339,0.07642970753735617,0.2538011015245789,0.0679039217923817,0.7889154553413391,79.51336121140865
msillm,q4,1b4ad095795ac552b38a21d51be7bfaee8e7d0a70619d84767814321df4ed062,31.0845162991744,0.962336003780365,0.05011718465309394,0.1930539441343985,0.04396684310938183,0.7914968132972717,50.65574779845121
msillm,q5,1b4ad095795ac552b38a21d51be7bfaee8e7d0a70619d84767814321df4ed062,32.3065341805191,0.973971962928772,0.037919309872545694,0.1673103468982797,0.03474897852069453,0.7511477470397949,38.231993424265006
s1res,s1L1,1b4ad095795ac552b38a21d51be7bfaee8e7d0a70619d84767814321df4ed062,22.882256838401588,0.6541308164596558,0.40984267741441727,0.4838765953716479,0.3414877213929829,0.5889055132865906,334.85337227269224
s1res,s1L2,1b4ad095795ac552b38a21d51be7bfaee8e7d0a70619d84767814321df4ed062,23.72157744436653,0.7205061912536621,0.31802792415807124,0.4207706455337374,0.25837569801430954,0.7127889394760132,276.00860140616436
s1res,s1L3,1b4ad095795ac552b38a21d51be7bfaee8e7d0a70619d84767814321df4ed062,24.48167725710819,0.7767958045005798,0.22489445931033084,0.3454372365223734,0.19290426059773094,0.7494240999221802,231.69285181949013
s1res,s1L4,1b4ad095795ac552b38a21d51be7bfaee8e7d0a70619d84767814321df4ed062,25.17748272560583,0.8192722201347351,0.1560536552416651,0.27488041982838984,0.12914441369081797,0.7221672534942627,197.39315488045676
s1res,s1L5,1b4ad095795ac552b38a21d51be7bfaee8e7d0a70619d84767814321df4ed062,25.6435840450748,0.8503608703613281,0.11804189572208806,0.22609318165402664,0.07682105349866968,0.7476868033409119,177.3053974352385
s1res,s1L2+qp32,1b4ad095795ac552b38a21d51be7bfaee8e7d0a70619d84767814321df4ed062,28.247241763993635,0.9074379801750183,0.19060107497008225,0.33128940980685384,0.12534699785081962,0.6215806007385254,97.35453448379249
s1res,s1L2+qp37,1b4ad095795ac552b38a21d51be7bfaee8e7d0a70619d84767814321df4ed062,26.158958435762866,0.8429098129272461,0.2547618754600224,0.37940023408124324,0.1745338863448093,0.674116313457489,157.46517395554926
s1res,s1L2+qp42,1b4ad095795ac552b38a21d51be7bfaee8e7d0a70619d84767814321df4ed062,25.085178884318502,0.7849637866020203,0.29949276227700083,0.41555413603782654,0.21647172930993533,0.6709204316139221,201.63339956183182
s1res,s1L2+qp47,1b4ad095795ac552b38a21d51be7bfaee8e7d0a70619d84767814321df4ed062,24.463501282428005,0.7458407878875732,0.32074416232736486,0.4310609906127578,0.23474045176255076,0.6681759357452393,232.66455841064453
s1res,s1L3+qp32,1b4ad095795ac552b38a21d51be7bfaee8e7d0a70619d84767814321df4ed062,28.197696317628463,0.9081360101699829,0.1614205219635838,0.2925727022321601,0.10687054144708734,0.6948252320289612,98.47153981526692
s1res,s1L3+qp37,1b4ad095795ac552b38a21d51be7bfaee8e7d0a70619d84767814321df4ed062,26.207212831128363,0.850928008556366,0.20092885255029327,0.32842448902757543,0.13884090749840988,0.7598831057548523,155.72526469983552
s1res,s1L3+qp42,1b4ad095795ac552b38a21d51be7bfaee8e7d0a70619d84767814321df4ed062,25.25761585738973,0.8061929941177368,0.22400708829886035,0.34721986753375905,0.16127742356375643,0.7593580484390259,193.78438327186987
s1res,s1L3+qp47,1b4ad095795ac552b38a21d51be7bfaee8e7d0a70619d84767814321df4ed062,24.804845261543633,0.7843126654624939,0.2324214544343321,0.3554211603967767,0.17728673941210696,0.7230926156044006,215.07792342336555
mbt,q1,1cba10ad9bb4ced57e42f7656c5f2a58d32dc6bad084957d2f8d1c78e0fcd224,34.81686890124464,0.9553591012954712,0.26854866440181885,0.4325799489194907,0.2517178417409508,0.16141380369663239,21.44832939468927
mbt,q2,1cba10ad9bb4ced57e42f7656c5f2a58d32dc6bad084957d2f8d1c78e0fcd224,35.73042712591302,0.9627763032913208,0.25216064977378233,0.41394903214232437,0.23340435687778066,0.1603139042854309,17.379514823839504
mbt,q3,1cba10ad9bb4ced57e42f7656c5f2a58d32dc6bad084957d2f8d1c78e0fcd224,15.884863518861248,0.865517795085907,0.3826983092370832,0.45689205543219463,0.31121985107949635,0.141845241189003,1677.2353569944314
mbt,q4,1cba10ad9bb4ced57e42f7656c5f2a58d32dc6bad084957d2f8d1c78e0fcd224,37.86006064959952,0.9755152463912964,0.21629696401758391,0.37211001874173727,0.18650848440174916,0.24868330359458923,10.643250795629804
msillm,q1,1cba10ad9bb4ced57e42f7656c5f2a58d32dc6bad084957d2f8d1c78e0fcd224,32.41635754441802,0.9378498792648315,0.08350811487298856,0.32952829240595255,0.12169948784471715,0.4791104793548584,37.277313528709044
msillm,q2,1cba10ad9bb4ced57e42f7656c5f2a58d32dc6bad084957d2f8d1c78e0fcd224,33.478055127593095,0.9504979848861694,0.0590259673308979,0.2940853830535435,0.09467761956372307,0.4154015779495239,29.192739245961015
msillm,q3,1cba10ad9bb4ced57e42f7656c5f2a58d32dc6bad084957d2f8d1c78e0fcd224,34.9237037206761,0.9632057547569275,0.04007041778017595,0.24157872061850955,0.06775301260855592,0.4004644751548767,20.927145257351082
msillm,q4,1cba10ad9bb4ced57e42f7656c5f2a58d32dc6bad084957d2f8d1c78e0fcd224,36.512228527872864,0.9745219945907593,0.02752881313592774,0.20900050735155357,0.0514888364134483,0.44274193048477173,14.516352582517952
msillm,q5,1cba10ad9bb4ced57e42f7656c5f2a58d32dc6bad084957d2f8d1c78e0fcd224,37.40644642887456,0.9787055253982544,0.024260229078456035,0.20303251424316063,0.04478543389190748,0.3574312627315521,11.815054192897957
s1res,s1L1,1cba10ad9bb4ced57e42f7656c5f2a58d32dc6bad084957d2f8d1c78e0fcd224,25.47822972795103,0.8544105887413025,0.23740050203881216,0.3952703012280094,0.33969336270707323,0.46902596950531006,184.18632729539593
s1res,s1L2,1cba10ad9bb4ced57e42f7656c5f2a58d32dc6bad084957d2f8d1c78e0fcd224,27.756824869743376,0.8945657014846802,0.18052757450026793,0.3572746493573328,0.2618739367688744,0.49740171432495117,108.99281612260442
s1res,s1L3,1cba10ad9bb4ced57e42f7656c5f2a58d32dc6bad084957d2f8d1c78e0fcd224,29.708653152637922,0.9204206466674805,0.1271608669346976,0.29205412638274214,0.1839852502334465,0.48916009068489075,69.53685516061135
s1res,s1L4,1cba10ad9bb4ced57e42f7656c5f2a58d32dc6bad084957d2f8d1c78e0fcd224,30.977931979203998,0.9364900588989258,0.09181300702604275,0.2344146454435529,0.13352648349641597,0.5098273158073425,51.91431918344837
s1res,s1L5,1cba10ad9bb4ced57e42f7656c5f2a58d32dc6bad084957d2f8d1c78e0fcd224,32.237254559195875,0.9489825963973999,0.06300827511360199,0.18603507380534723,0.08504930095186511,0.47984665632247925,38.84676916622421
s1res,s1L2+qp32,1cba10ad9bb4ced57e42f7656c5f2a58d32dc6bad084957d2f8d1c78e0fcd224,34.31832217046229,0.9511260390281677,0.11092116514184666,0.3144292335559442,0.15243354425268266,0.30023902654647827,24.057369787716173
s1res,s1L2+qp37,1cba10ad9bb4ced57e42f7656c5f2a58d32dc6bad084957d2f8d1c78e0fcd224,32.78813429810481,0.9358245730400085,0.1386140235202405,0.33782247276705446,0.18779897689819336,0.3183344602584839,34.21896984507737
s1res,s1L2+qp42,1cba10ad9bb4ced57e42f7656c5f2a58d32dc6bad084957d2f8d1c78e0fcd224,31.461164523319184,0.9208058714866638,0.1613578723418047,0.35582274502342187,0.21285949068740734,0.28817182779312134,46.44766739039745
s1res,s1L2+qp47,1cba10ad9bb4ced57e42f7656c5f2a58d32dc6bad084957d2f8d1c78e0fcd224,30.12425101901251,0.9059531688690186,0.17705389030856414,0.3654738721048948,0.236290515481847,0.2906046211719513,63.19100448460255
s1res,s1L3+qp32,1cba10ad9bb4ced57e42f7656c5f2a58d32dc6bad084957d2f8d1c78e0fcd224,34.18641019611392,0.9519924521446228,0.09311643686344467,0.2718194591116558,0.1271944008405926,0.37302160263061523,24.799295369861195
s1res,s1L3+qp37,1cba10ad9bb4ced57e42f7656c5f2a58d32dc6bad084957d2f8d1c78e0fcd224,32.782848259509166,0.9398034811019897,0.11029569392354743,0.2885620606321733,0.15119396801133758,0.36232709884643555,34.26064500530946
s1res,s1L3+qp42,1cba10ad9bb4ced57e42f7656c5f2a58d32dc6bad084957d2f8d1c78e0fcd224,31.627634067886525,0.9299485683441162,0.12427506053331987,0.29680958252798006,0.16836876979151977,0.379951149225235,44.70097069601411
s1res,s1L3+qp47,1cba10ad9bb4ced57e42f7656c5f2a58d32dc6bad084957d2f8d1c78e0fcd224,30.54032272583372,0.9201678037643433,0.12858314981268157,0.2989691986331662,0.1761008422930264,0.4393453896045685,57.41800361312323
mbt,q1,2397c73f8feeb8f630fe055da5551c671794afae80528e8612dc62fc0cf61294,28.963936388421423,0.9616290926933289,0.23383172575165243,0.3022192688549266,0.16682939459295834,0.5192492008209229,82.54423026290594
mbt,q2,2397c73f8feeb8f630fe055da5551c671794afae80528e8612dc62fc0cf61294,10.831251426943599,0.6423331499099731,0.5384508011972203,0.536672961361268,0.31578898833078495,0.21666602790355682,5369.764237467448
mbt,q3,2397c73f8feeb8f630fe055da5551c671794afae80528e8612dc62fc0cf61294,32.594705543914216,0.9808239936828613,0.14622238438357324,0.23409400525338508,0.10761022462564356,0.5927312970161438,35.77748484892004
mbt,q4,2397c73f8feeb8f630fe055da5551c671794afae80528e8612dc62fc0cf61294,34.408243211973186,0.986205518245697,0.1124571511960205,0.20397860263200368,0.08269838673226973,0.6682177782058716,23.564381199257046
msillm,q1,2397c73f8feeb8f630fe055da5551c671794afae80528e8612dc62fc0cf61294,25.329595528406816,0.9201240539550781,0.11057838972877054,0.27825141601702746,0.112447428002077,0.5252946019172668,190.59908351524203
msillm,q2,2397c73f8feeb8f630fe055da5551c671794afae80528e8612dc62fc0cf61294,26.944201397667598,0.9469250440597534,0.07579880501417553,0.23627322364379377,0.08318391126744887,0.5528497099876404,131.4196242388557
msillm,q3,2397c73f8feeb8f630fe055da5551c671794afae80528e8612dc62fc0cf61294,28.892078177146328,0.9664597511291504,0.04733727031990009,0.18927457946188309,0.05606109587585225,0.7471926808357239,83.92136577531403
msillm,q4,2397c73f8feeb8f630fe055da5551c671794afae80528e8612dc62fc0cf61294,31.14650790485962,0.9809848666191101,0.029299461480010957,0.15027646286522642,0.03845426352585063,0.748866856098175,49.9378189386106
msillm,q5,2397c73f8feeb8f630fe055da5551c671794afae80528e8612dc62fc0cf61294,32.546304226745285,0.9862939715385437,0.021172559954335583,0.1301156974014114,0.027441907980862785,0.7663788199424744,36.17844848632812
s1res,s1L1,2397c73f8feeb8f630fe055da5551c671794afae80528e8612dc62fc0cf61294,19.49800599173128,0.690017580986023,0.3931103656835416,0.41287386189488806,0.3526733803398469,0.6784287095069885,729.927560005936
s1res,s1L2,2397c73f8feeb8f630fe055da5551c671794afae80528e8612dc62fc0cf61294,20.28143464647944,0.7584344744682312,0.2921471360851737,0.3537783285274225,0.27199393055018256,0.7255052328109741,609.4483368518306
s1res,s1L3,2397c73f8feeb8f630fe055da5551c671794afae80528e8612dc62fc0cf61294,21.272833903227564,0.8195409774780273,0.2046150959809037,0.2862864219967057,0.1973416179418564,0.7446802854537964,485.061684402765
s1res,s1L4,2397c73f8feeb8f630fe055da5551c671794afae80528e8612dc62fc0cf61294,22.166315877702534,0.8678542971611023,0.13427784519598765,0.21829190753838595,0.12690590269425336,0.7131452560424805,394.86512056238513
s1res,s1L5,2397c73f8feeb8f630fe055da5551c671794afae80528e8612dc62fc0cf61294,22.871409994182127,0.8966188430786133,0.0983421554460245,0.17520884148338262,0.08203922282246982,0.7617102265357971,335.69074000938264
s1res,s1L2+qp32,2397c73f8feeb8f630fe055da5551c671794afae80528e8612dc62fc0cf61294,29.072079323215704,0.959701657295227,0.11630724780261517,0.2692128920379807,0.12235835720511044,0.5718478560447693,80.51419007544423
s1res,s1L2+qp37,2397c73f8feeb8f630fe055da5551c671794afae80528e8612dc62fc0cf61294,26.151272417331477,0.9285508394241333,0.1784331035307225,0.3183406320126618,0.1709794603726443,0.5734836459159851,157.7440980200674
s1res,s1L2+qp42,2397c73f8feeb8f630fe055da5551c671794afae80528e8612dc62fc0cf61294,23.663666029364077,0.8789853453636169,0.24204332223709893,0.34868653740953,0.21124893584672141,0.5586907863616943,279.7137128044577
s1res,s1L2+qp47,2397c73f8feeb8f630fe055da5551c671794afae80528e8612dc62fc0cf61294,21.733902729584678,0.814078688621521,0.2873398193103426,0.3647994648446055,0.24190348001087414,0.6093631982803345,436.20444611194085
s1res,s1L3+qp32,2397c73f8feeb8f630fe055da5551c671794afae80528e8612dc62fc0cf61294,29.053706665882196,0.9606804847717285,0.09696516584166709,0.2360108148525743,0.1005825573907179,0.6618562936782837,80.85552368164062
s1res,s1L3+qp37,2397c73f8feeb8f630fe055da5551c671794afae80528e8612dc62fc0cf61294,26.123206598956877,0.9326459765434265,0.14249377726193738,0.2710591599783477,0.14177456743576947,0.5983298420906067,158.76680345722272
s1res,s1L3+qp42,2397c73f8feeb8f630fe055da5551c671794afae80528e8612dc62fc0cf61294,23.66745025117984,0.8874791860580444,0.18889730425880236,0.29657501078703824,0.16931230495957766,0.6190220713615417,279.47009061925553
s1res,s1L3+qp47,2397c73f8feeb8f630fe055da5551c671794afae80528e8612dc62fc0cf61294,21.907118923013446,0.8387684226036072,0.2066380803637645,0.29807850026032506,0.1919089599567301,0.7296099066734314,419.14903301164213
mbt,q1,2684452db505ddbbb53f42a3f3bcfe86fdd0d6d8d98c029db4b4c6fc1f55b750,29.30601038035668,0.9310898780822754,0.3133251503109932,0.41270528909038096,0.2151806957581464,0.6372052431106567,76.29205669328279
mbt,q2,2684452db505ddbbb53f42a3f3bcfe86fdd0d6d8d98c029db4b4c6fc1f55b750,30.866130868810217,0.9474470615386963,0.2635168100542882,0.368533591838444,0.1918714109589072,0.7061134576797485,53.268108293121934
mbt,q3,2684452db505ddbbb53f42a3f3bcfe86fdd0d6d8d98c029db4b4c6fc1f55b750,32.412871246253644,0.9613816142082214,0.2122729505686199,0.3264040470123291,0.16116604471907897,0.7672806978225708,37.30724989947151
mbt,q4,2684452db505ddbbb53f42a3f3bcfe86fdd0d6d8d98c029db4b4c6fc1f55b750,34.00276956271193,0.9732679128646851,0.15551932868273818,0.27640621017883804,0.12528477749403785,0.8221081495285034,25.870415541704965
msillm,q1,2684452db505ddbbb53f42a3f3bcfe86fdd0d6d8d98c029db4b4c6fc1f55b750,26.207115553639348,0.8795544505119324,0.141512442708892,0.33819412816973293,0.12031899410135606,0.8156014084815979,155.72875282437192
msillm,q2,2684452db505ddbbb53f42a3f3bcfe86fdd0d6d8d98c029db4b4c6fc1f55b750,27.6570049717188,0.9125048518180847,0.09616486663546632,0.29228925704956055,0.09438705707297605,0.8488510847091675,111.52695982689951
msillm,q3,2684452db505ddbbb53f42a3f3bcfe86fdd0d6d8d98c029db4b4c6fc1f55b750,29.500016459257182,0.9447346925735474,0.06404843723730129,0.23436841145157813,0.0684803438537261,0.8627218008041382,72.95897348441329
msillm,q4,2684452db505ddbbb53f42a3f3bcfe86fdd0d6d8d98c029db4b4c6fc1f55b750,31.76918039819831,0.9688410758972168,0.0371911853661432,0.17500133041073293,0.03834433993872474,0.8992045521736145,43.26755167643229
msillm,q5,2684452db505ddbbb53f42a3f3bcfe86fdd0d6d8d98c029db4b4c6fc1f55b750,33.07787239478378,0.9775278568267822,0.0271423350143082,0.1484016562866814,0.031395805758588455,0.8918627500534058,32.01054890950521
s1res,s1L1,2684452db505ddbbb53f42a3f3bcfe86fdd0d6d8d98c029db4b4c6fc1f55b750,19.676883449137527,0.6215721368789673,0.46582974125357235,0.5145986623623792,0.3631593371138853,0.640648603439331,700.4739936379825
s1res,s1L2,2684452db505ddbbb53f42a3f3bcfe86fdd0d6d8d98c029db4b4c6fc1f55b750,20.658231357150243,0.7104794383049011,0.33957829015219915,0.4392660949160071,0.27565187373582056,0.6660722494125366,558.8010650036382
s1res,s1L3,2684452db505ddbbb53f42a3f3bcfe86fdd0d6d8d98c029db4b4c6fc1f55b750,21.656732580667697,0.7840549945831299,0.23604639865019741,0.35240234215469923,0.20104399551363553,0.6077536344528198,444.024672684015
s1res,s1L4,2684452db505ddbbb53f42a3f3bcfe86fdd0d6d8d98c029db4b4c6fc1f55b750,22.77252202427686,0.8392362594604492,0.15800177130629034,0.27114030972999686,0.1303807134137434,0.648556113243103,343.42203584558825
s1res,s1L5,2684452db505ddbbb53f42a3f3bcfe86fdd0d6d8d98c029db4b4c6fc1f55b750,23.78336030905412,0.8796429634094238,0.11033437573077047,0.21535353011944713,0.08478678973282085,0.7921894192695618,272.10989200367646
s1res,s1L2+qp32,2684452db505ddbbb53f42a3f3bcfe86fdd0d6d8d98c029db4b4c6fc1f55b750,29.276439250948133,0.9278802871704102,0.15923765034360043,0.32043866953429057,0.12300926043706782,0.782285213470459,76.81330219343597
s1res,s1L2+qp37,2684452db505ddbbb53f42a3f3bcfe86fdd0d6d8d98c029db4b4c6fc1f55b750,26.562662611862038,0.8836195468902588,0.23239087896311986,0.3799671296687687,0.17006610193673302,0.6906733512878418,143.48751017252604
s1res,s1L2+qp42,2684452db505ddbbb53f42a3f3bcfe86fdd0d6d8d98c029db4b4c6fc1f55b750,24.08401559517404,0.8293084502220154,0.30255092996008254,0.4281337846727932,0.2096547032103819,0.3973826467990875,253.9094129375383
s1res,s1L2+qp47,2684452db505ddbbb53f42a3f3bcfe86fdd0d6d8d98c029db4b4c6fc1f55b750,22.272041550537097,0.7685998678207397,0.35006216422599906,0.4512927859145052,0.25574524437679963,0.4515029489994049,385.3684940113741
s1res,s1L3+qp32,2684452db505ddbbb53f42a3f3bcfe86fdd0d6d8d98c029db4b4c6fc1f55b750,29.267875089534815,0.9290186762809753,0.13311883982490091,0.28024991671828664,0.10485825450981365,0.8242828845977783,76.96492524988511
s1res,s1L3+qp37,2684452db505ddbbb53f42a3f3bcfe86fdd0d6d8d98c029db4b4c6fc1f55b750,26.57232175981306,0.8895870447158813,0.18400492091827533,0.3238284259596292,0.1411588174455306,0.7719957828521729,143.16873408298866
s1res,s1L3+qp42,2684452db505ddbbb53f42a3f3bcfe86fdd0d6d8d98c029db4b4c6fc1f55b750,24.206414001966326,0.847732424736023,0.22684737961081897,0.35641766278182757,0.17354955340132994,0.5888279676437378,246.85331325157017
s1res,s1L3+qp47,2684452db505ddbbb53f42a3f3bcfe86fdd0d6d8d98c029db4b4c6fc1f55b750,22.51109404219578,0.8053190112113953,0.24440662207848884,0.3644122688209309,0.19288388876353993,0.5241832137107849,364.72955489813114
mbt,q1,2a760bf1ccea6998be3890dcc2371b23f35fe3006562884b45bc534a621d5c12,35.67817785959082,0.9835729598999023,0.1809037429890756,0.19825628913682083,0.1246019976920095,0.7545052170753479,17.589867778208063
mbt,q2,2a760bf1ccea6998be3890dcc2371b23f35fe3006562884b45bc534a621d5c12,12.520794778550446,0.7879711985588074,0.3839380878569751,0.39818477784765177,0.2963215467231027,0.5592929124832153,3639.157760444729
mbt,q3,2a760bf1ccea6998be3890dcc2371b23f35fe3006562884b45bc534a621d5c12,40.240223735456254,0.9915210604667664,0.14498491630215068,0.15253699840656643,0.08753041152296395,0.7803617715835571,6.152590170673941
mbt,q4,2a760bf1ccea6998be3890dcc2371b23f35fe3006562884b45bc534a621d5c12,41.81853605862676,0.994277834892273,0.11300879720084626,0.12279159042598872,0.0660462317795589,0.8073477745056152,4.277861847274605
msillm,q1,2a760bf1ccea6998be3890dcc2371b23f35fe3006562884b45bc534a621d5c12,33.94704962261213,0.9829564094543457,0.04022133963760631,0.15029328290758462,0.07427096572415583,0.8061231970787048,26.20447110581672
msillm,q2,2a760bf1ccea6998be3890dcc2371b23f35fe3006562884b45bc534a621d5c12,36.170882389410984,0.9881169199943542,0.02324688139146772,0.15958878976003876,0.051618484073671804,0.8825647234916687,15.703343183144757
msillm,q3,2a760bf1ccea6998be3890dcc2371b23f35fe3006562884b45bc534a621d5c12,38.6415011608803,0.9930472373962402,0.015031532745744133,0.09412370326703992,0.03945955531350497,0.8824511766433716,8.890583082177173
msillm,q4,2a760bf1ccea6998be3890dcc2371b23f35fe3006562884b45bc534a621d5c12,40.90452064001858,0.9960744380950928,0.008043971241869289,0.0524690634860047,0.030156433068472762,0.8759323358535767,5.279931605547324
msillm,q5,2a760bf1ccea6998be3890dcc2371b23f35fe3006562884b45bc534a621d5c12,42.17475350683202,0.9965710639953613,0.006323401197983787,0.058676631189882755,0.025267327653950657,0.8725981712341309,3.9409870717717315
s1res,s1L1,2a760bf1ccea6998be3890dcc2371b23f35fe3006562884b45bc534a621d5c12,24.127001290864143,0.9274770021438599,0.2487536483797534,0.2272249988183893,0.2686195907921627,0.5372229814529419,251.40865913478808
s1res,s1L2,2a760bf1ccea6998be3890dcc2371b23f35fe3006562884b45bc534a621d5c12,26.306751954810377,0.9532274007797241,0.2001401287471426,0.19075125931151982,0.193398071774121,0.6841966509819031,152.19667526771283
s1res,s1L3,2a760bf1ccea6998be3890dcc2371b23f35fe3006562884b45bc534a621d5c12,27.982514178492174,0.9672229290008545,0.17121748369315576,0.15873469842662072,0.1502321727316955,0.7770414352416992,103.47345321479885
s1res,s1L4,2a760bf1ccea6998be3890dcc2371b23f35fe3006562884b45bc534a621d5c12,29.82195856977121,0.9778469800949097,0.13542241468254862,0.1174584513465906,0.1115219793443022,0.8730254173278809,67.74613198466685
s1res,s1L5,2a760bf1ccea6998be3890dcc2371b23f35fe3006562884b45bc534a621d5c12,31.304694190312375,0.9850491285324097,0.07563022045611308,0.06994210376307883,0.07154828412779446,0.8786987066268921,48.15162430686512
s1res,s1L2+qp32,2a760bf1ccea6998be3890dcc2371b23f35fe3006562884b45bc534a621d5c12,38.23427610446209,0.9862895011901855,0.15226407612449136,0.2004816178874723,0.10538137781208959,0.6898839473724365,9.764561620251886
s1res,s1L2+qp37,2a760bf1ccea6998be3890dcc2371b23f35fe3006562884b45bc534a621d5c12,35.22241313414861,0.9791268706321716,0.17151009195066733,0.21162282585583883,0.144409638026665,0.4853771924972534,19.536152982163703
s1res,s1L2+qp42,2a760bf1ccea6998be3890dcc2371b23f35fe3006562884b45bc534a621d5c12,32.16080072404824,0.969768762588501,0.18505573516775822,0.22160786056313023,0.1690715623312983,0.3706490695476532,39.53668826749955
s1res,s1L2+qp47,2a760bf1ccea6998be3890dcc2371b23f35fe3006562884b45bc534a621d5c12,28.95507517652603,0.9571026563644409,0.20085980088032526,0.23070065394557757,0.20089844023359232,0.3408268392086029,82.7128229250853
s1res,s1L3+qp32,2a760bf1ccea6998be3890dcc2371b23f35fe3006562884b45bc534a621d5c12,38.16133841314875,0.9871848821640015,0.14738719659889565,0.17549560501657682,0.09867390630574062,0.7560336589813232,9.929937603829922
s1res,s1L3+qp37,2a760bf1ccea6998be3890dcc2371b23f35fe3006562884b45bc534a621d5c12,35.215260153034784,0.9813030958175659,0.15849317212043137,0.17939748319572416,0.11930465184409043,0.6753760576248169,19.56835621800916
s1res,s1L3+qp42,2a760bf1ccea6998be3890dcc2371b23f35fe3006562884b45bc534a621d5c12,32.10373718654627,0.9742599725723267,0.16860809935064153,0.18171383003736363,0.1443781564975607,0.5848068594932556,40.059603110127064
s1res,s1L3+qp47,2a760bf1ccea6998be3890dcc2371b23f35fe3006562884b45bc534a621d5c12,29.071497492106907,0.9670284986495972,0.17271438163929972,0.18248221406648898,0.15890061495632962,0.6214050054550171,80.52497740997666
mbt,q1,4ebc0e6c463bcf8ada38673c268aae56d44864347fd74b81a9fb5659bf96a010,9.88490238776927,0.507856011390686,0.7956286851974095,0.6760849621366052,0.44398660607197704,0.18891963362693787,6677.134463321461
mbt,q2,4ebc0e6c463bcf8ada38673c268aae56d44864347fd74b81a9fb5659bf96a010,31.351641940595655,0.9488593935966492,0.4072572674821405,0.45537865363499697,0.19820401843856364,0.42598670721054077,47.63390287511489
mbt,q3,4ebc0e6c463bcf8ada38673c268aae56d44864347fd74b81a9fb5659bf96a010,32.29364228607433,0.9598665237426758,0.3888993146664956,0.47382057081250584,0.1805269172962974,0.5283250212669373,38.34565250172334
mbt,q4,4ebc0e6c463bcf8ada38673c268aae56d44864347fd74b81a9fb5659bf96a010,33.23882859053527,0.969554603099823,0.35996555567664257,0.4424478095243959,0.14846311807632445,0.6462101936340332,30.84590394263174
msillm,q1,4ebc0e6c463bcf8ada38673c268aae56d44864347fd74b81a9fb5659bf96a010,27.347343694860747,0.8601391315460205,0.12856506361242603,0.3300087870482136,0.10856122812804053,0.5578514337539673,119.76943239698222
msillm,q2,4ebc0e6c463bcf8ada38673c268aae56d44864347fd74b81a9fb5659bf96a010,28.75679578350553,0.915494441986084,0.09020774331601226,0.27171715366489746,0.07826269812443677,0.5610818266868591,86.57665106081495
msillm,q3,4ebc0e6c463bcf8ada38673c268aae56d44864347fd74b81a9fb5659bf96a010,30.027952942144186,0.9435275793075562,0.06234554443508387,0.24390914444537723,0.052537068374016706,0.6080091595649719,64.60781692804075
msillm,q4,4ebc0e6c463bcf8ada38673c268aae56d44864347fd74b81a9fb5659bf96a010,31.40025963731955,0.9628582000732422,0.04260325469076633,0.20805519262657446,0.035154548813315,0.6442416906356812,47.10363219018076
msillm,q5,4ebc0e6c463bcf8ada38673c268aae56d44864347fd74b81a9fb5659bf96a010,32.26952694735989,0.9701536893844604,0.03481447484672946,0.1934288409702918,0.03018970244071063,0.615208625793457,38.55916903626685
s1res,s1L1,4ebc0e6c463bcf8ada38673c268aae56d44864347fd74b81a9fb5659bf96a010,21.82176050187465,0.6822890043258667,0.3361434644635986,0.416116064041853,0.3079315381891587,0.7025958299636841,427.4686904009651
s1res,s1L2,4ebc0e6c463bcf8ada38673c268aae56d44864347fd74b81a9fb5659bf96a010,23.682391309701956,0.7531328201293945,0.24796675007571192,0.3787037901142064,0.22248982506639817,0.7634109258651733,278.51027999578736
s1res,s1L3,4ebc0e6c463bcf8ada38673c268aae56d44864347fd74b81a9fb5659bf96a010,25.015395964466624,0.8073314428329468,0.18271988119710894,0.3250528495101368,0.1482686591498992,0.672749400138855,204.89943668141083
s1res,s1L4,4ebc0e6c463bcf8ada38673c268aae56d44864347fd74b81a9fb5659bf96a010,25.992691090512558,0.8500069379806519,0.13626920057131964,0.2693775188835228,0.097556054241517,0.6518932580947876,163.6105301202512
s1res,s1L5,4ebc0e6c463bcf8ada38673c268aae56d44864347fd74b81a9fb5659bf96a010,26.658336377027602,0.8766369223594666,0.11258986445472521,0.2256521625115591,0.07555746576365302,0.6396965384483337,140.36108709597121
s1res,s1L2+qp32,4ebc0e6c463bcf8ada38673c268aae56d44864347fd74b81a9fb5659bf96a010,29.09424653927426,0.9218249320983887,0.15505715238259118,0.31452569553957266,0.1132182966260349,0.6251084804534912,80.10427736768536
s1res,s1L2+qp37,4ebc0e6c463bcf8ada38673c268aae56d44864347fd74b81a9fb5659bf96a010,27.27011936532087,0.8752901554107666,0.19302774735671632,0.3471457881962552,0.1478613308247398,0.5755355358123779,121.91816693474264
s1res,s1L2+qp42,4ebc0e6c463bcf8ada38673c268aae56d44864347fd74b81a9fb5659bf96a010,25.76611884827368,0.8142005801200867,0.22429532231215168,0.37439162222778094,0.19153086735921748,0.5074838995933533,172.37269670075062
s1res,s1L2+qp47,4ebc0e6c463bcf8ada38673c268aae56d44864347fd74b81a9fb5659bf96a010,24.81384026906528,0.7721314430236816,0.2507198502473971,0.3871118024868124,0.22299015697310953,0.5324600338935852,214.6329199697457
s1res,s1L3+qp32,4ebc0e6c463bcf8ada38673c268aae56d44864347fd74b81a9fb5659bf96a010,29.18308715465459,0.9236270189285278,0.12874135698246605,0.27816954364671426,0.09101004495340236,0.6166263222694397,78.48228616153493
s1res,s1L3+qp37,4ebc0e6c463bcf8ada38673c268aae56d44864347fd74b81a9fb5659bf96a010,27.446449843704297,0.8810132741928101,0.1557511687717017,0.3058664446367937,0.11690428467357859,0.6144357919692993,117.06723920036765
s1res,s1L3+qp42,4ebc0e6c463bcf8ada38673c268aae56d44864347fd74b81a9fb5659bf96a010,26.084883078392586,0.8315667510032654,0.17945435722084607,0.32773308315697836,0.14162673021064084,0.5182304978370667,160.17401170917586
s1res,s1L3+qp47,4ebc0e6c463bcf8ada38673c268aae56d44864347fd74b81a9fb5659bf96a010,25.443112032516826,0.8122655749320984,0.18788773353923768,0.3317007892710321,0.15085700224427617,0.5710612535476685,185.68172308229933
mbt,q1,50d13125b665e0c4c1673264807bfc3cc7a217819329696843fea4c69aff8b91,33.15177458956889,0.9625126123428345,0.0815089269897298,0.248490220965708,0.15081434249877929,0.6472516655921936,31.47044629863664
mbt,q2,50d13125b665e0c4c1673264807bfc3cc7a217819329696843fea4c69aff8b91,35.04546745161017,0.97389817237854,0.0599018840400009,0.22772929922622792,0.12165528851396898,0.7218286395072937,20.348556937423407
mbt,q3,50d13125b665e0c4c1673264807bfc3cc7a217819329696843fea4c69aff8b91,36.96160840093005,0.9853660464286804,0.03824337762609289,0.15692582250956227,0.10082585934330435,0.7911233305931091,13.089393406288297
mbt,q4,50d13125b665e0c4c1673264807bfc3cc7a217819329696843fea4c69aff8b91,39.04147446175289,0.9906684756278992,0.02640256401260986,0.13762506877674777,0.0784335360807531,0.8141626119613647,8.108357986749388
msillm,q1,50d13125b665e0c4c1673264807bfc3cc7a217819329696843fea4c69aff8b91,31.63924202271335,0.9743231534957886,0.027277186525744207,0.12409915654125678,0.07779082568252788,0.8036043643951416,44.58165211397059
msillm,q2,50d13125b665e0c4c1673264807bfc3cc7a217819329696843fea4c69aff8b91,32.507850073161904,0.978058934211731,0.023598681021180443,0.16537378999021124,0.07698982059955597,0.8146002888679504,36.50020919500613
msillm,q3,50d13125b665e0c4c1673264807bfc3cc7a217819329696843fea4c69aff8b91,33.66931961280089,0.9856383204460144,0.017080074644988653,0.14479137569872846,0.050743483971146974,0.8111115097999573,27.9349822399663
msillm,q4,50d13125b665e0c4c1673264807bfc3cc7a217819329696843fea4c69aff8b91,35.610655653159114,0.9921934604644775,0.010063558603654682,0.09571345321738216,0.02892659061095294,0.7977675795555115,17.86548437978707
msillm,q5,50d13125b665e0c4c1673264807bfc3cc7a217819329696843fea4c69aff8b91,36.91736953024307,0.9945828318595886,0.0072823811774844005,0.08523367241723463,0.026327528497752023,0.8047395348548889,13.223408298866422
s1res,s1L1,50d13125b665e0c4c1673264807bfc3cc7a217819329696843fea4c69aff8b91,25.288367709990162,0.9103244543075562,0.1154357082583695,0.17855873790788737,0.22890400535920086,0.4651165306568146,192.41706674613204
s1res,s1L2,50d13125b665e0c4c1673264807bfc3cc7a217819329696843fea4c69aff8b91,27.14372659618023,0.9392446279525757,0.08145020007227156,0.15525762816898245,0.17288556098937988,0.6115709543228149,125.51848862591912
s1res,s1L3,50d13125b665e0c4c1673264807bfc3cc7a217819329696843fea4c69aff8b91,28.39733468136459,0.9547988176345825,0.05334710491533895,0.12756115725903883,0.13322982402408826,0.7565222382545471,94.0474214441636
s1res,s1L4,50d13125b665e0c4c1673264807bfc3cc7a217819329696843fea4c69aff8b91,29.296552729553742,0.9652984142303467,0.03579451696714386,0.1030480429311009,0.09876884835607866,0.8002428412437439,76.45837928921569
s1res,s1L5,50d13125b665e0c4c1673264807bfc3cc7a217819329696843fea4c69aff8b91,30.054633933364112,0.9729337096214294,0.024094814958687708,0.08139595224604229,0.06664156230056988,0.8445874452590942,64.21211392271752
s1res,s1L2+qp32,50d13125b665e0c4c1673264807bfc3cc7a217819329696843fea4c69aff8b91,33.78641918299471,0.9808446168899536,0.033723067635368996,0.1420277096769389,0.09116815030574799,0.6885144710540771,27.19183038449755
s1res,s1L2+qp37,50d13125b665e0c4c1673264807bfc3cc7a217819329696843fea4c69aff8b91,31.308768689957525,0.9662815928459167,0.05112560192081968,0.15712566526113625,0.12794050241217894,0.6124106645584106,48.10647020526961
s1res,s1L2+qp42,50d13125b665e0c4c1673264807bfc3cc7a217819329696843fea4c69aff8b91,30.034781803314612,0.947935938835144,0.06416702529086786,0.17204837767297732,0.1670626468518201,0.5272428393363953,64.50630720549938
s1res,s1L2+qp47,50d13125b665e0c4c1673264807bfc3cc7a217819329696843fea4c69aff8b91,29.124461493103425,0.9364522695541382,0.0783761035048348,0.18341524838196005,0.18976838974391713,0.45390430092811584,79.5489060345818
s1res,s1L3+qp32,50d13125b665e0c4c1673264807bfc3cc7a217819329696843fea4c69aff8b91,33.83596433788586,0.9814340472221375,0.02722704792771872,0.12222312451340259,0.07520725341404186,0.7439743280410767,26.88338347790288
s1res,s1L3+qp37,50d13125b665e0c4c1673264807bfc3cc7a217819329696843fea4c69aff8b91,31.24953349259193,0.9694257974624634,0.04111623970709522,0.13482000574688702,0.11315283477306366,0.7265583872795105,48.76710911171109
s1res,s1L3+qp42,50d13125b665e0c4c1673264807bfc3cc7a217819329696843fea4c69aff8b91,29.78440432969115,0.9522525668144226,0.049534295355517635,0.14658484823782655,0.1490255743265152,0.6669024229049683,68.33448534198835
s1res,s1L3+qp47,50d13125b665e0c4c1673264807bfc3cc7a217819329696843fea4c69aff8b91,29.120096462908982,0.9433526992797852,0.05874181130407926,0.15083208898191944,0.16363178456530852,0.6155799627304077,79.62889966777726
mbt,q1,50fe4c3d47d864858e1aaa60fecef5c453b4e18d2b368718eeb5c1e249e0c902,26.070639426935397,0.9544491171836853,0.2919311160106718,0.3476675901515984,0.1581934212166586,0.3818127512931824,160.70020033596964
mbt,q2,50fe4c3d47d864858e1aaa60fecef5c453b4e18d2b368718eeb5c1e249e0c902,27.811382549597894,0.9701167941093445,0.23177002103608332,0.29186242699255177,0.12536740762951934,0.507747232913971,107.63217238437983
mbt,q3,50fe4c3d47d864858e1aaa60fecef5c453b4e18d2b368718eeb5c1e249e0c902,29.52867023508107,0.980493426322937,0.167371647823372,0.2339650463818768,0.09105235632554984,0.6310795545578003,72.47919103049448
mbt,q4,50fe4c3d47d864858e1aaa60fecef5c453b4e18d2b368718eeb5c1e249e0c902,31.410855802745694,0.9877346754074097,0.1056919649105381,0.17502238353093466,0.0613736637212612,0.7638006806373596,46.98884613916216
msillm,q1,50fe4c3d47d864858e1aaa60fecef5c453b4e18d2b368718eeb5c1e249e0c902,22.700531856579612,0.8988901376724243,0.16788079125093824,0.35890429089834663,0.1295667193186136,0.2921091616153717,349.1621630005385
msillm,q2,50fe4c3d47d864858e1aaa60fecef5c453b4e18d2b368718eeb5c1e249e0c902,24.198601169574623,0.9311210513114929,0.11775731329840643,0.3059623258901231,0.10171290349077296,0.42651379108428955,247.2977949228797
msillm,q3,50fe4c3d47d864858e1aaa60fecef5c453b4e18d2b368718eeb5c1e249e0c902,25.7616168893123,0.9559206962585449,0.07469808944949398,0.23717133631860768,0.06294572003829627,0.6741005778312683,172.55147335853107
msillm,q4,50fe4c3d47d864858e1aaa60fecef5c453b4e18d2b368718eeb5c1e249e0c902,27.734856224387027,0.9759635925292969,0.043651821413709796,0.1698285656762712,0.040462500887152586,0.8564400672912598,109.5455495575328
msillm,q5,50fe4c3d47d864858e1aaa60fecef5c453b4e18d2b368718eeb5c1e249e0c902,29.398169269687557,0.9845786094665527,0.028294066099426998,0.13082888887988198,0.026531383947089867,0.8916701674461365,74.690167587971
s1res,s1L1,50fe4c3d47d864858e1aaa60fecef5c453b4e18d2b368718eeb5c1e249e0c902,14.961489834381801,0.4559043049812317,0.5044718404059056,0.5744855786547248,0.36434032556451396,0.6340555548667908,2074.585687707972
s1res,s1L2,50fe4c3d47d864858e1aaa60fecef5c453b4e18d2b368718eeb5c1e249e0c902,16.55044071747492,0.6388482451438904,0.36154738436510536,0.4696486171932868,0.25756955496322964,0.45247021317481995,1438.9188075438449
s1res,s1L3,50fe4c3d47d864858e1aaa60fecef5c453b4e18d2b368718eeb5c1e249e0c902,18.216224163764142,0.7573415040969849,0.24588167713380155,0.3669882829726478,0.1719267922051159,0.5685397982597351,980.5233593850469
s1res,s1L4,50fe4c3d47d864858e1aaa60fecef5c453b4e18d2b368718eeb5c1e249e0c902,19.514814316045868,0.8236074447631836,0.18227046484380593,0.2956917841493348,0.11353544835691098,0.7332922220230103,727.1080105000563
s1res,s1L5,50fe4c3d47d864858e1aaa60fecef5c453b4e18d2b368718eeb5c1e249e0c902,20.517603919312197,0.8651275634765625,0.14347227800775458,0.25166864532195493,0.07693819462517161,0.820467472076416,577.1915559493956
s1res,s1L2+qp32,50fe4c3d47d864858e1aaa60fecef5c453b4e18d2b368718eeb5c1e249e0c902,25.525561724589025,0.9508724212646484,0.13227593114622582,0.28073761244246986,0.09520416219293336,0.6576262712478638,182.18985424905156
s1res,s1L2+qp37,50fe4c3d47d864858e1aaa60fecef5c453b4e18d2b368718eeb5c1e249e0c902,22.77511809991681,0.9079545736312866,0.20496715467285226,0.35448530233568615,0.13469572365283966,0.595229983329773,343.2168103127813
s1res,s1L2+qp42,50fe4c3d47d864858e1aaa60fecef5c453b4e18d2b368718eeb5c1e249e0c902,20.49725193443791,0.8439981937408447,0.27762553564928194,0.41369778175412875,0.16472177961726248,0.5561714768409729,579.9027488928273
s1res,s1L2+qp47,50fe4c3d47d864858e1aaa60fecef5c453b4e18d2b368718eeb5c1e249e0c902,18.649186666064764,0.7593671679496765,0.33622183439172343,0.45771587511271605,0.20177201209244905,0.5044957399368286,887.4863748432678
s1res,s1L3+qp32,50fe4c3d47d864858e1aaa60fecef5c453b4e18d2b368718eeb5c1e249e0c902,25.612263757042257,0.95252525806427,0.10735366412978849,0.25077756503481924,0.07835110911616573,0.7136080265045166,178.5887037991496
s1res,s1L3+qp37,50fe4c3d47d864858e1aaa60fecef5c453b4e18d2b368718eeb5c1e249e0c902,22.86995455867315,0.9110883474349976,0.16952447344859442,0.31179599795076585,0.10886240704559985,0.6325914263725281,335.8032576949508
s1res,s1L3+qp42,50fe4c3d47d864858e1aaa60fecef5c453b4e18d2b368718eeb5c1e249e0c902,20.626601680111815,0.8526821136474609,0.22370237351199726,0.35632348989630924,0.13652072828493,0.6576472520828247,562.8856704774707
s1res,s1L3+qp47,50fe4c3d47d864858e1aaa60fecef5c453b4e18d2b368718eeb5c1e249e0c902,19.107689020446635,0.7927756309509277,0.2490247913900717,0.37353850054888077,0.15462803491103796,0.5948147177696228,798.5671827528212
mbt,q1,581048154e3c4b579c79155742dcf643c18b9bb47782aca7f0768eff185bc32e,26.368420180595848,0.9129952192306519,0.48198085450209105,0.5116107616123262,0.2334382055879949,0.16618917882442474,150.0508095318581
mbt,q2,581048154e3c4b579c79155742dcf643c18b9bb47782aca7f0768eff185bc32e,27.84914397099719,0.9405686855316162,0.39278249811012667,0.4546399515244987,0.19326646036499148,0.23264485597610474,106.70037942404275
mbt,q3,581048154e3c4b579c79155742dcf643c18b9bb47782aca7f0768eff185bc32e,29.398887494950824,0.9591097831726074,0.30108686728955625,0.39414779866462224,0.1561928289932209,0.3173145055770874,74.67781653771034
mbt,q4,581048154e3c4b579c79155742dcf643c18b9bb47782aca7f0768eff185bc32e,31.094212875213483,0.9734072685241699,0.21007651422213722,0.32288771802252464,0.11302008340646932,0.38935649394989014,50.542773907001205
msillm,q1,581048154e3c4b579c79155742dcf643c18b9bb47782aca7f0768eff185bc32e,23.219281975221367,0.8150265216827393,0.2177296876497976,0.4433010554575658,0.1514727126111041,0.19503216445446014,309.8504729218535
msillm,q2,581048154e3c4b579c79155742dcf643c18b9bb47782aca7f0768eff185bc32e,24.615295823551104,0.8743723630905151,0.16140750398511414,0.38617030784978973,0.12284946343400976,0.20431165397167206,224.67294523916837
msillm,q3,581048154e3c4b579c79155742dcf643c18b9bb47782aca7f0768eff185bc32e,25.962758917079924,0.9182159304618835,0.11463847486199913,0.3235221985768486,0.08732794667338277,0.3301752209663391,164.74205123286544
msillm,q4,581048154e3c4b579c79155742dcf643c18b9bb47782aca7f0768eff185bc32e,27.860163810610686,0.9549965262413025,0.0745766699559741,0.2494891895042671,0.05589499136248788,0.330232173204422,106.4299798203912
msillm,q5,581048154e3c4b579c79155742dcf643c18b9bb47782aca7f0768eff185bc32e,29.226723032758155,0.9699273109436035,0.053193647312102736,0.20727587970239775,0.0408424307684322,0.3635420799255371,77.6976811335637
s1res,s1L1,581048154e3c4b579c79155742dcf643c18b9bb47782aca7f0768eff185bc32e,17.637668011729495,0.453170508146286,0.5811081047241504,0.5899781588014665,0.39856019288628963,0.7328842878341675,1120.2464070861593
s1res,s1L2,581048154e3c4b579c79155742dcf643c18b9bb47782aca7f0768eff185bc32e,18.82583446952922,0.5814592242240906,0.4240402047123228,0.5186919676406043,0.28494581416413023,0.6459428668022156,852.1124562693166
s1res,s1L3,581048154e3c4b579c79155742dcf643c18b9bb47782aca7f0768eff185bc32e,19.91091050614413,0.6819404363632202,0.2938498188997363,0.4259350958106282,0.1792393107335646,0.45752179622650146,663.7267331972226
s1res,s1L4,581048154e3c4b579c79155742dcf643c18b9bb47782aca7f0768eff185bc32e,20.78520097534565,0.7473993301391602,0.22263335911454735,0.3606287152557583,0.12235462780182178,0.4450748860836029,542.7005520216275
s1res,s1L5,581048154e3c4b579c79155742dcf643c18b9bb47782aca7f0768eff185bc32e,21.456509108782,0.7883443832397461,0.18502557007493553,0.3203808800368519,0.0996802120090841,0.5297502279281616,464.97483607700894
s1res,s1L2+qp32,581048154e3c4b579c79155742dcf643c18b9bb47782aca7f0768eff185bc32e,25.529894863488927,0.9045054316520691,0.23064269788645125,0.37253104870790965,0.11319339471858936,0.22755447030067444,182.00816641447744
s1res,s1L2+qp37,581048154e3c4b579c79155742dcf643c18b9bb47782aca7f0768eff185bc32e,23.160098833785963,0.82965487241745,0.33496964362623927,0.445599244927967,0.16322934529283545,0.29664289951324463,314.10183782891914
s1res,s1L2+qp42,581048154e3c4b579c79155742dcf643c18b9bb47782aca7f0768eff185bc32e,21.256755242312696,0.7271369695663452,0.3999722865256634,0.49774028344468757,0.2081976293862521,0.4333406388759613,486.86083168337194
s1res,s1L2+qp47,581048154e3c4b579c79155742dcf643c18b9bb47782aca7f0768eff185bc32e,20.009651101211155,0.6438063383102417,0.42837993587766376,0.5213885259006049,0.24271818913601256,0.44482362270355225,648.8065875266498
s1res,s1L3+qp32,581048154e3c4b579c79155742dcf643c18b9bb47782aca7f0768eff185bc32e,25.46649063037236,0.9047462344169617,0.19865605660847255,0.34087451973131727,0.10063451954296657,0.2318751960992813,184.68486140324518
s1res,s1L3+qp37,581048154e3c4b579c79155742dcf643c18b9bb47782aca7f0768eff185bc32e,23.130654622753507,0.8339575529098511,0.27890486176033596,0.40023275898708094,0.13764274971825735,0.2325691133737564,316.23861448406734
s1res,s1L3+qp42,581048154e3c4b579c79155742dcf643c18b9bb47782aca7f0768eff185bc32e,21.319117701843968,0.7476611137390137,0.30198470711871817,0.42812243030293956,0.16014689223451928,0.29790958762168884,479.91971462375517
s1res,s1L3+qp47,581048154e3c4b579c79155742dcf643c18b9bb47782aca7f0768eff185bc32e,20.438422379808294,0.7003771662712097,0.29619725977817735,0.4286117665060274,0.16749815151586636,0.31868451833724976,587.8115602150941
mbt,q1,608cb09e6ffc66d4bc838d4088bf4c0ab889d7e83d4f5d78805cbc4497e432a1,8.001577488086937,0.19178470969200134,0.8951328414327958,0.7457409901361839,0.4000437408685684,0.1442924588918686,10302.025299072266
mbt,q2,608cb09e6ffc66d4bc838d4088bf4c0ab889d7e83d4f5d78805cbc4497e432a1,28.28834939793107,0.9472500085830688,0.2847915517494959,0.3555573791849847,0.15960846636809556,0.29316967725753784,96.437384013257
mbt,q3,608cb09e6ffc66d4bc838d4088bf4c0ab889d7e83d4f5d78805cbc4497e432a1,10.3507732884081,0.5449565649032593,0.6792895598154441,0.6359999621031331,0.32045570834010256,0.10848024487495422,5997.952637117673
mbt,q4,608cb09e6ffc66d4bc838d4088bf4c0ab889d7e83d4f5d78805cbc4497e432a1,8.346223810287716,0.3392726182937622,0.8749851333160027,0.743410216534839,0.3776986029218225,0.15187789499759674,9516.077708524816
msillm,q1,608cb09e6ffc66d4bc838d4088bf4c0ab889d7e83d4f5d78805cbc4497e432a1,23.622412191798254,0.8472396731376648,0.17974384348182118,0.3789708529617272,0.13874724390459994,0.16383987665176392,282.38338615068426
msillm,q2,608cb09e6ffc66d4bc838d4088bf4c0ab889d7e83d4f5d78805cbc4497e432a1,25.223276749882203,0.8989090323448181,0.11805308325325742,0.31176823691702354,0.10583378374576569,0.15414781868457794,195.32268509210326
msillm,q3,608cb09e6ffc66d4bc838d4088bf4c0ab889d7e83d4f5d78805cbc4497e432a1,26.786768741373855,0.9338996410369873,0.07362215325017185,0.2444308880789607,0.06948559103058834,0.21235515177249908,136.2710137460746
msillm,q4,608cb09e6ffc66d4bc838d4088bf4c0ab889d7e83d4f5d78805cbc4497e432a1,28.691453972494276,0.9611234664916992,0.04292027798353457,0.18254449430341815,0.042145854410003215,0.3290458917617798,87.889089148029
msillm,q5,608cb09e6ffc66d4bc838d4088bf4c0ab889d7e83d4f5d78805cbc4497e432a1,30.060848200156343,0.972354531288147,0.02922975538554145,0.1521605641088065,0.031405888936098886,0.30640116333961487,64.12029929566228
s1res,s1L1,608cb09e6ffc66d4bc838d4088bf4c0ab889d7e83d4f5d78805cbc4497e432a1,17.230290654676704,0.45406073331832886,0.629276108946286,0.606666571515448,0.42838025589783985,0.4917018711566925,1230.4140889286216
s1res,s1L2,608cb09e6ffc66d4bc838d4088bf4c0ab889d7e83d4f5d78805cbc4497e432a1,18.429021843182248,0.5895886421203613,0.4462624306918359,0.5133339222155365,0.3026179498901554,0.3153030574321747,933.63726248149
s1res,s1L3,608cb09e6ffc66d4bc838d4088bf4c0ab889d7e83d4f5d78805cbc4497e432a1,19.805694264931535,0.709075927734375,0.28625483967948195,0.4013855593169437,0.19837259954097225,0.2508484423160553,680.0031654507507
s1res,s1L4,608cb09e6ffc66d4bc838d4088bf4c0ab889d7e83d4f5d78805cbc4497e432a1,21.061886274365502,0.7858099341392517,0.19050648351948635,0.30768778657211976,0.1240149166654138,0.3361320495605469,509.2039142683441
s1res,s1L5,608cb09e6ffc66d4bc838d4088bf4c0ab889d7e83d4f5d78805cbc4497e432a1,21.961612363384774,0.8286105394363403,0.14843289937604875,0.2589917687662676,0.08980736691577762,0.36833202838897705,413.9225858800551
s1res,s1L2+qp32,608cb09e6ffc66d4bc838d4088bf4c0ab889d7e83d4f5d78805cbc4497e432a1,26.969620782649486,0.926025390625,0.14149349646679327,0.31892745313691157,0.1218301069502737,0.287612646818161,130.65266797433492
s1res,s1L2+qp37,608cb09e6ffc66d4bc838d4088bf4c0ab889d7e83d4f5d78805cbc4497e432a1,24.54582198717375,0.8744020462036133,0.22031885370904325,0.38548757457265664,0.17118645970727883,0.3151935040950775,228.2959263620813
s1res,s1L2+qp42,608cb09e6ffc66d4bc838d4088bf4c0ab889d7e83d4f5d78805cbc4497e432a1,22.34471207136967,0.7957725524902344,0.3121599481970656,0.44349877726213605,0.2235470890414481,0.4219886064529419,378.97377143809996
s1res,s1L2+qp47,608cb09e6ffc66d4bc838d4088bf4c0ab889d7e83d4f5d78805cbc4497e432a1,20.4701182852266,0.6978495121002197,0.39191098226343885,0.4839720100748773,0.26794500123052034,0.40583109855651855,583.537180084029
s1res,s1L3+qp32,608cb09e6ffc66d4bc838d4088bf4c0ab889d7e83d4f5d78805cbc4497e432a1,27.062976267199502,0.9284834861755371,0.11725560279891771,0.27947063167013375,0.09755057476314843,0.19829466938972473,127.87414241616243
s1res,s1L3+qp37,608cb09e6ffc66d4bc838d4088bf4c0ab889d7e83d4f5d78805cbc4497e432a1,24.619901310041396,0.880943775177002,0.1788426960873253,0.33566477909392,0.13928490818715564,0.21000665426254272,224.43481654746859
s1res,s1L3+qp42,608cb09e6ffc66d4bc838d4088bf4c0ab889d7e83d4f5d78805cbc4497e432a1,22.45417939127801,0.8139232397079468,0.23794017100304948,0.3756955480750869,0.173421663980858,0.286604642868042,369.54082304511974
s1res,s1L3+qp47,608cb09e6ffc66d4bc838d4088bf4c0ab889d7e83d4f5d78805cbc4497e432a1,20.848659116660336,0.7470900416374207,0.27626006809227605,0.39855719503818776,0.19526509648444607,0.2803405821323395,534.8283857956432
mbt,q1,79b1bb29124f590c2e99e6c71c18affe25115d594a821cadc58bf24bf94dae8d,24.86767556841293,0.9408203959465027,0.2231765702366829,0.3491603970527649,0.16088072657585145,0.4619385004043579,211.9887451171875
mbt,q2,79b1bb29124f590c2e99e6c71c18affe25115d594a821cadc58bf24bf94dae8d,6.691973032599655,0.2905450761318207,0.8386477082967758,0.7174924373626709,0.41634702384471894,0.21270310878753662,13927.81718381246
mbt,q3,79b1bb29124f590c2e99e6c71c18affe25115d594a821cadc58bf24bf94dae8d,28.743271995296222,0.9681681990623474,0.1258359204977751,0.270064540207386,0.11202157735824585,0.6799147129058838,86.84666811625162
mbt,q4,79b1bb29124f590c2e99e6c71c18affe25115d594a821cadc58bf24bf94dae8d,30.548935409010276,0.9761731028556824,0.10000614076852798,0.241155044734478,0.09211042821407318,0.7066929340362549,57.30424830118815
msillm,q1,79b1bb29124f590c2e99e6c71c18affe25115d594a821cadc58bf24bf94dae8d,22.22238105889996,0.8942346572875977,0.11406171321868896,0.31443636268377306,0.11188920438289643,0.5287190079689026,389.800377146403
msillm,q2,79b1bb29124f590c2e99e6c71c18affe25115d594a821cadc58bf24bf94dae8d,23.486784792886052,0.9188051223754883,0.07998940907418728,0.2780527412891388,0.09782978594303131,0.5628052949905396,291.3411844889323
msillm,q3,79b1bb29124f590c2e99e6c71c18affe25115d594a821cadc58bf24bf94dae8d,25.038047101706006,0.9417176246643066,0.048931902088224885,0.22238489240407944,0.06124414503574371,0.6444762349128723,203.83354174296062
msillm,q4,79b1bb29124f590c2e99e6c71c18affe25115d594a821cadc58bf24bf94dae8d,26.716690162801324,0.9594823122024536,0.03251064363867044,0.17960424944758416,0.044926831126213075,0.6569952964782715,138.48774528503418
msillm,q5,79b1bb29124f590c2e99e6c71c18affe25115d594a821cadc58bf24bf94dae8d,27.96363938414283,0.9690806269645691,0.023028696514666082,0.15584230236709118,0.03397074639797211,0.6291030645370483,103.92413597106933
s1res,s1L1,79b1bb29124f590c2e99e6c71c18affe25115d594a821cadc58bf24bf94dae8d,15.80954358979088,0.6176866888999939,0.41702443510293963,0.48347354382276536,0.32021833658218385,0.7315053939819336,1706.5774466196697
s1res,s1L2,79b1bb29124f590c2e99e6c71c18affe25115d594a821cadc58bf24bf94dae8d,16.83337542436947,0.708753764629364,0.28739567548036576,0.4059244468808174,0.23186443746089935,0.6778141856193542,1348.1642869313557
s1res,s1L3,79b1bb29124f590c2e99e6c71c18affe25115d594a821cadc58bf24bf94dae8d,17.912014254950826,0.783390998840332,0.18829980343580247,0.3199076563119888,0.16096829175949096,0.6739848852157593,1051.6686681111653
s1res,s1L4,79b1bb29124f590c2e99e6c71c18affe25115d594a821cadc58bf24bf94dae8d,18.936652896839878,0.8358832597732544,0.13070154674351214,0.2535401165485382,0.10833705067634583,0.7508683204650879,830.6442654927572
s1res,s1L5,79b1bb29124f590c2e99e6c71c18affe25115d594a821cadc58bf24bf94dae8d,19.78884636796834,0.8698121309280396,0.09907138682901859,0.21135205030441284,0.08163254261016846,0.7834756970405579,682.6462739308676
s1res,s1L2+qp32,79b1bb29124f590c2e99e6c71c18affe25115d594a821cadc58bf24bf94dae8d,26.297182622640673,0.9436917304992676,0.06911251731216908,0.24022534340620041,0.08674164712429047,0.653050422668457,152.53239822387695
s1res,s1L2+qp37,79b1bb29124f590c2e99e6c71c18affe25115d594a821cadc58bf24bf94dae8d,23.148701380193884,0.9095861911773682,0.12273671813309192,0.30337577909231184,0.12833316028118133,0.5745547413825989,314.92723693847654
s1res,s1L2+qp42,79b1bb29124f590c2e99e6c71c18affe25115d594a821cadc58bf24bf94dae8d,20.584349866645116,0.8599430918693542,0.1841371051967144,0.35519135892391207,0.16749484837055206,0.6370360851287842,568.3886201222738
s1res,s1L2+qp47,79b1bb29124f590c2e99e6c71c18affe25115d594a821cadc58bf24bf94dae8d,18.56509691597944,0.7913421392440796,0.24876163601875306,0.39147951900959016,0.20946748554706573,0.6810029745101929,904.8376627604167
s1res,s1L3+qp32,79b1bb29124f590c2e99e6c71c18affe25115d594a821cadc58bf24bf94dae8d,26.476291951841638,0.9460090398788452,0.05480821412056684,0.210713954269886,0.07312877774238587,0.6402482390403748,146.36969426472982
s1res,s1L3+qp37,79b1bb29124f590c2e99e6c71c18affe25115d594a821cadc58bf24bf94dae8d,23.321255083278956,0.9144055247306824,0.09547481760382652,0.2608928769826889,0.10353957116603851,0.6352851986885071,302.6598779042562
s1res,s1L3+qp42,79b1bb29124f590c2e99e6c71c18affe25115d594a821cadc58bf24bf94dae8d,20.6988729397288,0.8686646223068237,0.14235782995820045,0.2992509096860886,0.13552255034446717,0.6515370011329651,553.5961573282877
s1res,s1L3+qp47,79b1bb29124f590c2e99e6c71c18affe25115d594a821cadc58bf24bf94dae8d,18.87066352437252,0.8163217306137085,0.1765866495668888,0.3203292921185493,0.1639479488134384,0.676476776599884,843.3619604746501
mbt,q1,8426ed2245c791232862b0a0b2a62a1f17031e8e6e38921fe939df0b3a05ac41,9.595189739103906,0.4873519539833069,0.809044498950243,0.6775525696575642,0.5373138003051281,0.14862404763698578,7137.750891685486
mbt,q2,8426ed2245c791232862b0a0b2a62a1f17031e8e6e38921fe939df0b3a05ac41,37.68211207200535,0.968906581401825,0.2888853205367923,0.38196627981960773,0.2187056802213192,0.18923911452293396,11.088406880696615
mbt,q3,8426ed2245c791232862b0a0b2a62a1f17031e8e6e38921fe939df0b3a05ac41,38.87945494423749,0.9741051197052002,0.2803497388958931,0.39059546031057835,0.20613330230116844,0.24083319306373596,8.416564702987671
mbt,q4,8426ed2245c791232862b0a0b2a62a1f17031e8e6e38921fe939df0b3a05ac41,40.001703123316574,0.9788374900817871,0.2650258280336857,0.39316012524068356,0.18404120206832886,0.3218880295753479,6.499950488408406
msillm,q1,8426ed2245c791232862b0a0b2a62a1f17031e8e6e38921fe939df0b3a05ac41,34.86182593346412,0.9466585516929626,0.06918701785616577,0.27999917324632406,0.08804423734545708,0.30084285140037537,21.227447112401325
msillm,q2,8426ed2245c791232862b0a0b2a62a1f17031e8e6e38921fe939df0b3a05ac41,36.00293630981589,0.9575504660606384,0.05046040890738368,0.2527165375649929,0.060441937297582626,0.23868967592716217,16.322501977284748
msillm,q3,8426ed2245c791232862b0a0b2a62a1f17031e8e6e38921fe939df0b3a05ac41,37.49514965265602,0.9698413610458374,0.03659924678504467,0.21949436236172915,0.04521844908595085,0.21586959064006805,11.576183319091797
msillm,q4,8426ed2245c791232862b0a0b2a62a1f17031e8e6e38921fe939df0b3a05ac41,39.27591469695157,0.9802088737487793,0.026400815462693572,0.1848157960921526,0.02916703000664711,0.28028514981269836,7.682258049647014
msillm,q5,8426ed2245c791232862b0a0b2a62a1f17031e8e6e38921fe939df0b3a05ac41,40.06415542712808,0.9828335046768188,0.024339493014849722,0.17681595962494612,0.025345657020807266,0.18955332040786743,6.407148917516072
s1res,s1L1,8426ed2245c791232862b0a0b2a62a1f17031e8e6e38921fe939df0b3a05ac41,27.594342474712384,0.8686554431915283,0.2083876351825893,0.360620629042387,0.3026783876121044,0.5085614919662476,113.14779980977376
s1res,s1L2,8426ed2245c791232862b0a0b2a62a1f17031e8e6e38921fe939df0b3a05ac41,29.777826300505595,0.9038926362991333,0.16542624216526747,0.3349750079214573,0.2422809712588787,0.5039652585983276,68.43806640307109
s1res,s1L3,8426ed2245c791232862b0a0b2a62a1f17031e8e6e38921fe939df0b3a05ac41,31.773538774303937,0.9277418851852417,0.11262131901457906,0.27999838814139366,0.1647627167403698,0.41816338896751404,43.224152167638145
s1res,s1L4,8426ed2245c791232862b0a0b2a62a1f17031e8e6e38921fe939df0b3a05ac41,33.29758090567027,0.943337619304657,0.08150022407062352,0.23525522742420435,0.11593233048915863,0.3927759826183319,30.431423664093018
s1res,s1L5,8426ed2245c791232862b0a0b2a62a1f17031e8e6e38921fe939df0b3a05ac41,34.76466202964428,0.9540619850158691,0.06046300893649459,0.20030662044882774,0.08252451941370964,0.39556369185447693,21.707717339197796
s1res,s1L2+qp32,8426ed2245c791232862b0a0b2a62a1f17031e8e6e38921fe939df0b3a05ac41,36.089753729179904,0.9531976580619812,0.11393273179419339,0.31002085842192173,0.15459973737597466,0.2965392470359802,15.999447584152222
s1res,s1L2+qp37,8426ed2245c791232862b0a0b2a62a1f17031e8e6e38921fe939df0b3a05ac41,34.66229457098184,0.9399265050888062,0.13499164814129472,0.3375002108514309,0.20135439187288284,0.26335304975509644,22.225467443466187
s1res,s1L2+qp42,8426ed2245c791232862b0a0b2a62a1f17031e8e6e38921fe939df0b3a05ac41,33.25110415652389,0.9256154894828796,0.1565346708521247,0.36339464969933033,0.23637471720576286,0.2515406906604767,30.75883944829305
s1res,s1L2+qp47,8426ed2245c791232862b0a0b2a62a1f17031e8e6e38921fe939df0b3a05ac41,31.63262686770424,0.9115452170372009,0.17356697656214237,0.36324567906558514,0.2517794445157051,0.2806003987789154,44.64961043993632
s1res,s1L3+qp32,8426ed2245c791232862b0a0b2a62a1f17031e8e6e38921fe939df0b3a05ac41,36.125717150186254,0.954605758190155,0.09023065632209182,0.2686107847839594,0.12449847534298897,0.3064191937446594,15.867505073547363
s1res,s1L3+qp37,8426ed2245c791232862b0a0b2a62a1f17031e8e6e38921fe939df0b3a05ac41,34.812029958699526,0.9443456530570984,0.1043772529810667,0.2849826719611883,0.15636074915528297,0.2871796488761902,21.472240606943767
s1res,s1L3+qp42,8426ed2245c791232862b0a0b2a62a1f17031e8e6e38921fe939df0b3a05ac41,33.64215623413277,0.9352490901947021,0.11446504923515022,0.293921634554863,0.17163881659507751,0.2712434232234955,28.110251903533936
s1res,s1L3+qp47,8426ed2245c791232862b0a0b2a62a1f17031e8e6e38921fe939df0b3a05ac41,32.3320171320325,0.928902268409729,0.11998421605676413,0.2917391201481223,0.16868102923035622,0.32767102122306824,38.008317708969116
mbt,q1,86127fbdb368eb28c3039cf61aff1c4cfdc4ade24070c8f2389968d5ead681e1,25.90553780893584,0.9388200640678406,0.2643673471251472,0.3933365762722297,0.18677218282809022,0.5892128348350525,166.92699678348063
mbt,q2,86127fbdb368eb28c3039cf61aff1c4cfdc4ade24070c8f2389968d5ead681e1,27.680751387876427,0.9596590995788574,0.19905635036650252,0.3336328442712299,0.15551105410349172,0.6789922714233398,110.91881523757685
mbt,q3,86127fbdb368eb28c3039cf61aff1c4cfdc4ade24070c8f2389968d5ead681e1,29.377583465422124,0.9731411933898926,0.14417641231271086,0.28354850582412033,0.12429548995416673,0.7693712711334229,75.04504361178705
mbt,q4,86127fbdb368eb28c3039cf61aff1c4cfdc4ade24070c8f2389968d5ead681e1,13.604985405401937,0.7329496145248413,0.43755307940186045,0.583051862531021,0.31460009271004163,0.3294414281845093,2835.1877276311156
msillm,q1,86127fbdb368eb28c3039cf61aff1c4cfdc4ade24070c8f2389968d5ead681e1,22.802170766486277,0.8577062487602234,0.1591040087161494,0.4045025226278383,0.17187232414229972,0.6000766754150391,341.0855210934832
msillm,q2,86127fbdb368eb28c3039cf61aff1c4cfdc4ade24070c8f2389968d5ead681e1,24.427433144905084,0.908653199672699,0.10536889240267824,0.3327909918105016,0.12938547696246475,0.5799030065536499,234.6048825790322
msillm,q3,86127fbdb368eb28c3039cf61aff1c4cfdc4ade24070c8f2389968d5ead681e1,25.941725750891294,0.9399754405021667,0.0689454872893994,0.27440906145045013,0.08588827071619816,0.7034070491790771,165.5418429348638
msillm,q4,86127fbdb368eb28c3039cf61aff1c4cfdc4ade24070c8f2389968d5ead681e1,27.88798903425475,0.9647530317306519,0.04129067179365236,0.2185589023178718,0.054344951129350505,0.8149082064628601,105.75026331833803
msillm,q5,86127fbdb368eb28c3039cf61aff1c4cfdc4ade24070c8f2389968d5ead681e1,29.315728244913245,0.9759356379508972,0.027738206653443516,0.18130001004357807,0.03781615808361866,0.8332645893096924,76.12153483739968
s1res,s1L1,86127fbdb368eb28c3039cf61aff1c4cfdc4ade24070c8f2389968d5ead681e1,16.103057420199786,0.33941811323165894,0.5570507010475534,0.6080148686639598,0.46582242895345216,0.7063002586364746,1595.051165804837
s1res,s1L2,86127fbdb368eb28c3039cf61aff1c4cfdc4ade24070c8f2389968d5ead681e1,17.12686477299216,0.499141663312912,0.4159907570383588,0.5539842624156202,0.36832661364899305,0.8013819456100464,1260.0677126691642
s1res,s1L3,86127fbdb368eb28c3039cf61aff1c4cfdc4ade24070c8f2389968d5ead681e1,18.19729866723742,0.6381928324699402,0.27935001925855385,0.4573751044322233,0.27760835016360047,0.7740594148635864,984.8055651722059
s1res,s1L4,86127fbdb368eb28c3039cf61aff1c4cfdc4ade24070c8f2389968d5ead681e1,19.3016015114009,0.7386597394943237,0.18882235548779613,0.3400580205145429,0.18159181368155558,0.7942793369293213,763.6954615858734
s1res,s1L5,86127fbdb368eb28c3039cf61aff1c4cfdc4ade24070c8f2389968d5ead681e1,20.305149804996606,0.7992568016052246,0.14605678514134687,0.2717045933985319,0.11470509088430249,0.842570960521698,606.1294427256767
s1res,s1L2+qp32,86127fbdb368eb28c3039cf61aff1c4cfdc4ade24070c8f2389968d5ead681e1,24.70045600621833,0.9190768003463745,0.15168672763421887,0.40389512748014733,0.15623525786595266,0.7683424949645996,220.31027888730574
s1res,s1L2+qp37,86127fbdb368eb28c3039cf61aff1c4cfdc4ade24070c8f2389968d5ead681e1,21.828495258643734,0.837296724319458,0.2771316441844721,0.4871251772417397,0.23494416744005484,0.7200246453285217,426.8063134365394
s1res,s1L2+qp42,86127fbdb368eb28c3039cf61aff1c4cfdc4ade24070c8f2389968d5ead681e1,19.60222522747992,0.7096778154373169,0.38106248637691875,0.5369674353325953,0.28926437775619696,0.7729056477546692,712.619723127188
s1res,s1L2+qp47,86127fbdb368eb28c3039cf61aff1c4cfdc4ade24070c8f2389968d5ead681e1,18.221551992547912,0.5904016494750977,0.42784460866060414,0.560299989385683,0.32255283828641546,0.7907374501228333,979.3212125184106
s1res,s1L3+qp32,86127fbdb368eb28c3039cf61aff1c4cfdc4ade24070c8f2389968d5ead681e1,24.86948183851546,0.9239303469657898,0.12080173814272294,0.35020554309985674,0.1371762154043698,0.781634509563446,211.9005954096226
s1res,s1L3+qp37,86127fbdb368eb28c3039cf61aff1c4cfdc4ade24070c8f2389968d5ead681e1,21.914622839961893,0.8472903966903687,0.2170009013937145,0.4215454285750624,0.19687338661952097,0.7453457117080688,418.4254355508773
s1res,s1L3+qp42,86127fbdb368eb28c3039cf61aff1c4cfdc4ade24070c8f2389968d5ead681e1,19.71622763359712,0.7379090785980225,0.27976511992880554,0.4608032926917076,0.2422274744412938,0.7732128500938416,694.1568241640518
s1res,s1L3+qp47,86127fbdb368eb28c3039cf61aff1c4cfdc4ade24070c8f2389968d5ead681e1,18.684925778962544,0.6673529148101807,0.2863530427461765,0.4656388307692575,0.2628430643531143,0.7467822432518005,880.2130091932953
mbt,q1,937476dd72f98638f34299dda5e9c252621b5e809c364692fc2934e000583286,20.649407740582756,0.9201249480247498,0.17190497616926828,0.3025517786542575,0.07989617188771565,0.42113447189331055,559.9375423855251
mbt,q2,937476dd72f98638f34299dda5e9c252621b5e809c364692fc2934e000583286,5.478441675646268,0.06614666432142258,0.8056505769491196,0.6619544625282288,0.6563696265220642,0.5188028216362,18417.733871353998
mbt,q3,937476dd72f98638f34299dda5e9c252621b5e809c364692fc2934e000583286,5.710604044345208,0.06367163360118866,0.8091796686251959,0.659621944030126,0.6480464786291122,0.43799465894699097,17459.02377711402
mbt,q4,937476dd72f98638f34299dda5e9c252621b5e809c364692fc2934e000583286,28.01682898460516,0.9877054691314697,0.02084839732075731,0.0496993875131011,0.012374709049860636,0.5142369270324707,102.65910233391656
msillm,q1,937476dd72f98638f34299dda5e9c252621b5e809c364692fc2934e000583286,18.089536059126594,0.6867486834526062,0.21949667731920877,0.27155541256070137,0.2136585017045339,0.2650083899497986,1009.5474937227037
msillm,q2,937476dd72f98638f34299dda5e9c252621b5e809c364692fc2934e000583286,18.86076129366986,0.7889131903648376,0.14558166700104871,0.24066337198019028,0.18750283122062683,0.3227921426296234,845.287081082662
msillm,q3,937476dd72f98638f34299dda5e9c252621b5e809c364692fc2934e000583286,21.143392162925064,0.9177269339561462,0.07392672045777242,0.19382070625821748,0.07001686096191406,0.42932724952697754,499.7365848753187
msillm,q4,937476dd72f98638f34299dda5e9c252621b5e809c364692fc2934e000583286,22.971363185405032,0.9548028707504272,0.03943306704362234,0.1634503180782,0.027888327836990356,0.46143293380737305,328.05302164289685
msillm,q5,937476dd72f98638f34299dda5e9c252621b5e809c364692fc2934e000583286,23.866303142325926,0.9723248481750488,0.028392747199783724,0.1559178171058496,0.016009310881296795,0.4300655424594879,266.96236843532984
s1res,s1L1,937476dd72f98638f34299dda5e9c252621b5e809c364692fc2934e000583286,12.750201400143002,0.23779353499412537,0.3314574211835861,0.31760186205307644,0.1879860907793045,0.31734028458595276,3451.9160154130723
s1res,s1L2,937476dd72f98638f34299dda5e9c252621b5e809c364692fc2934e000583286,13.55254481253812,0.3071390986442566,0.2808349169790745,0.2928845373292764,0.19275910158952078,0.32370948791503906,2869.629839261373
s1res,s1L3,937476dd72f98638f34299dda5e9c252621b5e809c364692fc2934e000583286,14.253363616766592,0.37306785583496094,0.21183744942148527,0.28233905136585236,0.17148634294668832,0.30647677183151245,2441.9906636344062
s1res,s1L4,937476dd72f98638f34299dda5e9c252621b5e809c364692fc2934e000583286,14.770217113549753,0.4341687858104706,0.1826222613453865,0.26950547471642494,0.14838304618994394,0.29023829102516174,2167.9968632592095
s1res,s1L5,937476dd72f98638f34299dda5e9c252621b5e809c364692fc2934e000583286,15.201904167716886,0.4798125624656677,0.1647865834335486,0.25666571284333867,0.13548693557580313,0.3214304447174072,1962.862798690796
s1res,s1L2+qp32,937476dd72f98638f34299dda5e9c252621b5e809c364692fc2934e000583286,22.48202457336053,0.9452499151229858,0.08563365321606398,0.13072417862713337,0.08476596077283223,0.3752080202102661,367.179058180915
s1res,s1L2+qp37,937476dd72f98638f34299dda5e9c252621b5e809c364692fc2934e000583286,18.872988208470375,0.8368613719940186,0.17552933345238367,0.21310767283042273,0.14976675808429718,0.3771335184574127,842.910647922092
s1res,s1L2+qp42,937476dd72f98638f34299dda5e9c252621b5e809c364692fc2934e000583286,16.32015045377078,0.6360244750976562,0.26765024786194164,0.2579175184170405,0.1547058324019114,0.34378716349601746,1517.278540611267
s1res,s1L2+qp47,937476dd72f98638f34299dda5e9c252621b5e809c364692fc2934e000583286,14.961010856230173,0.46553653478622437,0.3116850107908249,0.28078262135386467,0.16461656987667084,0.3160960376262665,2074.8145038816665
s1res,s1L3+qp32,937476dd72f98638f34299dda5e9c252621b5e809c364692fc2934e000583286,22.57853519245907,0.94517582654953,0.08355841599404812,0.12835371494293213,0.08359938859939575,0.3722101151943207,359.1094564861721
s1res,s1L3+qp37,937476dd72f98638f34299dda5e9c252621b5e809c364692fc2934e000583286,18.921748881093148,0.8362106084823608,0.16880235696832338,0.20882297058900198,0.14976591865221658,0.35823267698287964,833.4997478061252
s1res,s1L3+qp42,937476dd72f98638f34299dda5e9c252621b5e809c364692fc2934e000583286,16.441514953203253,0.6342823505401611,0.22685081387559572,0.2517492473125458,0.15086157123247781,0.3340441882610321,1475.4648424784343
s1res,s1L3+qp47,937476dd72f98638f34299dda5e9c252621b5e809c364692fc2934e000583286,15.147557777876628,0.46899211406707764,0.24285855392615,0.27229415252804756,0.16144923369089761,0.29697370529174805,1987.5798401302761
mbt,q1,a2a946cc516f9eec0f141da3c31a96df94fe342c651af46f0d38f6c04400323a,29.2432237502476,0.9518574476242065,0.22364654753576307,0.32100397580686735,0.17322029751889845,0.23499298095703125,77.40303428500306
mbt,q2,a2a946cc516f9eec0f141da3c31a96df94fe342c651af46f0d38f6c04400323a,31.088209054311847,0.9667354822158813,0.17382290698587893,0.2855407160871169,0.14085458183989805,0.2579183578491211,50.61269411573223
mbt,q3,a2a946cc516f9eec0f141da3c31a96df94fe342c651af46f0d38f6c04400323a,32.86553090818466,0.9772274494171143,0.13614797467256293,0.25891742145313934,0.11284361516728121,0.3450908362865448,33.61454754997702
mbt,q4,a2a946cc516f9eec0f141da3c31a96df94fe342c651af46f0d38f6c04400323a,34.58065293852178,0.9845504760742188,0.10073433669612689,0.23277191366342936,0.08999585667077233,0.4023914337158203,22.647228764552697
msillm,q1,a2a946cc516f9eec0f141da3c31a96df94fe342c651af46f0d38f6c04400323a,26.005290964520967,0.9125115275382996,0.12203988174305243,0.30839103210498303,0.11325133495471057,0.23659510910511017,163.13654653511796
msillm,q2,a2a946cc516f9eec0f141da3c31a96df94fe342c651af46f0d38f6c04400323a,27.70931641053537,0.9433188438415527,0.07987397382145418,0.25805163225706884,0.0825235012699576,0.2361721694469452,110.19165852864583
msillm,q3,a2a946cc516f9eec0f141da3c31a96df94fe342c651af46f0d38f6c04400323a,29.574620726404778,0.9658613204956055,0.04746871121666011,0.19754821715109488,0.056208884716033934,0.3162209987640381,71.71636819278493
msillm,q4,a2a946cc516f9eec0f141da3c31a96df94fe342c651af46f0d38f6c04400323a,31.89577054022651,0.9815820455551147,0.026237407796468368,0.14467012172236163,0.03626648222698885,0.43469467759132385,42.02457275390625
msillm,q5,a2a946cc516f9eec0f141da3c31a96df94fe342c651af46f0d38f6c04400323a,33.47724072642294,0.9865740537643433,0.018129593170905376,0.12589064952643478,0.025832143951864804,0.4157719016075134,29.198214063457414
s1res,s1L1,a2a946cc516f9eec0f141da3c31a96df94fe342c651af46f0d38f6c04400323a,19.145857692672084,0.6415838003158569,0.43607177164624716,0.45993509248775594,0.3505434444722007,0.5805873274803162,791.5795967850031
s1res,s1L2,a2a946cc516f9eec0f141da3c31a96df94fe342c651af46f0d38f6c04400323a,20.41371662971131,0.7415995001792908,0.32091489721308736,0.3920271114391439,0.2735263095182531,0.5212043523788452,591.1649785060508
s1res,s1L3,a2a946cc516f9eec0f141da3c31a96df94fe342c651af46f0d38f6c04400323a,21.792538655186355,0.822674036026001,0.20678286688292727,0.30560629394124533,0.18689736040199503,0.4210612177848816,430.3546454934513
s1res,s1L4,a2a946cc516f9eec0f141da3c31a96df94fe342c651af46f0d38f6c04400323a,23.194455342027887,0.8796995878219604,0.13249412942677735,0.22682381465154536,0.11153990924358367,0.5047794580459595,311.6268190870098
s1res,s1L5,a2a946cc516f9eec0f141da3c31a96df94fe342c651af46f0d38f6c04400323a,24.224548883371938,0.9119895696640015,0.09489005169666866,0.18171104503905072,0.07806612814173979,0.5245668888092041,245.82467435948988
s1res,s1L2+qp32,a2a946cc516f9eec0f141da3c31a96df94fe342c651af46f0d38f6c04400323a,29.6520561521833,0.950831413269043,0.12255914773353759,0.2825698407695574,0.1253866400788812,0.3091774880886078,70.44898585899203
s1res,s1L2+qp37,a2a946cc516f9eec0f141da3c31a96df94fe342c651af46f0d38f6c04400323a,26.875581342089703,0.9157999753952026,0.18733146783402738,0.3327998583807665,0.167792087968658,0.32248014211654663,133.51259179208793
s1res,s1L2+qp42,a2a946cc516f9eec0f141da3c31a96df94fe342c651af46f0d38f6c04400323a,24.494098309634246,0.867711067199707,0.24955352623673047,0.3636090455686345,0.20688768257113063,0.43760499358177185,231.03114468443627
s1res,s1L2+qp47,a2a946cc516f9eec0f141da3c31a96df94fe342c651af46f0d38f6c04400323a,22.572558137809587,0.8109643459320068,0.2960730881375425,0.385644609700231,0.23981786422869739,0.470666766166687,359.6040274825751
s1res,s1L3+qp32,a2a946cc516f9eec0f141da3c31a96df94fe342c651af46f0d38f6c04400323a,29.72307351105245,0.9539327621459961,0.09720321338185493,0.24485732255613102,0.10985588150865891,0.30662718415260315,69.30634717754289
s1res,s1L3+qp37,a2a946cc516f9eec0f141da3c31a96df94fe342c651af46f0d38f6c04400323a,26.962834132031972,0.9232414960861206,0.1448618341018172,0.2817954660338514,0.14092996243168326,0.3561796247959137,130.8569964240579
s1res,s1L3+qp42,a2a946cc516f9eec0f141da3c31a96df94fe342c651af46f0d38f6c04400323a,24.629220754408983,0.8852819204330444,0.18215640547740108,0.30140344184987683,0.1664236587636611,0.4200226068496704,223.9537224264706
s1res,s1L3+qp47,a2a946cc516f9eec0f141da3c31a96df94fe342c651af46f0d38f6c04400323a,22.941161643093466,0.8482527732849121,0.20217975447063938,0.30645465771941577,0.1816982867086635,0.47306451201438904,330.3423063390395
mbt,q1,a365e6541bab5c0f4e01bf43a0c3a655d88292a8ac45403a889c308d11854555,7.678780836886558,0.29356318712234497,0.8601659475003972,0.6966956203474718,0.41060428566792434,0.16901268064975739,11096.915453144149
mbt,q2,a365e6541bab5c0f4e01bf43a0c3a655d88292a8ac45403a889c308d11854555,26.05082431794559,0.9453673362731934,0.2701350560083109,0.35438751972773497,0.142668534377042,0.645517885684967,161.43508588005514
mbt,q3,a365e6541bab5c0f4e01bf43a0c3a655d88292a8ac45403a889c308d11854555,28.070908836873944,0.9649361371994019,0.1783113696557634,0.28277434215826147,0.10321342208806206,0.7234955430030823,101.38868192784926
mbt,q4,a365e6541bab5c0f4e01bf43a0c3a655d88292a8ac45403a889c308d11854555,30.026234124750243,0.9778860807418823,0.10560312738970798,0.21702830519746333,0.07370141534244314,0.7367410659790039,64.63339197495404
msillm,q1,a365e6541bab5c0f4e01bf43a0c3a655d88292a8ac45403a889c308d11854555,21.11329963919728,0.8275560140609741,0.16450204318937134,0.3829470842200167,0.14455524490160102,0.5834038853645325,503.21131388346356
msillm,q2,a365e6541bab5c0f4e01bf43a0c3a655d88292a8ac45403a889c308d11854555,22.21298169077771,0.8735365271568298,0.11798784160876975,0.32717671148917254,0.10636151678421918,0.659489095211029,390.6449296539905
msillm,q3,a365e6541bab5c0f4e01bf43a0c3a655d88292a8ac45403a889c308d11854555,23.796481385628987,0.9202094078063965,0.07876527811236242,0.26861775841783075,0.07240185597363641,0.7607268691062927,271.2890234853707
msillm,q4,a365e6541bab5c0f4e01bf43a0c3a655d88292a8ac45403a889c308d11854555,25.66577079368676,0.9548827409744263,0.050423449738060726,0.204373209748198,0.04494329059825224,0.773914635181427,176.40190932329963
msillm,q5,a365e6541bab5c0f4e01bf43a0c3a655d88292a8ac45403a889c308d11854555,27.10845744807851,0.970054030418396,0.03376613441197311,0.16247269243878476,0.033934211029725915,0.7405730485916138,126.54197722790288
s1res,s1L1,a365e6541bab5c0f4e01bf43a0c3a655d88292a8ac45403a889c308d11854555,14.985144918193708,0.476071834564209,0.5457811074221836,0.5420841548372718,0.3789947376531713,0.8224986791610718,2063.316584927428
s1res,s1L2,a365e6541bab5c0f4e01bf43a0c3a655d88292a8ac45403a889c308d11854555,16.359734783583857,0.613784670829773,0.37158654446111006,0.45754869054345526,0.26888735680019155,0.8017350435256958,1503.5119439816942
s1res,s1L3,a365e6541bab5c0f4e01bf43a0c3a655d88292a8ac45403a889c308d11854555,17.423838206163808,0.7043964266777039,0.23332928660161356,0.3523390467552578,0.17001934822867898,0.8279371857643127,1176.7834183038449
s1res,s1L4,a365e6541bab5c0f4e01bf43a0c3a655d88292a8ac45403a889c308d11854555,18.088351048632195,0.7586054801940918,0.16746425527860137,0.2818304227555499,0.1144058264353696,0.8277782797813416,1009.8229951746323
s1res,s1L5,a365e6541bab5c0f4e01bf43a0c3a655d88292a8ac45403a889c308d11854555,18.75324935375058,0.7982394099235535,0.13306842019014498,0.23888484441182192,0.08130705005982343,0.8276013135910034,866.4737804936427
s1res,s1L2+qp32,a365e6541bab5c0f4e01bf43a0c3a655d88292a8ac45403a889c308d11854555,24.730691464029828,0.9153971672058105,0.1217748394345536,0.28532838930978494,0.10034871785079731,0.6894497871398926,218.78181176279105
s1res,s1L2+qp37,a365e6541bab5c0f4e01bf43a0c3a655d88292a8ac45403a889c308d11854555,21.858587103186977,0.8442192077636719,0.20282168476020587,0.3642767031403149,0.14355087297804214,0.6600459218025208,423.85923557655485
s1res,s1L2+qp42,a365e6541bab5c0f4e01bf43a0c3a655d88292a8ac45403a889c308d11854555,19.54630170040053,0.7659880518913269,0.29614116829984327,0.42283485943780225,0.1950659692287445,0.6802989840507507,721.8553687002145
s1res,s1L2+qp47,a365e6541bab5c0f4e01bf43a0c3a655d88292a8ac45403a889c308d11854555,17.728281677119465,0.6843423843383789,0.35922894775867464,0.45986761100151957,0.2438756287097931,0.7332082986831665,1097.115101773131
s1res,s1L3+qp32,a365e6541bab5c0f4e01bf43a0c3a655d88292a8ac45403a889c308d11854555,24.89232004274782,0.9181839227676392,0.09777239510679946,0.2456193188972333,0.08140930007485782,0.6616573333740234,210.78920048732382
s1res,s1L3+qp37,a365e6541bab5c0f4e01bf43a0c3a655d88292a8ac45403a889c308d11854555,21.969650484439054,0.851230800151825,0.1624119607402998,0.3102541739449782,0.11705620797241435,0.6646478772163391,413.1571875478707
s1res,s1L3+qp42,a365e6541bab5c0f4e01bf43a0c3a655d88292a8ac45403a889c308d11854555,19.656330564069556,0.7824608683586121,0.21887429076082565,0.3517242074889295,0.15051015440155477,0.733572244644165,703.7968268899357
s1res,s1L3+qp47,a365e6541bab5c0f4e01bf43a0c3a655d88292a8ac45403a889c308d11854555,18.102987451897093,0.7282754778862,0.2384942525449921,0.36362441436332815,0.17139192048241111,0.7691337466239929,1006.4254620720359
mbt,q1,b0b3744cc6b5ad6426b1ac02909b4389ea7fc4140d72a888ccdfb21f573a6db4,23.53192932914963,0.920564591884613,0.3007388678543708,0.4072877158136929,0.173862203429727,0.8132981657981873,288.3284039665671
mbt,q2,b0b3744cc6b5ad6426b1ac02909b4389ea7fc4140d72a888ccdfb21f573a6db4,9.696693975725886,0.5006539821624756,0.6187580676639781,0.594397123245632,0.3537744048763724,0.31765544414520264,6972.860284184475
mbt,q3,b0b3744cc6b5ad6426b1ac02909b4389ea7fc4140d72a888ccdfb21f573a6db4,27.19961988447919,0.9645180702209473,0.16333094894447747,0.29167007374412873,0.12101253165918238,0.9402324557304382,123.91342821308211
mbt,q4,b0b3744cc6b5ad6426b1ac02909b4389ea7fc4140d72a888ccdfb21f573a6db4,7.463466553068949,0.3282683789730072,0.8203668746878119,0.7081094250959509,0.4189855228452122,0.35703906416893005,11660.943888346354
msillm,q1,b0b3744cc6b5ad6426b1ac02909b4389ea7fc4140d72a888ccdfb21f573a6db4,20.649232655426268,0.8406660556793213,0.16410049370983068,0.3525669508120593,0.12298729489831363,0.8270148634910583,559.9601166369869
msillm,q2,b0b3744cc6b5ad6426b1ac02909b4389ea7fc4140d72a888ccdfb21f573a6db4,21.822414935330208,0.8895807266235352,0.12306475148481481,0.30957310129614435,0.09814696329481462,0.8607887029647827,427.40428047928157
msillm,q3,b0b3744cc6b5ad6426b1ac02909b4389ea7fc4140d72a888ccdfb21f573a6db4,23.47470457235682,0.9308170080184937,0.08059416312505217,0.24718131642131244,0.062130979404729954,0.8741949796676636,292.1526995490579
msillm,q4,b0b3744cc6b5ad6426b1ac02909b4389ea7fc4140d72a888ccdfb21f573a6db4,25.07236708432961,0.9548816680908203,0.05750889366163927,0.20213549544706064,0.04549587368965149,0.9217369556427002,202.2291015625
msillm,q5,b0b3744cc6b5ad6426b1ac02909b4389ea7fc4140d72a888ccdfb21f573a6db4,26.22581820912486,0.9653621912002563,0.03969538585447213,0.17484225249465773,0.034359535224297466,0.9254035353660583,155.0595573874081
s1res,s1L1,b0b3744cc6b5ad6426b1ac02909b4389ea7fc4140d72a888ccdfb21f573a6db4,16.222957873404365,0.5391499996185303,0.4261336572030011,0.5090176391250947,0.34441516820122214,0.7872689366340637,1551.6171582988663
s1res,s1L2,b0b3744cc6b5ad6426b1ac02909b4389ea7fc4140d72a888ccdfb21f573a6db4,16.71662666361451,0.6202715039253235,0.35667462944984435,0.45037597926223977,0.25768140922574434,0.80250084400177,1384.8977016074984
s1res,s1L3,b0b3744cc6b5ad6426b1ac02909b4389ea7fc4140d72a888ccdfb21f573a6db4,17.188458904520147,0.698887050151825,0.2549497159964898,0.3623221455251469,0.16768060466822457,0.8886984586715698,1242.322841868681
s1res,s1L4,b0b3744cc6b5ad6426b1ac02909b4389ea7fc4140d72a888ccdfb21f573a6db4,17.660125366877303,0.7486783862113953,0.18307091558680816,0.3001154181711814,0.11445341934176052,0.926889955997467,1114.4685676125919
s1res,s1L5,b0b3744cc6b5ad6426b1ac02909b4389ea7fc4140d72a888ccdfb21f573a6db4,18.01707028587602,0.783482551574707,0.14650788578916998,0.26182927953846313,0.08404619693756103,0.9528136849403381,1026.5339858111213
s1res,s1L2+qp32,b0b3744cc6b5ad6426b1ac02909b4389ea7fc4140d72a888ccdfb21f573a6db4,25.423615161553435,0.9501132369041443,0.08864172453827718,0.25225638545611323,0.09517042058355668,0.876868486404419,186.5171817555147
s1res,s1L2+qp37,b0b3744cc6b5ad6426b1ac02909b4389ea7fc4140d72a888ccdfb21f573a6db4,22.229011531708586,0.9051207304000854,0.16570941507816314,0.320230566491099,0.13197615357006298,0.826256275177002,389.2057140873928
s1res,s1L2+qp42,b0b3744cc6b5ad6426b1ac02909b4389ea7fc4140d72a888ccdfb21f573a6db4,19.687084961920217,0.8229054808616638,0.2446893482523806,0.3825188605224385,0.16757645712179295,0.815037727355957,698.8305216471355
s1res,s1L2+qp47,b0b3744cc6b5ad6426b1ac02909b4389ea7fc4140d72a888ccdfb21f573a6db4,17.866505780148316,0.712185800075531,0.308892064760713,0.4265544205904007,0.20995674185893115,0.8020355105400085,1062.746743475222
s1res,s1L3+qp32,b0b3744cc6b5ad6426b1ac02909b4389ea7fc4140d72a888ccdfb21f573a6db4,25.397773294492474,0.9510726928710938,0.07595778513042366,0.22566466489258935,0.08169247210025787,0.8963248133659363,187.63032525754443
s1res,s1L3+qp37,b0b3744cc6b5ad6426b1ac02909b4389ea7fc4140d72a888ccdfb21f573a6db4,22.12327514006805,0.9074509143829346,0.13789342510349611,0.2814121894976672,0.11086964502054102,0.8557257056236267,398.7978854310279
s1res,s1L3+qp42,b0b3744cc6b5ad6426b1ac02909b4389ea7fc4140d72a888ccdfb21f573a6db4,19.52964352007861,0.8303927183151245,0.19829278132494757,0.32565511289764854,0.13643000739462235,0.8703743815422058,724.6294974532782
s1res,s1L3+qp47,b0b3744cc6b5ad6426b1ac02909b4389ea7fc4140d72a888ccdfb21f573a6db4,17.781689866417047,0.7369986772537231,0.2385152163750985,0.35383440878461386,0.15078297082115621,0.8846832513809204,1083.705741373698
mbt,q1,bb7344a2ba499b2d48b891abee1b903dc17d265437ac57028b5999b6cd5bcdc4,31.532661324431956,0.9732396006584167,0.1270098143722862,0.2212552595883608,0.14382295310497284,0.4048807919025421,45.689270973205566
mbt,q2,bb7344a2ba499b2d48b891abee1b903dc17d265437ac57028b5999b6cd5bcdc4,33.921982882954616,0.982151448726654,0.09344889200292528,0.25672012753784657,0.11306878924369812,0.44465190172195435,26.35615619023641
mbt,q3,bb7344a2ba499b2d48b891abee1b903dc17d265437ac57028b5999b6cd5bcdc4,35.95150674694341,0.9884384870529175,0.06475787452654913,0.12121492298319936,0.08119179308414459,0.45705220103263855,16.516943613688152
mbt,q4,bb7344a2ba499b2d48b891abee1b903dc17d265437ac57028b5999b6cd5bcdc4,37.75041779566489,0.9924923181533813,0.04311578837223351,0.089400869095698,0.058107271790504456,0.5197679400444031,10.915373007456461
msillm,q1,bb7344a2ba499b2d48b891abee1b903dc17d265437ac57028b5999b6cd5bcdc4,28.204881229346626,0.9474188685417175,0.08000782586168498,0.19445111323148012,0.121998630464077,0.4424843192100525,98.30876445770264
msillm,q2,bb7344a2ba499b2d48b891abee1b903dc17d265437ac57028b5999b6cd5bcdc4,30.181712336788745,0.9687857627868652,0.051263979403302073,0.14804588863626122,0.09875413775444031,0.5836564898490906,62.36043373743693
msillm,q3,bb7344a2ba499b2d48b891abee1b903dc17d265437ac57028b5999b6cd5bcdc4,32.535215329783625,0.9827251434326172,0.0330024145077914,0.11740306718274951,0.06318286061286926,0.605928361415863,36.270941416422524
msillm,q4,bb7344a2ba499b2d48b891abee1b903dc17d265437ac57028b5999b6cd5bcdc4,35.24517064571561,0.9916050434112549,0.01732312625972554,0.07677404582500458,0.04192955046892166,0.5445698499679565,19.434049129486084
msillm,q5,bb7344a2ba499b2d48b891abee1b903dc17d265437ac57028b5999b6cd5bcdc4,36.876916331750195,0.9942827224731445,0.01150450091517996,0.06290221319068223,0.029419489204883575,0.6137736439704895,13.347155729929606
s1res,s1L1,bb7344a2ba499b2d48b891abee1b903dc17d265437ac57028b5999b6cd5bcdc4,22.37555083936507,0.7928034067153931,0.30077727511525154,0.25853794999420643,0.33138904720544815,0.4044862985610962,376.2922526995341
s1res,s1L2,bb7344a2ba499b2d48b891abee1b903dc17d265437ac57028b5999b6cd5bcdc4,22.966186817898972,0.8450353145599365,0.20744922128506005,0.20553127164021134,0.2529032528400421,0.41233694553375244,328.4442620277405
s1res,s1L3,bb7344a2ba499b2d48b891abee1b903dc17d265437ac57028b5999b6cd5bcdc4,23.764657402556413,0.8847751021385193,0.14092554873786867,0.1569792116060853,0.1814982369542122,0.47360801696777344,273.2842610677083
s1res,s1L4,bb7344a2ba499b2d48b891abee1b903dc17d265437ac57028b5999b6cd5bcdc4,24.879017277129076,0.92120361328125,0.09563847573008388,0.11773364676628262,0.13112784922122955,0.460157185792923,211.43585348129272
s1res,s1L5,bb7344a2ba499b2d48b891abee1b903dc17d265437ac57028b5999b6cd5bcdc4,25.818721107437327,0.9467328786849976,0.06416341289877892,0.0874922655057162,0.08563189208507538,0.5278698801994324,170.2974912325541
s1res,s1L2+qp32,bb7344a2ba499b2d48b891abee1b903dc17d265437ac57028b5999b6cd5bcdc4,32.301590700134625,0.9713137149810791,0.08318927302025259,0.18904375564306974,0.15871630609035492,0.3719598948955536,38.27553685506185
s1res,s1L2+qp37,bb7344a2ba499b2d48b891abee1b903dc17d265437ac57028b5999b6cd5bcdc4,29.112161953070018,0.9442087411880493,0.13919504755176604,0.22040507849305868,0.19396387785673141,0.2896623909473419,79.77451372146606
s1res,s1L2+qp42,bb7344a2ba499b2d48b891abee1b903dc17d265437ac57028b5999b6cd5bcdc4,26.258191662330304,0.9012619256973267,0.19587751990184188,0.24485886096954346,0.23289524018764496,0.20400471985340118,153.9079999923706
s1res,s1L2+qp47,bb7344a2ba499b2d48b891abee1b903dc17d265437ac57028b5999b6cd5bcdc4,24.07218440042572,0.8621367812156677,0.22038103151135147,0.23866664641536772,0.25689350068569183,0.27825045585632324,254.60206445058188
s1res,s1L3+qp32,bb7344a2ba499b2d48b891abee1b903dc17d265437ac57028b5999b6cd5bcdc4,32.310553871434045,0.9727997779846191,0.0709609508048743,0.15700153401121497,0.13258697092533112,0.4382631778717041,38.19662348429362
s1res,s1L3+qp37,bb7344a2ba499b2d48b891abee1b903dc17d265437ac57028b5999b6cd5bcdc4,29.092950839856734,0.9480580687522888,0.1122613470070064,0.1791571145877242,0.16576719284057617,0.39946866035461426,80.12817970911662
s1res,s1L3+qp42,bb7344a2ba499b2d48b891abee1b903dc17d265437ac57028b5999b6cd5bcdc4,26.304754916077435,0.9177755117416382,0.14186918991617858,0.18932727677747607,0.19093114882707596,0.27081534266471863,152.2666767438253
s1res,s1L3+qp47,bb7344a2ba499b2d48b891abee1b903dc17d265437ac57028b5999b6cd5bcdc4,24.340656579383392,0.8916629552841187,0.14726284286007285,0.17450073640793562,0.18903163820505142,0.4334898293018341,239.3396782875061
mbt,q1,c9510efb03d1852c29ecad84cc0558768728681a3b9b04eae0dbbd9be142dd95,31.8868842039426,0.9648228883743286,0.1578913324019488,0.30822647108751183,0.147928066814647,0.4424656927585602,42.110649557674634
mbt,q2,c9510efb03d1852c29ecad84cc0558768728681a3b9b04eae0dbbd9be142dd95,33.69578704414191,0.9754027128219604,0.12651757508078043,0.26230375411755896,0.1257053653983509,0.4803532361984253,27.765254361021753
mbt,q3,c9510efb03d1852c29ecad84cc0558768728681a3b9b04eae0dbbd9be142dd95,35.42600214855634,0.9824281930923462,0.11401678117759087,0.2539562843301717,0.10735378651057972,0.5007755756378174,18.64146955901501
mbt,q4,c9510efb03d1852c29ecad84cc0558768728681a3b9b04eae0dbbd9be142dd95,37.065940508164076,0.9876119494438171,0.09405831236611395,0.24235668515457826,0.09238433609990512,0.5779057741165161,12.77868927600337
msillm,q1,c9510efb03d1852c29ecad84cc0558768728681a3b9b04eae0dbbd9be142dd95,29.051431852364956,0.9444326162338257,0.0848195233327501,0.2600150805185823,0.0891309355988222,0.6604968309402466,80.89788650811887
msillm,q2,c9510efb03d1852c29ecad84cc0558768728681a3b9b04eae0dbbd9be142dd95,31.013558616454677,0.9639982581138611,0.05349269551498925,0.21227396608275526,0.06561302980955909,0.6883499622344971,51.490190573299635
msillm,q3,c9510efb03d1852c29ecad84cc0558768728681a3b9b04eae0dbbd9be142dd95,33.292142825377844,0.9779069423675537,0.03144065694993033,0.1681024055708857,0.044323326910243314,0.7016139030456543,30.469552672143077
msillm,q4,c9510efb03d1852c29ecad84cc0558768728681a3b9b04eae0dbbd9be142dd95,35.823897803518065,0.9868729114532471,0.01754737747833133,0.12689911929123543,0.024362208387430976,0.7380434274673462,17.009462124693627
msillm,q5,c9510efb03d1852c29ecad84cc0558768728681a3b9b04eae0dbbd9be142dd95,37.27702680137894,0.9896286725997925,0.01283511472044184,0.11349734008750495,0.019957000367781697,0.7229025363922119,12.172441071155024
s1res,s1L1,c9510efb03d1852c29ecad84cc0558768728681a3b9b04eae0dbbd9be142dd95,19.165382497516227,0.6975986957550049,0.4204719055663137,0.48242866966654274,0.3323157876729965,0.5776095986366272,788.0288385129443
s1res,s1L2,c9510efb03d1852c29ecad84cc0558768728681a3b9b04eae0dbbd9be142dd95,21.664022543419904,0.8177419900894165,0.2626800879616948,0.3775969420285786,0.22441210168249467,0.5409217476844788,443.2799687404259
s1res,s1L3,c9510efb03d1852c29ecad84cc0558768728681a3b9b04eae0dbbd9be142dd95,24.20442286397379,0.8899871110916138,0.15078181260648896,0.2698577128789004,0.14110929457580343,0.7001707553863525,246.96651563457414
s1res,s1L4,c9510efb03d1852c29ecad84cc0558768728681a3b9b04eae0dbbd9be142dd95,26.533900346619536,0.9314284324645996,0.08895899907631033,0.1947474214960547,0.08321640719385708,0.8234875798225403,144.44094669117646
s1res,s1L5,c9510efb03d1852c29ecad84cc0558768728681a3b9b04eae0dbbd9be142dd95,28.222963338570793,0.9519743919372559,0.06129730934934581,0.15273235115934822,0.056445049363024094,0.8493826985359192,97.90030098709406
s1res,s1L2+qp32,c9510efb03d1852c29ecad84cc0558768728681a3b9b04eae0dbbd9be142dd95,32.58027201773697,0.9679902791976929,0.07429037639761672,0.24639991824241245,0.08898782134056091,0.6532044410705566,35.89658705767463
s1res,s1L2+qp37,c9510efb03d1852c29ecad84cc0558768728681a3b9b04eae0dbbd9be142dd95,29.816097087792283,0.9462066888809204,0.11796914295238607,0.29704236686229707,0.1264485264525694,0.5244296789169312,67.83762769512101
s1res,s1L2+qp42,c9510efb03d1852c29ecad84cc0558768728681a3b9b04eae0dbbd9be142dd95,27.079728397073684,0.9126226902008057,0.1729782283306122,0.3418916330618017,0.1587088802281548,0.40848204493522644,127.38184096392463
s1res,s1L2+qp47,c9510efb03d1852c29ecad84cc0558768728681a3b9b04eae0dbbd9be142dd95,24.745546948107076,0.8706867098808289,0.22845521733603058,0.37793454247362473,0.19472795461907105,0.36579111218452454,218.03472481521905
s1res,s1L3+qp32,c9510efb03d1852c29ecad84cc0558768728681a3b9b04eae0dbbd9be142dd95,32.72440474337795,0.9699791669845581,0.06121369599748184,0.20766004082911155,0.07454168147900525,0.672446608543396,34.72481067133885
s1res,s1L3+qp37,c9510efb03d1852c29ecad84cc0558768728681a3b9b04eae0dbbd9be142dd95,29.986035753758387,0.9518195986747742,0.09401934129350326,0.24350415634758332,0.09786005072733935,0.6644865274429321,65.23441700654871
s1res,s1L3+qp42,c9510efb03d1852c29ecad84cc0558768728681a3b9b04eae0dbbd9be142dd95,27.46884736432208,0.9265825152397156,0.12627436275429585,0.27223464522291635,0.12462876842302435,0.6078571081161499,116.46505186791514
s1res,s1L3+qp47,c9510efb03d1852c29ecad84cc0558768728681a3b9b04eae0dbbd9be142dd95,25.585650376089756,0.9019736051559448,0.15044467782273013,0.2874834671616554,0.1430485486984253,0.5907416343688965,179.68644780177695
mbt,q1,d0208a1e9b4fde642b9752da2907d82d5b530a6e2e6e18ef71d5524a92d1cf9a,24.001715053898952,0.8987455368041992,0.4724633525399601,0.4717408456346568,0.20439098179340362,0.566092312335968,258.7669789033778
mbt,q2,d0208a1e9b4fde642b9752da2907d82d5b530a6e2e6e18ef71d5524a92d1cf9a,15.997760584954023,0.7900905609130859,0.5145719960331917,0.5768255182925393,0.25925414106425115,0.5488916635513306,1634.196599145029
mbt,q3,d0208a1e9b4fde642b9752da2907d82d5b530a6e2e6e18ef71d5524a92d1cf9a,8.721287648779185,0.3249717354774475,0.852784798075171,0.7853269105448443,0.4156411149922539,0.2505043148994446,8728.74077351888
mbt,q4,d0208a1e9b4fde642b9752da2907d82d5b530a6e2e6e18ef71d5524a92d1cf9a,20.644111061821874,0.9295386672019958,0.20839996955850545,0.28927771992543166,0.12607271408333498,0.7494385242462158,560.6208618164062
msillm,q1,d0208a1e9b4fde642b9752da2907d82d5b530a6e2e6e18ef71d5524a92d1cf9a,20.88172578304637,0.740135908126831,0.23300748769851293,0.461052250511506,0.160951350366368,0.7104099988937378,530.7717289943321
msillm,q2,d0208a1e9b4fde642b9752da2907d82d5b530a6e2e6e18ef71d5524a92d1cf9a,22.001333516661063,0.8254655599594116,0.17228793037288329,0.39224449063048644,0.12386277861454907,0.7491509914398193,410.15405464920343
msillm,q3,d0208a1e9b4fde642b9752da2907d82d5b530a6e2e6e18ef71d5524a92d1cf9a,23.594512004532614,0.8941571712493896,0.12333967256195405,0.3230127156657331,0.08232615853057187,0.6860071420669556,284.2033288095512
msillm,q4,d0208a1e9b4fde642b9752da2907d82d5b530a6e2e6e18ef71d5524a92d1cf9a,25.382573369837246,0.9388183355331421,0.08343849462621353,0.24838423369561924,0.05266199199592366,0.7879266738891602,188.2881654028799
msillm,q5,d0208a1e9b4fde642b9752da2907d82d5b530a6e2e6e18ef71d5524a92d1cf9a,26.716112663451504,0.9594796895980835,0.057273390626206115,0.20177681244471493,0.03457364790579852,0.792312502861023,138.50616179821537
s1res,s1L1,d0208a1e9b4fde642b9752da2907d82d5b530a6e2e6e18ef71d5524a92d1cf9a,16.724823491600237,0.35438716411590576,0.5821498579838696,0.6124233249355765,0.38909307630623086,0.8283284306526184,1382.286325492111
s1res,s1L2,d0208a1e9b4fde642b9752da2907d82d5b530a6e2e6e18ef71d5524a92d1cf9a,17.1254616059816,0.446769654750824,0.4730587116935674,0.5440845217774896,0.3099361053284477,0.8093158602714539,1260.4748951631434
s1res,s1L3,d0208a1e9b4fde642b9752da2907d82d5b530a6e2e6e18ef71d5524a92d1cf9a,17.68210335733995,0.5430933833122253,0.3320143301697338,0.44416630311923866,0.21468125090879553,0.7799239754676819,1108.8429131002988
s1res,s1L4,d0208a1e9b4fde642b9752da2907d82d5b530a6e2e6e18ef71d5524a92d1cf9a,18.19238521377051,0.6172007918357849,0.24688505679368972,0.362463603124899,0.14104170290862814,0.782228410243988,985.9203697054994
s1res,s1L5,d0208a1e9b4fde642b9752da2907d82d5b530a6e2e6e18ef71d5524a92d1cf9a,18.57329567081829,0.6681092977523804,0.2057619999436771,0.3137841269373894,0.09268827894154717,0.8264550566673279,903.1310916676241
s1res,s1L2+qp32,d0208a1e9b4fde642b9752da2907d82d5b530a6e2e6e18ef71d5524a92d1cf9a,23.26793567632365,0.8984829187393188,0.18574824955533534,0.33581491927890217,0.08810095944825341,0.6570942401885986,306.39861174938727
s1res,s1L2+qp37,d0208a1e9b4fde642b9752da2907d82d5b530a6e2e6e18ef71d5524a92d1cf9a,20.477076598253742,0.7844383120536804,0.2966005520785556,0.4340170342256041,0.14345269553801593,0.6886025667190552,582.6029791140089
s1res,s1L2+qp42,d0208a1e9b4fde642b9752da2907d82d5b530a6e2e6e18ef71d5524a92d1cf9a,18.628684327442624,0.6263063549995422,0.3872904757366461,0.5107650618342793,0.20915773966733148,0.7986345291137695,891.6859591614966
s1res,s1L2+qp47,d0208a1e9b4fde642b9752da2907d82d5b530a6e2e6e18ef71d5524a92d1cf9a,17.724795722424144,0.5090121030807495,0.4482580765205271,0.5419806578580071,0.27260087290230917,0.8235925436019897,1097.9960774739584
s1res,s1L3+qp32,d0208a1e9b4fde642b9752da2907d82d5b530a6e2e6e18ef71d5524a92d1cf9a,23.270855809958213,0.8997958898544312,0.16551698371767998,0.3126627694157993,0.07921197239090415,0.7461117506027222,306.1926629758349
s1res,s1L3+qp37,d0208a1e9b4fde642b9752da2907d82d5b530a6e2e6e18ef71d5524a92d1cf9a,20.464638498295564,0.788303554058075,0.2510556908214793,0.3855735561426948,0.11775416556526633,0.7170525193214417,584.2739330815334
s1res,s1L3+qp42,d0208a1e9b4fde642b9752da2907d82d5b530a6e2e6e18ef71d5524a92d1cf9a,18.666641363433165,0.6445331573486328,0.3066010717959965,0.4339111220310716,0.15876788602155797,0.7366473078727722,883.9266431621477
s1res,s1L3+qp47,d0208a1e9b4fde642b9752da2907d82d5b530a6e2e6e18ef71d5524a92d1cf9a,17.961701970103515,0.5683972835540771,0.3220830672804047,0.4439049422740936,0.1946302401668885,0.7751464247703552,1039.7050750134038
mbt,q1,da52c4f66dc00c2f381e8475fbf8a7aa2c5433a9c59cc175646c62e02892faf7,25.849975565542763,0.9640837907791138,0.18793330416083337,0.30569020641200684,0.14634684902780196,0.48728886246681213,169.07632685642616
mbt,q2,da52c4f66dc00c2f381e8475fbf8a7aa2c5433a9c59cc175646c62e02892faf7,9.4705314629664,0.48277103900909424,0.723145397270427,0.7394479872549281,0.4004369591965395,0.2960701882839203,7345.598970779718
mbt,q3,da52c4f66dc00c2f381e8475fbf8a7aa2c5433a9c59cc175646c62e02892faf7,29.474199158839475,0.9852586984634399,0.08531677661573185,0.20224647140678237,0.08891522831776563,0.667962908744812,73.39398097617953
mbt,q4,da52c4f66dc00c2f381e8475fbf8a7aa2c5433a9c59cc175646c62e02892faf7,31.263177477259,0.9905394911766052,0.05386203535120277,0.16220659438301535,0.06192583178772646,0.7077918648719788,48.614140648935354
msillm,q1,da52c4f66dc00c2f381e8475fbf8a7aa2c5433a9c59cc175646c62e02892faf7,21.93713794620087,0.9031476378440857,0.17301427152226953,0.3662754491848104,0.14714453763821544,0.5329011082649231,416.26180802887563
msillm,q2,da52c4f66dc00c2f381e8475fbf8a7aa2c5433a9c59cc175646c62e02892faf7,23.75196126494496,0.9388951063156128,0.11864783897557679,0.3054916210910853,0.1265020712333567,0.6535839438438416,274.0843474743413
msillm,q3,da52c4f66dc00c2f381e8475fbf8a7aa2c5433a9c59cc175646c62e02892faf7,25.538700201089334,0.9622601866722107,0.07255995845531717,0.23807407731519026,0.08112705788191626,0.7932522296905518,181.6395179898131
msillm,q4,da52c4f66dc00c2f381e8475fbf8a7aa2c5433a9c59cc175646c62e02892faf7,27.980826686484836,0.9797353744506836,0.04084613310063587,0.17136514620745882,0.04815979494768031,0.7443786263465881,103.51366660922181
msillm,q5,da52c4f66dc00c2f381e8475fbf8a7aa2c5433a9c59cc175646c62e02892faf7,29.72177028939256,0.9871796369552612,0.025035078346948413,0.12641150293981326,0.0323100523037069,0.7482328414916992,69.32714759976255
s1res,s1L1,da52c4f66dc00c2f381e8475fbf8a7aa2c5433a9c59cc175646c62e02892faf7,13.59227808862569,0.33297204971313477,0.6539661375915303,0.6831836491823197,0.5017988964038737,0.8672100901603699,2843.4955439548867
s1res,s1L2,da52c4f66dc00c2f381e8475fbf8a7aa2c5433a9c59cc175646c62e02892faf7,15.217467517219301,0.5736764669418335,0.48869588112129886,0.6154973477125167,0.37512445993283217,0.7930521368980408,1955.8412846583947
s1res,s1L3,da52c4f66dc00c2f381e8475fbf8a7aa2c5433a9c59cc175646c62e02892faf7,16.820126359280575,0.7140282392501831,0.3234418258070946,0.4878014356774442,0.27482514434001026,0.8417234420776367,1352.2834251254212
s1res,s1L4,da52c4f66dc00c2f381e8475fbf8a7aa2c5433a9c59cc175646c62e02892faf7,18.155445822002385,0.7943248748779297,0.21231945608468616,0.35525290071964266,0.17311256229877472,0.8489867448806763,994.341987879136
s1res,s1L5,da52c4f66dc00c2f381e8475fbf8a7aa2c5433a9c59cc175646c62e02892faf7,19.049695309612723,0.8341172933578491,0.17077746027532745,0.30070933988865683,0.12432004388640909,0.8152294754981995,809.3024029900046
s1res,s1L2+qp32,da52c4f66dc00c2f381e8475fbf8a7aa2c5433a9c59cc175646c62e02892faf7,25.284442743036287,0.9597736597061157,0.1641937801066567,0.37888853067860884,0.1945675972629996,0.6332273483276367,192.5910436293658
s1res,s1L2+qp37,da52c4f66dc00c2f381e8475fbf8a7aa2c5433a9c59cc175646c62e02892faf7,22.298923116515983,0.9186911582946777,0.275311552689356,0.47040000645553365,0.2609463600551381,0.6310602426528931,382.9905420639936
s1res,s1L2+qp42,da52c4f66dc00c2f381e8475fbf8a7aa2c5433a9c59cc175646c62e02892faf7,19.66120987069029,0.8448686003684998,0.37328432675670176,0.533221589291797,0.30826505334938276,0.7686612606048584,703.0065538593367
s1res,s1L2+qp47,da52c4f66dc00c2f381e8475fbf8a7aa2c5433a9c59cc175646c62e02892faf7,17.400800658552352,0.7232416868209839,0.43961518941556704,0.581523655092015,0.3342311115825877,0.8569852709770203,1183.0423593558517
s1res,s1L3+qp32,da52c4f66dc00c2f381e8475fbf8a7aa2c5433a9c59cc175646c62e02892faf7,25.52233640619932,0.9629687070846558,0.11875979129005881,0.32609686027554907,0.16100366308408626,0.6395126581192017,182.32520907532935
s1res,s1L3+qp37,da52c4f66dc00c2f381e8475fbf8a7aa2c5433a9c59cc175646c62e02892faf7,22.494267928955786,0.9242479205131531,0.20376850721590659,0.4100023064543219,0.22171709695283104,0.6269725561141968,366.14538789636947
s1res,s1L3+qp42,da52c4f66dc00c2f381e8475fbf8a7aa2c5433a9c59cc175646c62e02892faf7,19.787769394976984,0.8532793521881104,0.26973881037796243,0.45841310848208033,0.24417947706054238,0.7364077568054199,682.8155790441176
s1res,s1L3+qp47,da52c4f66dc00c2f381e8475fbf8a7aa2c5433a9c59cc175646c62e02892faf7,17.83606222985356,0.7610646486282349,0.30504618953256046,0.4805173695087433,0.25230053382761336,0.7725996971130371,1070.2226495481004
mbt,q1,e0d8e29cadfc99663c7d1a4a5afe20c454ec54d0d873776ec397c59405c74790,12.749534482998872,0.7461249232292175,0.549341456592083,0.5116046383976937,0.35799501012353335,0.1909797042608261,3452.4461438945696
mbt,q2,e0d8e29cadfc99663c7d1a4a5afe20c454ec54d0d873776ec397c59405c74790,32.59420798392866,0.9627744555473328,0.30093903918476667,0.40885045861496644,0.21558913167785196,0.3133879601955414,35.7815840178845
mbt,q3,e0d8e29cadfc99663c7d1a4a5afe20c454ec54d0d873776ec397c59405c74790,34.484550936922254,0.9730579257011414,0.24820354385849308,0.3493747153702904,0.18727686843451333,0.37674763798713684,23.15395938648897
mbt,q4,e0d8e29cadfc99663c7d1a4a5afe20c454ec54d0d873776ec397c59405c74790,13.271444140205563,0.7951148748397827,0.4441969140268424,0.4670623437008437,0.31713610799873576,0.22264714539051056,3061.511864635991
msillm,q1,e0d8e29cadfc99663c7d1a4a5afe20c454ec54d0d873776ec397c59405c74790,28.5244056666029,0.9055261611938477,0.10530722233302453,0.3423001783735612,0.12989717546631308,0.6986576318740845,91.33553861730239
msillm,q2,e0d8e29cadfc99663c7d1a4a5afe20c454ec54d0d873776ec397c59405c74790,29.239032330538617,0.9284218549728394,0.08213354722761056,0.3189938369919272,0.10146732084891376,0.5896157026290894,77.4777727912454
msillm,q3,e0d8e29cadfc99663c7d1a4a5afe20c454ec54d0d873776ec397c59405c74790,30.559694556240483,0.9548510909080505,0.0616280564928756,0.26712200518916634,0.07657600501004387,0.587611973285675,57.16245930989583
msillm,q4,e0d8e29cadfc99663c7d1a4a5afe20c454ec54d0d873776ec397c59405c74790,32.55605957698694,0.9756078720092773,0.040395871308796544,0.22420539369477946,0.050071407942210926,0.6514016389846802,36.09727376302083
msillm,q5,e0d8e29cadfc99663c7d1a4a5afe20c454ec54d0d873776ec397c59405c74790,34.00789715326011,0.9826909303665161,0.031410503946244714,0.19928240613902318,0.04045261617969064,0.5520881414413452,25.83988910749847
s1res,s1L1,e0d8e29cadfc99663c7d1a4a5afe20c454ec54d0d873776ec397c59405c74790,24.211363019100112,0.8201637268066406,0.2907166837769396,0.3899283590562203,0.33012970247689416,0.593717634677887,246.5721709606694
s1res,s1L2,e0d8e29cadfc99663c7d1a4a5afe20c454ec54d0d873776ec397c59405c74790,25.391777823015296,0.849251925945282,0.23677535981816403,0.35974265038967135,0.2744740714045132,0.6640888452529907,187.88952935910692
s1res,s1L3,e0d8e29cadfc99663c7d1a4a5afe20c454ec54d0d873776ec397c59405c74790,26.0230083666412,0.8730030059814453,0.17443683351225714,0.3143855435006759,0.19798152937608607,0.7122466564178467,162.47237321442248
s1res,s1L4,e0d8e29cadfc99663c7d1a4a5afe20c454ec54d0d873776ec397c59405c74790,26.601013896568002,0.8929547071456909,0.12509063333272935,0.2612616641118246,0.13356003971660838,0.7014778852462769,142.22599188112744
s1res,s1L5,e0d8e29cadfc99663c7d1a4a5afe20c454ec54d0d873776ec397c59405c74790,27.100887147663258,0.9106031656265259,0.09107444296207498,0.2104289107462939,0.08343615654636832,0.7111378908157349,126.76274820963542
s1res,s1L2+qp32,e0d8e29cadfc99663c7d1a4a5afe20c454ec54d0d873776ec397c59405c74790,30.303505830925882,0.9369841814041138,0.17362071635092005,0.3410178766531103,0.1565578025930068,0.5901099443435669,60.63589298023897
s1res,s1L2+qp37,e0d8e29cadfc99663c7d1a4a5afe20c454ec54d0d873776ec397c59405c74790,28.190913784334384,0.9024574160575867,0.2074266818078125,0.36677355950369556,0.20037500367445105,0.5203968286514282,98.62544651405484
s1res,s1L2+qp42,e0d8e29cadfc99663c7d1a4a5afe20c454ec54d0d873776ec397c59405c74790,27.307346226543117,0.8780452609062195,0.2284026536214001,0.386400261871955,0.23368840287713444,0.4196769893169403,120.87757484585632
s1res,s1L2+qp47,e0d8e29cadfc99663c7d1a4a5afe20c454ec54d0d873776ec397c59405c74790,26.708558353622614,0.8627912402153015,0.2470246602945468,0.39241866443087076,0.25394954821642707,0.3808635175228119,138.74729518516392
s1res,s1L3+qp32,e0d8e29cadfc99663c7d1a4a5afe20c454ec54d0d873776ec397c59405c74790,30.17929532902158,0.9394010901451111,0.14151083505986367,0.3071266210254501,0.1298376269200269,0.6395250558853149,62.395149260876224
s1res,s1L3+qp37,e0d8e29cadfc99663c7d1a4a5afe20c454ec54d0d873776ec397c59405c74790,27.88051294578636,0.9062127470970154,0.16303160942214376,0.323224332534215,0.15647661124958712,0.5933136343955994,105.93246208639705
s1res,s1L3+qp42,e0d8e29cadfc99663c7d1a4a5afe20c454ec54d0d873776ec397c59405c74790,27.029149916448382,0.8861887454986572,0.17809357463436967,0.3382877414717394,0.1868467308142606,0.5487320423126221,128.87401805204505
s1res,s1L3+qp47,e0d8e29cadfc99663c7d1a4a5afe20c454ec54d0d873776ec397c59405c74790,26.5950761377791,0.8761570453643799,0.18487828341038787,0.33593713413266574,0.1987660436069264,0.589801013469696,142.4205790201823
mbt,q1,ebfd571f1c6824316047a29cb5f376eec15f56dd51821119c1842be068a8b950,27.076583053419142,0.9880965948104858,0.06232373777311295,0.1827850453555584,0.09084868058562279,0.38622739911079407,127.47412967681885
mbt,q2,ebfd571f1c6824316047a29cb5f376eec15f56dd51821119c1842be068a8b950,5.610566057402169,0.3913983106613159,0.7565501872450113,0.6077725309878588,0.5725827887654305,0.27096107602119446,17865.852951844532
mbt,q3,ebfd571f1c6824316047a29cb5f376eec15f56dd51821119c1842be068a8b950,32.5821503330102,0.9954175353050232,0.015003389096818864,0.06635549431666732,0.047679003328084946,0.6964281797409058,35.88106520970663
mbt,q4,ebfd571f1c6824316047a29cb5f376eec15f56dd51821119c1842be068a8b950,34.57683923058711,0.9966640472412109,0.01027008332312107,0.04712556907907128,0.0361248180270195,0.7107523083686829,22.6671249071757
msillm,q1,ebfd571f1c6824316047a29cb5f376eec15f56dd51821119c1842be068a8b950,24.665505309396757,0.9786943197250366,0.03610058836056851,0.08057115180417895,0.05736032873392105,0.07041706889867783,222.0904223124186
msillm,q2,ebfd571f1c6824316047a29cb5f376eec15f56dd51821119c1842be068a8b950,26.59401474183904,0.9877060651779175,0.02182721182180103,0.04689252481330186,0.033044472336769104,0.26751643419265747,142.45539021492004
msillm,q3,ebfd571f1c6824316047a29cb5f376eec15f56dd51821119c1842be068a8b950,29.00320157111315,0.9927656054496765,0.012576598062878475,0.028611997608095407,0.024500034749507904,0.6036586165428162,81.80129965146382
msillm,q4,ebfd571f1c6824316047a29cb5f376eec15f56dd51821119c1842be068a8b950,31.258157482923366,0.9958741664886475,0.007555076037533581,0.021846852789167315,0.015268418937921524,0.7064783573150635,48.670366048812866
msillm,q5,ebfd571f1c6824316047a29cb5f376eec15f56dd51821119c1842be068a8b950,32.91754442213666,0.9968506693840027,0.006140081590274349,0.021400412486400455,0.015407659113407135,0.69219571352005,33.21436230341593
s1res,s1L1,ebfd571f1c6824316047a29cb5f376eec15f56dd51821119c1842be068a8b950,18.2916928532825,0.7850252389907837,0.18293092970270663,0.17164784856140614,0.21541478112339973,0.1983497142791748,963.6316939194998
s1res,s1L2,ebfd571f1c6824316047a29cb5f376eec15f56dd51821119c1842be068a8b950,18.641704437686432,0.860390841960907,0.1119957544724457,0.11274971789680421,0.14739066362380981,0.15208092331886292,889.0166957378387
s1res,s1L3,ebfd571f1c6824316047a29cb5f376eec15f56dd51821119c1842be068a8b950,19.1682315411797,0.9024879336357117,0.08047562133288011,0.07508115726523101,0.10558426007628441,0.10834003984928131,787.5120480855306
s1res,s1L4,ebfd571f1c6824316047a29cb5f376eec15f56dd51821119c1842be068a8b950,19.77331585092439,0.9327635169029236,0.05959651310695335,0.05408540624193847,0.07300549745559692,0.11430960893630981,685.0918100674947
s1res,s1L5,ebfd571f1c6824316047a29cb5f376eec15f56dd51821119c1842be068a8b950,20.38630492169502,0.9532181620597839,0.04452569968998432,0.04044853209052235,0.0451737679541111,0.12012165784835815,594.9080816109976
s1res,s1L2+qp32,ebfd571f1c6824316047a29cb5f376eec15f56dd51821119c1842be068a8b950,30.279003406378354,0.9911975860595703,0.017807637457735837,0.059315663762390614,0.06402312219142914,0.5698276162147522,60.97896099090576
s1res,s1L2+qp37,ebfd571f1c6824316047a29cb5f376eec15f56dd51821119c1842be068a8b950,25.843307305037435,0.9805261492729187,0.03516229661181569,0.08802389586344361,0.08673974126577377,0.23687644302845,169.33613006273904
s1res,s1L2+qp42,ebfd571f1c6824316047a29cb5f376eec15f56dd51821119c1842be068a8b950,21.942972722676007,0.9533578753471375,0.07735579198924825,0.13123702933080494,0.13940127566456795,0.08042169362306595,415.7029329140981
s1res,s1L2+qp47,ebfd571f1c6824316047a29cb5f376eec15f56dd51821119c1842be068a8b950,19.53119672312553,0.908470094203949,0.11471836821874604,0.138861944549717,0.17845319211483002,0.13354526460170746,724.3703885873159
s1res,s1L3+qp32,ebfd571f1c6824316047a29cb5f376eec15f56dd51821119c1842be068a8b950,30.430181414480888,0.9923429489135742,0.015797919942997396,0.040639608982019126,0.045771874487400055,0.5944511294364929,58.892802238464355
s1res,s1L3+qp37,ebfd571f1c6824316047a29cb5f376eec15f56dd51821119c1842be068a8b950,25.94063098011356,0.9828595519065857,0.03143385809380561,0.06655639561358839,0.06796657666563988,0.2536466419696808,165.58357803026834
s1res,s1L3+qp42,ebfd571f1c6824316047a29cb5f376eec15f56dd51821119c1842be068a8b950,21.987299393543122,0.9570595622062683,0.06310475844657049,0.09119574737269431,0.10843519866466522,0.08149940520524979,411.48160155614215
s1res,s1L3+qp47,ebfd571f1c6824316047a29cb5f376eec15f56dd51821119c1842be068a8b950,19.62034076753286,0.9199899435043335,0.08372963278088719,0.09191995393484831,0.1328374147415161,0.0789259523153305,709.653393904368
mbt,q1,eda6d42794b0d0140628fa90fc0c14a7ba88159b8474d0077027c32ee2ddf6f0,26.11277698158687,0.9273638129234314,0.3963936026774201,0.44432470041747185,0.16400043344965168,0.5627278089523315,159.14854141933466
mbt,q2,eda6d42794b0d0140628fa90fc0c14a7ba88159b8474d0077027c32ee2ddf6f0,14.461704578343326,0.8159312009811401,0.4974968450910905,0.5050743108286577,0.22879915027057424,0.3760666847229004,2327.608331418505
mbt,q3,eda6d42794b0d0140628fa90fc0c14a7ba88159b8474d0077027c32ee2ddf6f0,29.313773442787276,0.9582838416099548,0.3009522018187186,0.3562564367757124,0.11495802390809153,0.7421736121177673,76.15580560023488
mbt,q4,eda6d42794b0d0140628fa90fc0c14a7ba88159b8474d0077027c32ee2ddf6f0,30.942663419259453,0.9700862765312195,0.24232165858733887,0.3115668485269827,0.09469879374784582,0.8037764430046082,52.337625939861624
msillm,q1,eda6d42794b0d0140628fa90fc0c14a7ba88159b8474d0077027c32ee2ddf6f0,23.32192716577839,0.8744082450866699,0.14672267396806501,0.358589716109575,0.12240743490995146,0.5134094953536987,302.6130440905203
msillm,q2,eda6d42794b0d0140628fa90fc0c14a7ba88159b8474d0077027c32ee2ddf6f0,24.609705722154686,0.903930127620697,0.10439648435396306,0.30363962806615175,0.0906299510422875,0.5709453821182251,224.9623233570772
msillm,q3,eda6d42794b0d0140628fa90fc0c14a7ba88159b8474d0077027c32ee2ddf6f0,26.002142344149682,0.9287733435630798,0.0697208034678125,0.2549162165207021,0.0597576802852107,0.7002536654472351,163.2548628663705
msillm,q4,eda6d42794b0d0140628fa90fc0c14a7ba88159b8474d0077027c32ee2ddf6f0,27.721710065696485,0.9542145729064941,0.0474671909092542,0.21310348370495966,0.03838986684294308,0.7454652190208435,109.8776479484209
msillm,q5,eda6d42794b0d0140628fa90fc0c14a7ba88159b8474d0077027c32ee2ddf6f0,28.788177632161535,0.9656316637992859,0.03468986005321437,0.181379550958381,0.030339146653811138,0.7119879722595215,85.95330840466069
s1res,s1L1,eda6d42794b0d0140628fa90fc0c14a7ba88159b8474d0077027c32ee2ddf6f0,16.96671179738719,0.5642914772033691,0.524659790244757,0.5417095291263917,0.38463061843432633,0.7983351349830627,1307.4021087845945
s1res,s1L2,eda6d42794b0d0140628fa90fc0c14a7ba88159b8474d0077027c32ee2ddf6f0,18.063903102827524,0.6830211877822876,0.36011845618486404,0.4565650245138243,0.27755412196411805,0.6937465667724609,1015.5236702713312
s1res,s1L3,eda6d42794b0d0140628fa90fc0c14a7ba88159b8474d0077027c32ee2ddf6f0,19.196933606619204,0.7617299556732178,0.23981526333327388,0.3648723175420481,0.1858235685264363,0.639636218547821,782.3246242548126
s1res,s1L4,eda6d42794b0d0140628fa90fc0c14a7ba88159b8474d0077027c32ee2ddf6f0,20.289189588107863,0.8186678290367126,0.16439613922699994,0.2897472160996175,0.12133138962820464,0.7439035773277283,608.3610517713759
s1res,s1L5,eda6d42794b0d0140628fa90fc0c14a7ba88159b8474d0077027c32ee2ddf6f0,21.18886493415687,0.8523730039596558,0.1287469142573137,0.24508746370088821,0.08400241738440943,0.7531065344810486,494.5313947091695
s1res,s1L2+qp32,eda6d42794b0d0140628fa90fc0c14a7ba88159b8474d0077027c32ee2ddf6f0,25.567031953969895,0.9118091464042664,0.1309105851778797,0.32381823936513826,0.10134324051585852,0.5658828616142273,180.45842618256611
s1res,s1L2+qp37,eda6d42794b0d0140628fa90fc0c14a7ba88159b8474d0077027c32ee2ddf6f0,23.13882884705454,0.8727455139160156,0.2003865294596728,0.3829573086079429,0.1511220905710669,0.5087712407112122,315.64395480685766
s1res,s1L2+qp42,eda6d42794b0d0140628fa90fc0c14a7ba88159b8474d0077027c32ee2ddf6f0,21.053593959959514,0.8153950572013855,0.28299162953215484,0.428380253414313,0.20271268779156254,0.5586408972740173,510.17710477542255
s1res,s1L2+qp47,eda6d42794b0d0140628fa90fc0c14a7ba88159b8474d0077027c32ee2ddf6f0,19.513986838069123,0.748734176158905,0.3454408752275448,0.45919546879389705,0.2456036744748845,0.5530152320861816,727.2465623843125
s1res,s1L3+qp32,eda6d42794b0d0140628fa90fc0c14a7ba88159b8474d0077027c32ee2ddf6f0,25.700247912797348,0.9141594767570496,0.10844659538683939,0.283741330983592,0.08306133396485273,0.5202949643135071,175.00706023172614
s1res,s1L3+qp37,eda6d42794b0d0140628fa90fc0c14a7ba88159b8474d0077027c32ee2ddf6f0,23.256235990110802,0.8782156705856323,0.161886799130954,0.3332686963326791,0.12883001712023043,0.5121812224388123,307.2251478207657
s1res,s1L3+qp42,eda6d42794b0d0140628fa90fc0c14a7ba88159b8474d0077027c32ee2ddf6f0,21.160184913587777,0.8285977244377136,0.2174471607249157,0.36536646502859454,0.16604380309581757,0.5330974459648132,497.80799756018945
s1res,s1L3+qp47,eda6d42794b0d0140628fa90fc0c14a7ba88159b8474d0077027c32ee2ddf6f0,19.875891308876334,0.7831741571426392,0.24008331243313996,0.3742402549467835,0.18480018949976154,0.6019555926322937,669.1003082873774
mbt,q1,f67f11de4ca9ebda3db52c41fd3d26c3105687b2d37571e54631a1e4486d0b30,34.30556494849717,0.9530104994773865,0.24183338529923382,0.377713632715099,0.18792605195559708,0.24492746591567993,24.12814121620328
mbt,q2,f67f11de4ca9ebda3db52c41fd3d26c3105687b2d37571e54631a1e4486d0b30,35.452611117076486,0.956631064414978,0.23239259235560894,0.3354075970310791,0.1687252629621356,0.2887337803840637,18.527603548336653
mbt,q3,f67f11de4ca9ebda3db52c41fd3d26c3105687b2d37571e54631a1e4486d0b30,36.14607924066838,0.9616290926933289,0.22520755275207407,0.36808399914526474,0.16145435267803715,0.34681475162506104,15.793283699384702
mbt,q4,f67f11de4ca9ebda3db52c41fd3d26c3105687b2d37571e54631a1e4486d0b30,37.08451484831017,0.9682532548904419,0.2064844453524725,0.3673053996673986,0.14280270069253212,0.4190342128276825,12.724152808095894
msillm,q1,f67f11de4ca9ebda3db52c41fd3d26c3105687b2d37571e54631a1e4486d0b30,33.246614163896865,0.9370516538619995,0.057786864550400746,0.21923624519623963,0.08424433130843967,0.6139327883720398,30.79065619574653
msillm,q1,ff32adfa29d4b5de26293352f53cc983d12d3ededd71fe65ca0ef0d887be65c4,27.607456122411907,0.919540286064148,0.10247243533239644,0.2533383170471472,0.09136081145090215,0.8024949431419373,112.80666204714308
msillm,q2,f67f11de4ca9ebda3db52c41fd3d26c3105687b2d37571e54631a1e4486d0b30,33.82896179261725,0.9419013857841492,0.043178595205330676,0.21867284105688917,0.0683053106653924,0.511879563331604,26.926765092837265
msillm,q2,ff32adfa29d4b5de26293352f53cc983d12d3ededd71fe65ca0ef0d887be65c4,29.362254712610998,0.9478130340576172,0.06557085283977145,0.2033408386304098,0.06656845510005951,0.8405005931854248,75.31038878197764
msillm,q3,f67f11de4ca9ebda3db52c41fd3d26c3105687b2d37571e54631a1e4486d0b30,34.90857924960036,0.955455482006073,0.030073709169621852,0.18549976848504124,0.045744948235212586,0.5641787052154541,21.00015188977609
msillm,q3,ff32adfa29d4b5de26293352f53cc983d12d3ededd71fe65ca0ef0d887be65c4,31.409362310917164,0.9687614440917969,0.037067159604938595,0.1502768911421299,0.04201425559380475,0.8750139474868774,47.00500787473192
msillm,q4,f67f11de4ca9ebda3db52c41fd3d26c3105687b2d37571e54631a1e4486d0b30,36.15872367503779,0.9699733257293701,0.020427911865351468,0.16121381583313146,0.03436229801645466,0.6064485907554626,15.747368606866575
msillm,q4,ff32adfa29d4b5de26293352f53cc983d12d3ededd71fe65ca0ef0d887be65c4,33.777065339532285,0.9833337664604187,0.020015256139723693,0.10333064897533725,0.024473876812878777,0.8670490980148315,27.250459319469975
msillm,q5,f67f11de4ca9ebda3db52c41fd3d26c3105687b2d37571e54631a1e4486d0b30,36.81326547839995,0.9748300909996033,0.017230993197253887,0.14753815732604147,0.027081916729609173,0.5713424682617188,13.544214186325572
msillm,q5,ff32adfa29d4b5de26293352f53cc983d12d3ededd71fe65ca0ef0d887be65c4,35.20083805890147,0.9879144430160522,0.0138862289762234,0.08398392125964164,0.01848816398312064,0.8657543063163757,19.633447026271448
mbt,q1,ff32adfa29d4b5de26293352f53cc983d12d3ededd71fe65ca0ef0d887be65c4,29.635622205650737,0.9509886503219604,0.18497216666446012,0.2962096216047511,0.13677459516946008,0.6517433524131775,70.7160737879136
mbt,q2,ff32adfa29d4b5de26293352f53cc983d12d3ededd71fe65ca0ef0d887be65c4,22.39309475244025,0.9385098814964294,0.193959751593716,0.2889245195862125,0.13563586473464967,0.6008186936378479,374.77523540422027
mbt,q3,ff32adfa29d4b5de26293352f53cc983d12d3ededd71fe65ca0ef0d887be65c4,8.38921034102609,0.39705467224121094,0.8403225905754987,0.7236847058815115,0.36148566270575805,0.10366237163543701,9422.352047669654
mbt,q4,ff32adfa29d4b5de26293352f53cc983d12d3ededd71fe65ca0ef0d887be65c4,12.891511965779072,0.774931788444519,0.37897271917146796,0.42002451463657264,0.19632314461119035,0.3552006483078003,3341.405355057062
turbo,q1s15,02809272b4ca9b08af45771501b741296187c7e26907efb44abbbfcb6cd804f7,19.394302043516984,0.7837151288986206,0.2577662352253409,0.40403721604277104,0.1702920971547856,0.8576698303222656,747.5670594458486
turbo,q1s30,02809272b4ca9b08af45771501b741296187c7e26907efb44abbbfcb6cd804f7,17.823428844226555,0.6927713751792908,0.32264552782563605,0.4550754673340741,0.19459012659157024,0.8963399529457092,1073.3404003666897
turbo,q1s15,0369d229ba4c9965d5caeb38c359a027a810968eee930b81520b604e76b4df14,28.33366053199679,0.9129549264907837,0.11052043166230707,0.29533097849172707,0.1491770391955095,0.8790316581726074,95.43645689721201
turbo,q1s30,0369d229ba4c9965d5caeb38c359a027a810968eee930b81520b604e76b4df14,26.836654608577312,0.8961151838302612,0.1332766898414668,0.31596675927148143,0.16901245923603284,0.8916033506393433,134.71467261220894
turbo,q1s15,07b9f93f170a0381836bdf301280a5b80b2c4be6e66f793a3c335dc200fb4e5b,22.713114074769713,0.8505102396011353,0.21300794289392583,0.3003917091909577,0.1583456640734392,0.808682382106781,348.15204731062346
turbo,q1s30,07b9f93f170a0381836bdf301280a5b80b2c4be6e66f793a3c335dc200fb4e5b,21.713165027214714,0.8259677886962891,0.24156342622111826,0.3145038059529136,0.17763255501494687,0.8218287229537964,438.292317349303
turbo,q1s15,0d154749c7771f58e89ad343653ec4e20d6f037da829f47f5598e5d0a4ab61f0,24.42050264141022,0.7202007174491882,0.32553934919483524,0.4354270821985076,0.2460731416940689,0.7650891542434692,234.97956566904105
turbo,q1s30,0d154749c7771f58e89ad343653ec4e20d6f037da829f47f5598e5d0a4ab61f0,23.498728697496528,0.6637468338012695,0.39987108891501144,0.4794209557421067,0.2885607074288761,0.6883485913276672,290.54104291130517
turbo,q1s15,1b4ad095795ac552b38a21d51be7bfaee8e7d0a70619d84767814321df4ed062,25.295445191103298,0.7935842871665955,0.2667492926120758,0.3793258823846516,0.17066786477440282,0.849505603313446,192.10374959309897
turbo,q1s30,1b4ad095795ac552b38a21d51be7bfaee8e7d0a70619d84767814321df4ed062,24.413468181844987,0.7557510733604431,0.3073424222437959,0.40685496518486425,0.18985279218146675,0.8746955990791321,235.36048086065995
turbo,q1s15,1cba10ad9bb4ced57e42f7656c5f2a58d32dc6bad084957d2f8d1c78e0fcd224,30.30997491006822,0.9263653755187988,0.149424990512503,0.3535274443695846,0.18137921754596303,0.5689542889595032,60.5456393837543
turbo,q1s30,1cba10ad9bb4ced57e42f7656c5f2a58d32dc6bad084957d2f8d1c78e0fcd224,29.22761750774377,0.9160720705986023,0.18356799184190994,0.3794711771809939,0.20923663733653652,0.6524641513824463,77.6816801299555
turbo,q1s15,2397c73f8feeb8f630fe055da5551c671794afae80528e8612dc62fc0cf61294,22.92482280536818,0.8699247241020203,0.18454908003263615,0.2929534776245846,0.14471383129849152,0.7623803019523621,331.5874465044807
turbo,q1s30,2397c73f8feeb8f630fe055da5551c671794afae80528e8612dc62fc0cf61294,21.87739655412187,0.8312174081802368,0.22269353250808577,0.3206356481594198,0.1724468162831138,0.7502973675727844,422.02745552810967
turbo,q1s15,2684452db505ddbbb53f42a3f3bcfe86fdd0d6d8d98c029db4b4c6fc1f55b750,23.942550633567276,0.837871789932251,0.22474258730516714,0.3573524362024139,0.1647288971087512,0.9577308297157288,262.316311825023
turbo,q1s30,2684452db505ddbbb53f42a3f3bcfe86fdd0d6d8d98c029db4b4c6fc1f55b750,22.35331489621057,0.7884702086448669,0.2756068205570473,0.39155435527072235,0.19795956979779636,0.934328019618988,378.22381531958484
turbo,q1s15,2a760bf1ccea6998be3890dcc2371b23f35fe3006562884b45bc534a621d5c12,31.100827853694003,0.9746434688568115,0.07041194797332945,0.13630502863690772,0.11015765112021873,0.8810272216796875,50.46584802386405
turbo,q1s30,2a760bf1ccea6998be3890dcc2371b23f35fe3006562884b45bc534a621d5c12,29.54668393142889,0.967845618724823,0.09831855818629265,0.15566366666863704,0.12532105836375007,0.8497052192687988,72.17918395996094
turbo,q1s15,4ebc0e6c463bcf8ada38673c268aae56d44864347fd74b81a9fb5659bf96a010,26.04209866974779,0.8224584460258484,0.20542603858253536,0.32274475671789227,0.14301257063360776,0.7023352980613708,161.75976000019148
turbo,q1s30,4ebc0e6c463bcf8ada38673c268aae56d44864347fd74b81a9fb5659bf96a010,25.23489145232425,0.7956968545913696,0.23969863390221316,0.338848571128705,0.1578454934498843,0.7137927412986755,194.80101509842217
turbo,q1s15,50d13125b665e0c4c1673264807bfc3cc7a217819329696843fea4c69aff8b91,30.85106318463911,0.9689924716949463,0.0625402869506027,0.12363789881963064,0.10533620995633743,0.7732742428779602,53.453240966796876
turbo,q1s30,50d13125b665e0c4c1673264807bfc3cc7a217819329696843fea4c69aff8b91,30.16457972570924,0.9610763788223267,0.06962429487749058,0.12704021008137395,0.12083313920918633,0.7635729908943176,62.606927131204046
turbo,q1s15,50fe4c3d47d864858e1aaa60fecef5c453b4e18d2b368718eeb5c1e249e0c902,20.124082821056625,0.8250137567520142,0.29026354867735027,0.38596953681589646,0.18936855888661044,0.3908315896987915,631.9345185707626
turbo,q1s30,50fe4c3d47d864858e1aaa60fecef5c453b4e18d2b368718eeb5c1e249e0c902,18.625831997899184,0.763900876045227,0.33838298742050005,0.4227147576985536,0.20925029689147148,0.44055765867233276,892.2717869134597
turbo,q1s15,581048154e3c4b579c79155742dcf643c18b9bb47782aca7f0768eff185bc32e,21.403561184417836,0.71961510181427,0.4288330101868609,0.4886747196644217,0.20066891856245941,0.31227824091911316,470.6783717787746
turbo,q1s30,581048154e3c4b579c79155742dcf643c18b9bb47782aca7f0768eff185bc32e,20.231051597593087,0.6530246138572693,0.4834098569475688,0.5181558312295558,0.22846276272129226,0.31160563230514526,616.5597943316449
turbo,q1s15,608cb09e6ffc66d4bc838d4088bf4c0ab889d7e83d4f5d78805cbc4497e432a1,21.3306218199213,0.7486869096755981,0.28345354507659,0.4146864171705994,0.18958731696886175,0.23103751242160797,478.65012743582133
turbo,q1s30,608cb09e6ffc66d4bc838d4088bf4c0ab889d7e83d4f5d78805cbc4497e432a1,19.902123990931994,0.6629129648208618,0.35343727542489184,0.46899006208952737,0.2166531293415556,0.21228782832622528,665.0709244472529
turbo,q1s15,79b1bb29124f590c2e99e6c71c18affe25115d594a821cadc58bf24bf94dae8d,20.06668280602898,0.8434289693832397,0.18911377042531968,0.32674401700496675,0.15421501398086548,0.7434858679771423,640.3421358744304
turbo,q1s30,79b1bb29124f590c2e99e6c71c18affe25115d594a821cadc58bf24bf94dae8d,18.825107755457882,0.7996315956115723,0.2255298003554344,0.3602149188518524,0.17134432196617128,0.715156614780426,852.2550539652507
turbo,q1s15,8426ed2245c791232862b0a0b2a62a1f17031e8e6e38921fe939df0b3a05ac41,29.695921706367802,0.9363142848014832,0.1270528668537736,0.31422959081828594,0.16655123606324196,0.5799350738525391,69.74100319544475
turbo,q1s30,8426ed2245c791232862b0a0b2a62a1f17031e8e6e38921fe939df0b3a05ac41,29.304877786131918,0.9248467683792114,0.15193278482183814,0.33964541740715504,0.18510296195745468,0.6569136381149292,76.31195545196533
turbo,q1s15,86127fbdb368eb28c3039cf61aff1c4cfdc4ade24070c8f2389968d5ead681e1,20.931206189535075,0.7799701690673828,0.25259605025658843,0.4125088480163793,0.2070151941209543,0.8170772790908813,524.7588140769083
turbo,q1s30,86127fbdb368eb28c3039cf61aff1c4cfdc4ade24070c8f2389968d5ead681e1,19.684323566284853,0.7058443427085876,0.29917256326460445,0.446251065882503,0.2318699132712161,0.8394044637680054,699.275003735485
turbo,q1s15,937476dd72f98638f34299dda5e9c252621b5e809c364692fc2934e000583286,16.23761273038748,0.5048775672912598,0.4909389888246854,0.2839166385432084,0.24758709967136383,0.28393593430519104,1546.390196694268
turbo,q1s30,937476dd72f98638f34299dda5e9c252621b5e809c364692fc2934e000583286,15.64709482074604,0.4460391700267792,0.48240870237350464,0.2927046666542689,0.24962131679058075,0.3202465772628784,1771.621241569519
turbo,q1s15,a2a946cc516f9eec0f141da3c31a96df94fe342c651af46f0d38f6c04400323a,23.426653100541603,0.8570467829704285,0.18924928364508292,0.3242644636946566,0.15658489132628722,0.336144357919693,295.40310154335174
turbo,q1s30,a2a946cc516f9eec0f141da3c31a96df94fe342c651af46f0d38f6c04400323a,21.902085863526793,0.8021945357322693,0.2358856154824881,0.36005550000597447,0.17799322114271277,0.35726961493492126,419.6350684072457
turbo,q1s15,a365e6541bab5c0f4e01bf43a0c3a655d88292a8ac45403a889c308d11854555,19.58372823580989,0.7660270929336548,0.30911695799406835,0.3991464053883272,0.17442092948100146,0.8495420217514038,715.6613070618872
turbo,q1s30,a365e6541bab5c0f4e01bf43a0c3a655d88292a8ac45403a889c308d11854555,18.610272510638037,0.720099151134491,0.35867270441616284,0.4257932748864679,0.19228634764166438,0.8610601425170898,895.4742662616804
turbo,q1s15,b0b3744cc6b5ad6426b1ac02909b4389ea7fc4140d72a888ccdfb21f573a6db4,19.25616090473113,0.7587264776229858,0.2645412927164751,0.3844046597971636,0.1736255852615132,0.8804882764816284,771.7280225566789
turbo,q1s30,b0b3744cc6b5ad6426b1ac02909b4389ea7fc4140d72a888ccdfb21f573a6db4,18.543698692429228,0.7072407007217407,0.29707767980940203,0.4072895067579606,0.1990550086778753,0.906594455242157,909.306910496132
turbo,q1s15,bb7344a2ba499b2d48b891abee1b903dc17d265437ac57028b5999b6cd5bcdc4,26.06825036759713,0.9197354316711426,0.11377474421169609,0.1736929933540523,0.13948502391576767,0.5192296504974365,160.78862603505453
turbo,q1s30,bb7344a2ba499b2d48b891abee1b903dc17d265437ac57028b5999b6cd5bcdc4,24.95420284808034,0.8965262174606323,0.13248021772596985,0.18273808155208826,0.15895043313503265,0.49191591143608093,207.80695374806723
turbo,q1s15,c9510efb03d1852c29ecad84cc0558768728681a3b9b04eae0dbbd9be142dd95,25.716007859054017,0.9067835807800293,0.13606536118861506,0.28477198499090534,0.12591065659242517,0.8722434043884277,174.37313471775428
turbo,q1s30,c9510efb03d1852c29ecad84cc0558768728681a3b9b04eae0dbbd9be142dd95,23.53092727401528,0.8633851408958435,0.18610516830402263,0.3297051239539595,0.15021558544215033,0.8853205442428589,288.3949381510417
turbo,q1s15,d0208a1e9b4fde642b9752da2907d82d5b530a6e2e6e18ef71d5524a92d1cf9a,19.70734494170173,0.6108282804489136,0.44629530258038463,0.5003962555352379,0.18968823780031766,0.8718129992485046,695.5780467313879
turbo,q1s30,d0208a1e9b4fde642b9752da2907d82d5b530a6e2e6e18ef71d5524a92d1cf9a,18.97366197533091,0.5425584316253662,0.4870701213969904,0.5174088883049348,0.2042608827352524,0.9056522250175476,823.5958760579427
turbo,q1s15,da52c4f66dc00c2f381e8475fbf8a7aa2c5433a9c59cc175646c62e02892faf7,18.785506346951067,0.7973910570144653,0.2794616518651738,0.3881440895445207,0.1726173023967182,0.5682621002197266,860.0619335698146
turbo,q1s30,da52c4f66dc00c2f381e8475fbf8a7aa2c5433a9c59cc175646c62e02892faf7,17.020546968442535,0.7002038955688477,0.3371087735190111,0.4462858023888924,0.19941004093955544,0.6623421311378479,1291.295578661152
turbo,q1s15,e0d8e29cadfc99663c7d1a4a5afe20c454ec54d0d873776ec397c59405c74790,27.498320663537513,0.8910326361656189,0.20924540762515628,0.35524239618988596,0.18452025318846982,0.7761605381965637,115.67734027937347
turbo,q1s30,e0d8e29cadfc99663c7d1a4a5afe20c454ec54d0d873776ec397c59405c74790,26.82270990138484,0.8776779174804688,0.24881389395279044,0.371872878863531,0.2069042873733184,0.7836746573448181,135.14792145373775
turbo,q1s15,ebfd571f1c6824316047a29cb5f376eec15f56dd51821119c1842be068a8b950,21.632617702899633,0.9515849947929382,0.07232669909717515,0.08868819230701774,0.0846034474670887,0.06532914936542511,446.4970466295878
turbo,q1s30,ebfd571f1c6824316047a29cb5f376eec15f56dd51821119c1842be068a8b950,20.96200990946867,0.9361568689346313,0.08683560506324284,0.10180427378509194,0.08865619078278542,0.06402932852506638,521.0499636332194
turbo,q1s15,eda6d42794b0d0140628fa90fc0c14a7ba88159b8474d0077027c32ee2ddf6f0,21.052988263453287,0.8208070993423462,0.2594640186312152,0.381509279357452,0.16413051269802392,0.701919674873352,510.2482624926598
turbo,q1s30,eda6d42794b0d0140628fa90fc0c14a7ba88159b8474d0077027c32ee2ddf6f0,19.649694537636357,0.7667053937911987,0.31941033118203577,0.42242857463219585,0.18509920613438474,0.6920130848884583,704.8730515623404
turbo,q1s15,f67f11de4ca9ebda3db52c41fd3d26c3105687b2d37571e54631a1e4486d0b30,29.922844531028318,0.9319723844528198,0.09597702269378465,0.21605164134034924,0.13399233420689902,0.7019363641738892,66.19053749632991
turbo,q1s30,f67f11de4ca9ebda3db52c41fd3d26c3105687b2d37571e54631a1e4486d0b30,28.995732833558886,0.9225541353225708,0.11749623417534738,0.23307319858348838,0.15927517881580427,0.7493270039558411,81.94209768257889
turbo,q1s15,ff32adfa29d4b5de26293352f53cc983d12d3ededd71fe65ca0ef0d887be65c4,24.23763664963341,0.8650216460227966,0.1664944761816193,0.2835656564025318,0.11856970769517562,0.9376301765441895,245.08497972675397
turbo,q1s30,ff32adfa29d4b5de26293352f53cc983d12d3ededd71fe65ca0ef0d887be65c4,22.1331072303356,0.8080098032951355,0.21858881961773424,0.32615239931380047,0.13921746190856485,0.9501487612724304,397.89605916341145
turbo,q2s15,02809272b4ca9b08af45771501b741296187c7e26907efb44abbbfcb6cd804f7,19.430181148409183,0.7954202890396118,0.23433988160070252,0.378680486451177,0.16496870657976936,0.8895299434661865,741.416498520795
turbo,q2s30,02809272b4ca9b08af45771501b741296187c7e26907efb44abbbfcb6cd804f7,17.694954615311993,0.6946940422058105,0.30649942764464544,0.4417690555838978,0.19324053648640127,0.9309124946594238,1105.566573199104
turbo,q2s15,0369d229ba4c9965d5caeb38c359a027a810968eee930b81520b604e76b4df14,28.435857604171133,0.9184888601303101,0.09844531001632705,0.27903678767821366,0.14123135507106782,0.9086641073226929,93.21688806870404
turbo,q2s30,0369d229ba4c9965d5caeb38c359a027a810968eee930b81520b604e76b4df14,26.782740779880942,0.8985943794250488,0.12631909525131477,0.3062688882736599,0.16492184260312248,0.9078356027603149,136.39745998008578
turbo,q2s15,07b9f93f170a0381836bdf301280a5b80b2c4be6e66f793a3c335dc200fb4e5b,22.717898527067252,0.8594449758529663,0.18361015898339889,0.273623427047449,0.14362775508095235,0.8268728256225586,347.7687130198759
turbo,q2s30,07b9f93f170a0381836bdf301280a5b80b2c4be6e66f793a3c335dc200fb4e5b,21.69193203153747,0.8302171230316162,0.21325431334621767,0.29540160675259197,0.1661189293160158,0.7998817563056946,440.4404094621247
turbo,q2s15,0d154749c7771f58e89ad343653ec4e20d6f037da829f47f5598e5d0a4ab61f0,24.638451265687277,0.7567524909973145,0.2719371780753136,0.3991292448604808,0.20991256131845362,0.739953339099884,223.47823582069546
turbo,q2s30,0d154749c7771f58e89ad343653ec4e20d6f037da829f47f5598e5d0a4ab61f0,23.612057572066867,0.6910734176635742,0.34003373147810206,0.43985062206492703,0.25459653191706716,0.7497623562812805,283.05745897480085
turbo,q2s15,1b4ad095795ac552b38a21d51be7bfaee8e7d0a70619d84767814321df4ed062,25.687372525793023,0.8132055997848511,0.23348490658559298,0.3510417173567571,0.15230399056484825,0.816480815410614,175.52666781241433
turbo,q2s30,1b4ad095795ac552b38a21d51be7bfaee8e7d0a70619d84767814321df4ed062,24.656733337971914,0.7690083384513855,0.2818037934209171,0.3862348198890686,0.1691689405002092,0.8521038293838501,222.53945855927049
turbo,q2s15,1cba10ad9bb4ced57e42f7656c5f2a58d32dc6bad084957d2f8d1c78e0fcd224,30.69029358121531,0.9324634075164795,0.1383006891814395,0.32639795939609845,0.16621673150548658,0.5400434732437134,55.469085100785044
turbo,q2s30,1cba10ad9bb4ced57e42f7656c5f2a58d32dc6bad084957d2f8d1c78e0fcd224,29.308703318011492,0.9195215106010437,0.17505171855242507,0.3659706512122478,0.19910743528778113,0.6612635254859924,76.24476480329693
turbo,q2s15,2397c73f8feeb8f630fe055da5551c671794afae80528e8612dc62fc0cf61294,22.96511926141196,0.8804776072502136,0.17074272165841917,0.2741687910521732,0.13310147418695337,0.8357752561569214,328.52500813802084
turbo,q2s30,2397c73f8feeb8f630fe055da5551c671794afae80528e8612dc62fc0cf61294,21.85906597675185,0.8361111879348755,0.21461264048429096,0.30728687727276016,0.16147445142269135,0.8367824554443359,423.81250143612135
turbo,q2s15,2684452db505ddbbb53f42a3f3bcfe86fdd0d6d8d98c029db4b4c6fc1f55b750,24.153979404004442,0.8518211245536804,0.20130625380312694,0.33528013838564646,0.15673896950833938,0.9588451385498047,249.85176427504595
turbo,q2s30,2684452db505ddbbb53f42a3f3bcfe86fdd0d6d8d98c029db4b4c6fc1f55b750,22.455455672612523,0.7969445586204529,0.2665399739847464,0.3858266416717978,0.19881377833731034,0.9491845965385437,369.43224032532936
turbo,q2s15,2a760bf1ccea6998be3890dcc2371b23f35fe3006562884b45bc534a621d5c12,31.883161079669847,0.9769423007965088,0.05579548563551286,0.12664337571838807,0.10468839263093882,0.9161591529846191,42.14676569796156
turbo,q2s30,2a760bf1ccea6998be3890dcc2371b23f35fe3006562884b45bc534a621d5c12,30.175141830801977,0.969426155090332,0.08386930720559482,0.149902174056604,0.12034289230560434,0.8872891068458557,62.45485117243624
turbo,q2s15,4ebc0e6c463bcf8ada38673c268aae56d44864347fd74b81a9fb5659bf96a010,26.47526697085162,0.8581600189208984,0.18807256660040686,0.29008957099388627,0.1406929256284938,0.7420312166213989,146.40424314012714
turbo,q2s30,4ebc0e6c463bcf8ada38673c268aae56d44864347fd74b81a9fb5659bf96a010,25.471438378216924,0.8244149684906006,0.22454718719510472,0.3167970082339118,0.16421806636978598,0.7409314513206482,184.47457694259344
turbo,q2s15,50d13125b665e0c4c1673264807bfc3cc7a217819329696843fea4c69aff8b91,30.934128486849918,0.9685481786727905,0.05424193501462201,0.12845758562633658,0.09452470278038698,0.7936782836914062,52.44058311312806
turbo,q2s30,50d13125b665e0c4c1673264807bfc3cc7a217819329696843fea4c69aff8b91,30.160028255288466,0.9622517824172974,0.055945796349688486,0.13092556021395413,0.11150497794151307,0.8020597100257874,62.672574510761336
turbo,q2s15,50fe4c3d47d864858e1aaa60fecef5c453b4e18d2b368718eeb5c1e249e0c902,20.315657395527094,0.8357214331626892,0.2603194209528558,0.3564840543233318,0.16656138904300738,0.7050701975822449,604.6647081414368
turbo,q2s30,50fe4c3d47d864858e1aaa60fecef5c453b4e18d2b368718eeb5c1e249e0c902,18.63155073060512,0.7677571773529053,0.31791524469484517,0.4028077494399047,0.19176336368660868,0.7450679540634155,891.0976283697435
turbo,q2s15,581048154e3c4b579c79155742dcf643c18b9bb47782aca7f0768eff185bc32e,21.81017477183544,0.7465934753417969,0.3689385920271769,0.44288563564583494,0.17985259831606687,0.4032631814479828,428.6105765877189
turbo,q2s30,581048154e3c4b579c79155742dcf643c18b9bb47782aca7f0768eff185bc32e,20.513760671911484,0.6723193526268005,0.4444608266700755,0.4868675751181749,0.2118592226243281,0.3929550051689148,577.7025621574877
turbo,q2s15,608cb09e6ffc66d4bc838d4088bf4c0ab889d7e83d4f5d78805cbc4497e432a1,21.548794855085127,0.7691363096237183,0.24978040443623767,0.3811292134079279,0.16872406093513265,0.24897171556949615,455.198555640925
turbo,q2s30,608cb09e6ffc66d4bc838d4088bf4c0ab889d7e83d4f5d78805cbc4497e432a1,19.872740383634678,0.6695910692214966,0.33566899897128927,0.45333200123380213,0.20582103349414527,0.23604489862918854,669.5859350067338
turbo,q2s15,79b1bb29124f590c2e99e6c71c18affe25115d594a821cadc58bf24bf94dae8d,20.164783200685427,0.8517057299613953,0.16936606727540493,0.30544222742319105,0.1413915067911148,0.8220333456993103,626.0399394989014
turbo,q2s30,79b1bb29124f590c2e99e6c71c18affe25115d594a821cadc58bf24bf94dae8d,18.746290251398268,0.8009929656982422,0.21446685642004013,0.3471251308917999,0.16204350888729097,0.7993872165679932,867.8633246103923
turbo,q2s15,8426ed2245c791232862b0a0b2a62a1f17031e8e6e38921fe939df0b3a05ac41,29.86438407259508,0.940306544303894,0.11965884687379003,0.299230569973588,0.15357492119073868,0.5757638812065125,67.08755334218343
turbo,q2s30,8426ed2245c791232862b0a0b2a62a1f17031e8e6e38921fe939df0b3a05ac41,29.43307876785852,0.9278169870376587,0.14664646610617638,0.3268676660954952,0.17779114842414856,0.642836332321167,74.09219892819722
turbo,q2s15,86127fbdb368eb28c3039cf61aff1c4cfdc4ade24070c8f2389968d5ead681e1,21.13918920049762,0.8021687269210815,0.22298790380114414,0.36282540259302637,0.18611714097320056,0.8569014072418213,500.22044797803534
turbo,q2s30,86127fbdb368eb28c3039cf61aff1c4cfdc4ade24070c8f2389968d5ead681e1,19.665241897412066,0.7159260511398315,0.28098625909598146,0.41611251076225375,0.21715498507999983,0.8835598230361938,702.3541795073962
turbo,q2s15,937476dd72f98638f34299dda5e9c252621b5e809c364692fc2934e000583286,16.2047223767993,0.5152571201324463,0.48006534328063327,0.27694205194711685,0.24683559934298197,0.32821521162986755,1558.1459069781833
turbo,q2s30,937476dd72f98638f34299dda5e9c252621b5e809c364692fc2934e000583286,15.580412691691725,0.4464341998100281,0.4823446546991666,0.29144692917664844,0.2519763459761937,0.3361818492412567,1799.032842318217
turbo,q2s15,a2a946cc516f9eec0f141da3c31a96df94fe342c651af46f0d38f6c04400323a,23.43049781919678,0.870294988155365,0.17088296218391727,0.29815605291548897,0.143900545204387,0.416627436876297,295.14170304840684
turbo,q2s30,a2a946cc516f9eec0f141da3c31a96df94fe342c651af46f0d38f6c04400323a,21.772900911379303,0.8077410459518433,0.2285994237727102,0.34706084311884994,0.17189724655712352,0.3900551199913025,432.3050111060049
turbo,q2s15,a365e6541bab5c0f4e01bf43a0c3a655d88292a8ac45403a889c308d11854555,19.6560562296486,0.7795615196228027,0.2660644233226776,0.3555148325422231,0.15375967025756837,0.8855204582214355,703.8412856158088
turbo,q2s30,a365e6541bab5c0f4e01bf43a0c3a655d88292a8ac45403a889c308d11854555,18.596821156292826,0.7265851497650146,0.32038582019946155,0.3877428181031171,0.176132250884,0.874643087387085,898.2521083457797
turbo,q2s15,b0b3744cc6b5ad6426b1ac02909b4389ea7fc4140d72a888ccdfb21f573a6db4,19.37733298534577,0.7780330181121826,0.23623455666443882,0.3543482617420309,0.15952303497230305,0.9064828753471375,750.4937197217754
turbo,q2s30,b0b3744cc6b5ad6426b1ac02909b4389ea7fc4140d72a888ccdfb21f573a6db4,18.578676084439678,0.719035804271698,0.27457160993533974,0.3863568563671673,0.1858764334636576,0.926206111907959,902.0129079781326
turbo,q2s15,bb7344a2ba499b2d48b891abee1b903dc17d265437ac57028b5999b6cd5bcdc4,26.185900008055974,0.9309449195861816,0.09721246897242963,0.14264048100449145,0.12665411084890366,0.508728563785553,156.49135828018188
turbo,q2s30,bb7344a2ba499b2d48b891abee1b903dc17d265437ac57028b5999b6cd5bcdc4,24.992926946113702,0.9025380611419678,0.12285235617309809,0.15748907066881657,0.15495572984218597,0.5003063678741455,205.96226835250854
turbo,q2s15,c9510efb03d1852c29ecad84cc0558768728681a3b9b04eae0dbbd9be142dd95,25.99334669080457,0.9163693785667419,0.12244553094839349,0.26326418015010217,0.11934242353719823,0.89469313621521,163.58583374023436
turbo,q2s30,c9510efb03d1852c29ecad84cc0558768728681a3b9b04eae0dbbd9be142dd95,23.59067326489978,0.869559645652771,0.17866795880391317,0.31798615999081553,0.14484395297134625,0.885405421257019,284.45464788698683
turbo,q2s15,d0208a1e9b4fde642b9752da2907d82d5b530a6e2e6e18ef71d5524a92d1cf9a,19.87490357964129,0.6470929384231567,0.35759764392586313,0.43899431114687637,0.15963462012655594,0.8224472999572754,669.2525011249617
turbo,q2s30,d0208a1e9b4fde642b9752da2907d82d5b530a6e2e6e18ef71d5524a92d1cf9a,19.027335610443505,0.5656403303146362,0.4211313244174508,0.4764428690952413,0.181849867105484,0.8803932666778564,813.4798499013864
turbo,q2s15,da52c4f66dc00c2f381e8475fbf8a7aa2c5433a9c59cc175646c62e02892faf7,18.946963108089577,0.8110766410827637,0.25042252163676654,0.3597906296744066,0.15897987221970278,0.6383728384971619,828.6746433632046
turbo,q2s30,da52c4f66dc00c2f381e8475fbf8a7aa2c5433a9c59cc175646c62e02892faf7,16.97788554990459,0.703938364982605,0.321093531303546,0.4328023718560443,0.18838795213138357,0.739465594291687,1304.0426806879977
turbo,q2s15,e0d8e29cadfc99663c7d1a4a5afe20c454ec54d0d873776ec397c59405c74790,27.587178410535085,0.8988027572631836,0.1718064001377891,0.3375868792919552,0.16283796622472652,0.774435818195343,113.3346009497549
turbo,q2s30,e0d8e29cadfc99663c7d1a4a5afe20c454ec54d0d873776ec397c59405c74790,26.801720756094817,0.8821384310722351,0.20822678795632193,0.36120282017132815,0.19089488509823294,0.7846381664276123,135.8026626886106
turbo,q2s15,ebfd571f1c6824316047a29cb5f376eec15f56dd51821119c1842be068a8b950,21.694839898093573,0.9538675546646118,0.061501239135395736,0.06712098594289273,0.07188044115900993,0.09945398569107056,440.1456064383189
turbo,q2s30,ebfd571f1c6824316047a29cb5f376eec15f56dd51821119c1842be068a8b950,20.858297288151558,0.9365637302398682,0.07502599860890768,0.07716514798812568,0.08064176887273788,0.068116195499897,533.6427727540334
turbo,q2s15,eda6d42794b0d0140628fa90fc0c14a7ba88159b8474d0077027c32ee2ddf6f0,21.154776174952307,0.8284267783164978,0.2227541967934253,0.3474986649611417,0.15134481881179063,0.7781722545623779,498.428357891008
turbo,q2s30,eda6d42794b0d0140628fa90fc0c14a7ba88159b8474d0077027c32ee2ddf6f0,19.59551855387908,0.767647385597229,0.2842481915711188,0.3969969125647171,0.1766295763207417,0.7677178978919983,713.7210495892693
turbo,q2s15,f67f11de4ca9ebda3db52c41fd3d26c3105687b2d37571e54631a1e4486d0b30,30.03232082304371,0.933868408203125,0.08870477554406606,0.21062589462335204,0.12953919230722913,0.7268828749656677,64.54287081450418
turbo,q2s30,f67f11de4ca9ebda3db52c41fd3d26c3105687b2d37571e54631a1e4486d0b30,28.997972842134708,0.9241222143173218,0.11333609596077426,0.22864105406345106,0.1517012092997046,0.7542866468429565,81.89984440024382
turbo,q2s15,ff32adfa29d4b5de26293352f53cc983d12d3ededd71fe65ca0ef0d887be65c4,24.543426432664344,0.8780491352081299,0.15244970540789998,0.26436300606412044,0.11424607581952038,0.9408009052276611,228.42188840379902
turbo,q2s30,ff32adfa29d4b5de26293352f53cc983d12d3ededd71fe65ca0ef0d887be65c4,22.284450701863587,0.8156176805496216,0.2102033435860101,0.3166163839838084,0.13716321289539338,0.9485408663749695,384.2689473470052
turbo,q3s15,02809272b4ca9b08af45771501b741296187c7e26907efb44abbbfcb6cd804f7,19.06822821100213,0.792037844657898,0.23019750837017508,0.3624891063746284,0.15178679245359758,0.9572615027427673,805.8561780742571
turbo,q3s30,02809272b4ca9b08af45771501b741296187c7e26907efb44abbbfcb6cd804f7,17.431391536776403,0.6887511610984802,0.3082162879845675,0.43420341453131506,0.18050306456930498,0.9618282318115234,1174.7385134229473
turbo,q3s15,0369d229ba4c9965d5caeb38c359a027a810968eee930b81520b604e76b4df14,28.721269732134743,0.9250426292419434,0.09296726346673334,0.26512741691925945,0.13905386731905095,0.9007729291915894,87.28776783662684
turbo,q3s30,0369d229ba4c9965d5caeb38c359a027a810968eee930b81520b604e76b4df14,26.969168341538385,0.9039607048034668,0.12223704391542603,0.29745595902204514,0.1620018936255399,0.9050248861312866,130.66627987132352
turbo,q3s15,07b9f93f170a0381836bdf301280a5b80b2c4be6e66f793a3c335dc200fb4e5b,22.83055238568845,0.8660006523132324,0.1758310557288282,0.26659832666901984,0.13508207447388593,0.8281891942024231,338.8637575635723
turbo,q3s30,07b9f93f170a0381836bdf301280a5b80b2c4be6e66f793a3c335dc200fb4e5b,21.76405804081761,0.8351141214370728,0.21070121702025918,0.29138124997124953,0.16136472312843098,0.8260432481765747,433.186144062117
turbo,q3s15,0d154749c7771f58e89ad343653ec4e20d6f037da829f47f5598e5d0a4ab61f0,24.436304584136987,0.7692720293998718,0.2461400887107148,0.38398631495587965,0.1899504005908966,0.8247408270835876,234.126138604856
turbo,q3s30,0d154749c7771f58e89ad343653ec4e20d6f037da829f47f5598e5d0a4ab61f0,23.431615848057525,0.6952084302902222,0.3172341509776957,0.4306971897097195,0.23821103642968572,0.8101876974105835,295.06573282877605
turbo,q3s15,1b4ad095795ac552b38a21d51be7bfaee8e7d0a70619d84767814321df4ed062,25.875220732878155,0.8209525942802429,0.21728855351868429,0.33273664234500183,0.14222991074386396,0.803695023059845,168.09635162353516
turbo,q3s30,1b4ad095795ac552b38a21d51be7bfaee8e7d0a70619d84767814321df4ed062,24.785121767218484,0.772849440574646,0.2725382733501886,0.3741390112983553,0.17249166181212977,0.8450574278831482,216.0569217079564
turbo,q3s15,1cba10ad9bb4ced57e42f7656c5f2a58d32dc6bad084957d2f8d1c78e0fcd224,30.984377992266094,0.9370895624160767,0.13439469743809365,0.2959055713947537,0.16225618152942473,0.5500742197036743,51.83732254373989
turbo,q3s30,1cba10ad9bb4ced57e42f7656c5f2a58d32dc6bad084957d2f8d1c78e0fcd224,29.476652042733082,0.9228014945983887,0.17491499604024355,0.3560425916198388,0.19917837826951038,0.6469674706459045,73.35253995136149
turbo,q3s15,2397c73f8feeb8f630fe055da5551c671794afae80528e8612dc62fc0cf61294,22.83356926684769,0.8803004622459412,0.16052012605702176,0.25989327093257625,0.12873458459096795,0.8831955194473267,338.62844334022674
turbo,q3s30,2397c73f8feeb8f630fe055da5551c671794afae80528e8612dc62fc0cf61294,21.684686751740333,0.8339062929153442,0.20794385594918446,0.2979055649655707,0.15870474243865293,0.893771231174469,441.17580386891086
turbo,q3s15,2684452db505ddbbb53f42a3f3bcfe86fdd0d6d8d98c029db4b4c6fc1f55b750,24.105853342528896,0.8599677085876465,0.1899002708494663,0.31190079314743774,0.15368138060850256,0.9606235027313232,252.63587790096508
turbo,q3s30,2684452db505ddbbb53f42a3f3bcfe86fdd0d6d8d98c029db4b4c6fc1f55b750,22.379329547594633,0.8025621771812439,0.25858004825080144,0.3680365964770317,0.19544052148566526,0.9465833902359009,375.9649908327589
turbo,q3s15,2a760bf1ccea6998be3890dcc2371b23f35fe3006562884b45bc534a621d5c12,32.082849042067906,0.9775011539459229,0.05372801114772928,0.10289641309144168,0.10039200299772723,0.9226638674736023,40.25274079421471
turbo,q3s30,2a760bf1ccea6998be3890dcc2371b23f35fe3006562884b45bc534a621d5c12,30.2906261470812,0.9696264266967773,0.08107444631128476,0.12661059881592618,0.11734591835531695,0.9160833358764648,60.81598514249955
turbo,q3s15,4ebc0e6c463bcf8ada38673c268aae56d44864347fd74b81a9fb5659bf96a010,26.616486615165726,0.8670538663864136,0.17681560625924783,0.2836845370776513,0.13736601279062383,0.7336161136627197,141.72018133425246
turbo,q3s30,4ebc0e6c463bcf8ada38673c268aae56d44864347fd74b81a9fb5659bf96a010,25.486696776360912,0.8298141360282898,0.2209630150567083,0.3131060634465779,0.16223899494199193,0.7470462322235107,183.82758561676624
turbo,q3s15,50d13125b665e0c4c1673264807bfc3cc7a217819329696843fea4c69aff8b91,30.932706837534166,0.969843327999115,0.03763878807076253,0.12365730666171978,0.08928952532656052,0.8021471500396729,52.457752182904414
turbo,q3s30,50d13125b665e0c4c1673264807bfc3cc7a217819329696843fea4c69aff8b91,30.139274518637844,0.9627537131309509,0.04781146365258952,0.12823023024727317,0.10542957397068248,0.7800987958908081,62.97278621897978
turbo,q3s15,50fe4c3d47d864858e1aaa60fecef5c453b4e18d2b368718eeb5c1e249e0c902,20.195423488060044,0.8364042639732361,0.2324254144397047,0.3274049918040817,0.1438045201846111,0.8315685987472534,621.6386549207899
turbo,q3s30,50fe4c3d47d864858e1aaa60fecef5c453b4e18d2b368718eeb5c1e249e0c902,18.44650317455957,0.7633640766143799,0.30151026291243826,0.38762591310121397,0.17670673279114713,0.8410831093788147,929.8867156103315
turbo,q3s15,581048154e3c4b579c79155742dcf643c18b9bb47782aca7f0768eff185bc32e,21.72354388161154,0.7549476623535156,0.31254533637355975,0.4102851322719029,0.16412354579993657,0.4217146337032318,437.2461284036601
turbo,q3s30,581048154e3c4b579c79155742dcf643c18b9bb47782aca7f0768eff185bc32e,20.37609801283482,0.674210786819458,0.3954113837290596,0.46314357949809715,0.19749008151856098,0.4831759035587311,596.3078953110692
turbo,q3s15,608cb09e6ffc66d4bc838d4088bf4c0ab889d7e83d4f5d78805cbc4497e432a1,21.437188181673108,0.7686154246330261,0.23655596704167478,0.3634743094444275,0.15790335424974852,0.4114897847175598,467.04802798601537
turbo,q3s30,608cb09e6ffc66d4bc838d4088bf4c0ab889d7e83d4f5d78805cbc4497e432a1,19.694359341883697,0.6628103256225586,0.3303753315087627,0.4462769726912181,0.19774256675851112,0.35569313168525696,697.6609687555849
turbo,q3s15,79b1bb29124f590c2e99e6c71c18affe25115d594a821cadc58bf24bf94dae8d,19.969783241551497,0.8523286581039429,0.15476766973733902,0.28681297451257703,0.1276340216398239,0.8344676494598389,654.7899977366129
turbo,q3s30,79b1bb29124f590c2e99e6c71c18affe25115d594a821cadc58bf24bf94dae8d,18.49433594528757,0.7976782321929932,0.2064274162054062,0.3365557849407196,0.1522478222846985,0.8297654390335083,919.7012279510498
turbo,q3s15,8426ed2245c791232862b0a0b2a62a1f17031e8e6e38921fe939df0b3a05ac41,29.80263284568469,0.9435648918151855,0.1148116160184145,0.2896658657118678,0.15212711319327354,0.5369972586631775,68.04826807975769
turbo,q3s30,8426ed2245c791232862b0a0b2a62a1f17031e8e6e38921fe939df0b3a05ac41,29.29646172146207,0.9297473430633545,0.14325713040307164,0.3187471888959408,0.17414791882038116,0.6269857883453369,76.45998152097066
turbo,q3s15,86127fbdb368eb28c3039cf61aff1c4cfdc4ade24070c8f2389968d5ead681e1,20.973475452918045,0.8013080358505249,0.20242687968201326,0.3327091176246033,0.1628581036309727,0.9097042083740234,519.6761856496008
turbo,q3s30,86127fbdb368eb28c3039cf61aff1c4cfdc4ade24070c8f2389968d5ead681e1,19.435278959512683,0.7031974196434021,0.26823652779958285,0.39875848200477537,0.21151198886457037,0.9176496267318726,740.5467237462111
turbo,q3s15,937476dd72f98638f34299dda5e9c252621b5e809c364692fc2934e000583286,16.06920427762561,0.5298615097999573,0.37083501120408374,0.26289864629507065,0.2389122943083445,0.40684932470321655,1607.533133506775
turbo,q3s30,937476dd72f98638f34299dda5e9c252621b5e809c364692fc2934e000583286,15.295562658943977,0.4467061460018158,0.4166466146707535,0.275341438750426,0.24265828728675842,0.37053340673446655,1920.9855364693535
turbo,q3s15,a2a946cc516f9eec0f141da3c31a96df94fe342c651af46f0d38f6c04400323a,23.433932331141367,0.8745967745780945,0.16234766556059613,0.2818922598572338,0.13847039569826686,0.48572880029678345,294.9083897010953
turbo,q3s30,a2a946cc516f9eec0f141da3c31a96df94fe342c651af46f0d38f6c04400323a,21.649864047744675,0.807858943939209,0.22730366974411642,0.340894563364632,0.1733149248010972,0.4664323627948761,444.72747024835326
turbo,q3s15,a365e6541bab5c0f4e01bf43a0c3a655d88292a8ac45403a889c308d11854555,19.4935358329438,0.7816929221153259,0.23239615756799192,0.3317233481827904,0.13501407486550948,0.8813821077346802,730.6792554668351
turbo,q3s30,a365e6541bab5c0f4e01bf43a0c3a655d88292a8ac45403a889c308d11854555,18.443674556553894,0.7245186567306519,0.29567237014279646,0.3715563601430725,0.16232340107945836,0.8717401623725891,930.4925605325138
turbo,q3s15,b0b3744cc6b5ad6426b1ac02909b4389ea7fc4140d72a888ccdfb21f573a6db4,19.17233725530786,0.7805252075195312,0.20761062783353468,0.330473792552948,0.14870014453635497,0.931771457195282,786.7679052016314
turbo,q3s30,b0b3744cc6b5ad6426b1ac02909b4389ea7fc4140d72a888ccdfb21f573a6db4,18.357674444640246,0.7192689776420593,0.24995065498001434,0.36783806094351934,0.18159413846100078,0.9475685954093933,949.1020608340992
turbo,q3s15,bb7344a2ba499b2d48b891abee1b903dc17d265437ac57028b5999b6cd5bcdc4,26.34120393730461,0.9340357184410095,0.09231183532392606,0.13024258438963443,0.11091863363981247,0.5469874739646912,150.9940962791443
turbo,q3s30,bb7344a2ba499b2d48b891abee1b903dc17d265437ac57028b5999b6cd5bcdc4,25.006995211816438,0.9035810232162476,0.1207949697272852,0.14937189465854317,0.14330892264842987,0.4676344394683838,205.2961664199829
turbo,q3s15,c9510efb03d1852c29ecad84cc0558768728681a3b9b04eae0dbbd9be142dd95,26.210005131655713,0.9216691851615906,0.11614064907326418,0.2488391362130642,0.11340709539020763,0.875217854976654,155.62517317229626
turbo,q3s30,c9510efb03d1852c29ecad84cc0558768728681a3b9b04eae0dbbd9be142dd95,23.62910262417405,0.8719635009765625,0.1776229044970344,0.31226523027700537,0.14416138897923864,0.8698888421058655,281.9487012676164
turbo,q3s15,d0208a1e9b4fde642b9752da2907d82d5b530a6e2e6e18ef71d5524a92d1cf9a,19.71171044395357,0.6556667685508728,0.30717574717367396,0.40503468715092716,0.14389807073508992,0.7165613770484924,694.8792071174173
turbo,q3s30,d0208a1e9b4fde642b9752da2907d82d5b530a6e2e6e18ef71d5524a92d1cf9a,18.87155846492126,0.5681830644607544,0.37433701543247,0.45382447523229263,0.1722827632637585,0.806572437286377,843.1881887398514
turbo,q3s15,da52c4f66dc00c2f381e8475fbf8a7aa2c5433a9c59cc175646c62e02892faf7,18.759536165841276,0.8082651495933533,0.2353644195724936,0.3438408199478598,0.1510161231545841,0.7633084058761597,865.2203874176623
turbo,q3s30,da52c4f66dc00c2f381e8475fbf8a7aa2c5433a9c59cc175646c62e02892faf7,16.73056645297242,0.6929585337638855,0.3181315623662051,0.42918519219931434,0.1855690736980999,0.8393813967704773,1380.4596454695159
turbo,q3s15,e0d8e29cadfc99663c7d1a4a5afe20c454ec54d0d873776ec397c59405c74790,27.518260729737243,0.9060811400413513,0.15580010734060232,0.31171251706340736,0.15185093248591702,0.7694875001907349,115.14744023341758
turbo,q3s30,e0d8e29cadfc99663c7d1a4a5afe20c454ec54d0d873776ec397c59405c74790,26.681205562476265,0.8860783576965332,0.1969468595131355,0.3402904210721745,0.1795587583499796,0.7827073931694031,139.62391285615809
turbo,q3s15,ebfd571f1c6824316047a29cb5f376eec15f56dd51821119c1842be068a8b950,21.75702292407,0.9545949697494507,0.058259044104488567,0.05608135799411684,0.06940839439630508,0.11100731045007706,433.88842900594074
turbo,q3s30,ebfd571f1c6824316047a29cb5f376eec15f56dd51821119c1842be068a8b950,20.846623231113707,0.9359027147293091,0.07185426168143749,0.06612019732710905,0.08159272000193596,0.09256438165903091,535.0791614055634
turbo,q3s15,eda6d42794b0d0140628fa90fc0c14a7ba88159b8474d0077027c32ee2ddf6f0,21.071515347017474,0.8301438093185425,0.20917075485283254,0.3338045622496044,0.1388025567227719,0.8428469896316528,508.0761702793096
turbo,q3s30,eda6d42794b0d0140628fa90fc0c14a7ba88159b8474d0077027c32ee2ddf6f0,19.46450908561488,0.7640504837036133,0.27782686427235603,0.39243951176895814,0.17132689964537526,0.832915723323822,735.5792205411624
turbo,q3s15,f67f11de4ca9ebda3db52c41fd3d26c3105687b2d37571e54631a1e4486d0b30,30.451585340018458,0.9383500814437866,0.07961807161222632,0.20219086994435273,0.12001403844824024,0.6983688473701477,58.60326689676522
turbo,q3s30,f67f11de4ca9ebda3db52c41fd3d26c3105687b2d37571e54631a1e4486d0b30,29.43392224806939,0.9286619424819946,0.09986359803873461,0.2175435912886671,0.1436859714049919,0.7080000638961792,74.0778102500766
turbo,q3s15,ff32adfa29d4b5de26293352f53cc983d12d3ededd71fe65ca0ef0d887be65c4,24.75383088886864,0.8862868547439575,0.14226127854164908,0.2467816097333151,0.10748771060915555,0.9545159935951233,217.61923133999693
turbo,q3s30,ff32adfa29d4b5de26293352f53cc983d12d3ededd71fe65ca0ef0d887be65c4,22.347943565791162,0.8201090693473816,0.20431754343649922,0.30571376295650704,0.13208875498350928,0.9549685716629028,378.6918898638557
vtm420,qp50,0369d229ba4c9965d5caeb38c359a027a810968eee930b81520b604e76b4df14,29.588484809508245,0.9105029702186584,0.2979323857847382,0.4795733281794716,0.2605304749572978,0.12717190384864807,71.48779141295189
vtm420,qp50,0d154749c7771f58e89ad343653ec4e20d6f037da829f47f5598e5d0a4ab61f0,25.761729436911864,0.7448146939277649,0.7407906903940089,0.6705649440779405,0.3630251144661623,0.19821767508983612,172.5470017377068
vtm420,qp50,1b4ad095795ac552b38a21d51be7bfaee8e7d0a70619d84767814321df4ed062,26.783126536301708,0.8092222213745117,0.5602148504633653,0.603535596477358,0.35204343184044484,0.09532783180475235,136.38534519128632
vtm420,qp50,1cba10ad9bb4ced57e42f7656c5f2a58d32dc6bad084957d2f8d1c78e0fcd224,32.01366001327334,0.927708625793457,0.325851983526378,0.46339777719627306,0.2980514539098277,0.08758334070444107,40.89915728028924
vtm420,qp50,07b9f93f170a0381836bdf301280a5b80b2c4be6e66f793a3c335dc200fb4e5b,24.342288382568718,0.8661568760871887,0.5017821220790639,0.538975973164334,0.27491394474225883,0.2596496045589447,239.24976651060814
vtm420,qp50,2a760bf1ccea6998be3890dcc2371b23f35fe3006562884b45bc534a621d5c12,32.9952184184812,0.9634463787078857,0.2093599628785561,0.20964305629504137,0.18259783500227436,0.4197905659675598,32.62560088058998
vtm420,qp50,4ebc0e6c463bcf8ada38673c268aae56d44864347fd74b81a9fb5659bf96a010,27.35950529190766,0.8366510272026062,0.5418753132224083,0.600432081783519,0.2944856601602891,0.1948806792497635,119.43450987572764
vtm420,qp50,2397c73f8feeb8f630fe055da5551c671794afae80528e8612dc62fc0cf61294,25.15810003520687,0.9007816314697266,0.3748256935792811,0.40035778468146044,0.24733343475005207,0.1984633207321167,198.27609516218598
vtm420,qp50,2684452db505ddbbb53f42a3f3bcfe86fdd0d6d8d98c029db4b4c6fc1f55b750,25.61189126925713,0.8522396087646484,0.4671849622445948,0.5211749009349766,0.28446091588805705,0.14795471727848053,178.60402173808976
vtm420,qp50,50d13125b665e0c4c1673264807bfc3cc7a217819329696843fea4c69aff8b91,31.12010576445161,0.9486660957336426,0.119734892928425,0.16915233123170978,0.1844861181343303,0.3185157775878906,50.242331471162686
vtm420,qp50,02809272b4ca9b08af45771501b741296187c7e26907efb44abbbfcb6cd804f7,21.798554546354858,0.8408042788505554,0.42788954815443825,0.5161887469537118,0.24927059061387005,0.17215988039970398,429.7589265711167
vtm420,qp50,581048154e3c4b579c79155742dcf643c18b9bb47782aca7f0768eff185bc32e,23.310168402866243,0.7940961718559265,0.6775585118230882,0.6160195897241215,0.2977166501702843,0.17354150116443634,303.4334958254636
vtm420,qp50,8426ed2245c791232862b0a0b2a62a1f17031e8e6e38921fe939df0b3a05ac41,33.79436274740304,0.9382057189941406,0.3666129056364298,0.4788553137332201,0.2916888929903507,0.09499181061983109,27.14213999112447
vtm420,qp50,608cb09e6ffc66d4bc838d4088bf4c0ab889d7e83d4f5d78805cbc4497e432a1,22.780554602375204,0.7957346439361572,0.5322848577417579,0.5627551166450276,0.2653856961166157,0.08383733034133911,342.7874399820964
vtm420,qp50,50fe4c3d47d864858e1aaa60fecef5c453b4e18d2b368718eeb5c1e249e0c902,22.335268061152377,0.8777170181274414,0.4603864496320854,0.46809018145740766,0.2464278417604941,0.36969101428985596,379.79877073185924
vtm420,qp50,a2a946cc516f9eec0f141da3c31a96df94fe342c651af46f0d38f6c04400323a,24.94489648680065,0.8527223467826843,0.3996354916954742,0.4632539449369206,0.27267203120624317,0.10441086441278458,208.25273425532322
vtm420,qp50,79b1bb29124f590c2e99e6c71c18affe25115d594a821cadc58bf24bf94dae8d,22.38668842593595,0.8782733082771301,0.31698439121246336,0.4684732183814049,0.24580030441284179,0.28292039036750793,375.32847849527997
vtm420,qp50,86127fbdb368eb28c3039cf61aff1c4cfdc4ade24070c8f2389968d5ead681e1,22.443451791547353,0.8123661875724792,0.4424836881092337,0.5583225696301851,0.2904908788985893,0.19048215448856354,370.4547619428791
vtm420,qp50,bb7344a2ba499b2d48b891abee1b903dc17d265437ac57028b5999b6cd5bcdc4,27.687145247097664,0.9109916687011719,0.25347134028561413,0.2413245951756835,0.2229602262377739,0.10519562661647797,110.75563621520996
vtm420,qp50,c9510efb03d1852c29ecad84cc0558768728681a3b9b04eae0dbbd9be142dd95,27.102331822691895,0.9065365791320801,0.29552340928245996,0.4442260707125944,0.21165258516283597,0.13596627116203308,126.72058775658701
vtm420,qp50,937476dd72f98638f34299dda5e9c252621b5e809c364692fc2934e000583286,18.668955281468943,0.7086976170539856,0.4488961572448413,0.28161459416151047,0.1763225644826889,0.3074674606323242,883.4558130900065
vtm420,qp50,a365e6541bab5c0f4e01bf43a0c3a655d88292a8ac45403a889c308d11854555,21.606000573445336,0.8142569661140442,0.5127740597023683,0.5364775340346729,0.26972699866575356,0.1722489297389984,449.24194982192097
vtm420,qp50,b0b3744cc6b5ad6426b1ac02909b4389ea7fc4140d72a888ccdfb21f573a6db4,20.878644959824886,0.829794704914093,0.4439512138857561,0.5018104412976433,0.2318844463895349,0.42137837409973145,531.1483844831878
vtm420,qp50,e0d8e29cadfc99663c7d1a4a5afe20c454ec54d0d873776ec397c59405c74790,28.54465895629348,0.8955216407775879,0.442444058420027,0.4854442141511861,0.31051770203253803,0.09072533994913101,90.91058768478095
vtm420,qp50,d0208a1e9b4fde642b9752da2907d82d5b530a6e2e6e18ef71d5524a92d1cf9a,21.139527522396367,0.7341554760932922,0.729510880743756,0.6045627536142574,0.28089870196931505,0.367065966129303,500.1814815745634
vtm420,qp50,f67f11de4ca9ebda3db52c41fd3d26c3105687b2d37571e54631a1e4486d0b30,32.10968905464189,0.9302682280540466,0.280899775031881,0.4129324196016087,0.23234668081881954,0.14753706753253937,40.004740297404766
vtm420,qp50,da52c4f66dc00c2f381e8475fbf8a7aa2c5433a9c59cc175646c62e02892faf7,21.025141382673027,0.876323401927948,0.4233445911723025,0.507602318946053,0.25581081947859596,0.2701515853404999,513.5304762896369
vtm420,qp50,ff32adfa29d4b5de26293352f53cc983d12d3ededd71fe65ca0ef0d887be65c4,25.78642676613282,0.8759557604789734,0.32960308128420046,0.42781354635953905,0.210708784180529,0.1321597546339035,171.56855133655026
vtm420,qp50,eda6d42794b0d0140628fa90fc0c14a7ba88159b8474d0077027c32ee2ddf6f0,23.111566619094486,0.8567397594451904,0.5336197402839568,0.5637303647749564,0.2472968083970687,0.22033065557479858,317.63159758125255
vtm420,qp50,ebfd571f1c6824316047a29cb5f376eec15f56dd51821119c1842be068a8b950,24.378545853646116,0.9671186804771423,0.09994210506556556,0.11276231904048473,0.1114676259458065,0.0817280113697052,237.26068258285522
vtm420,qp46,0369d229ba4c9965d5caeb38c359a027a810968eee930b81520b604e76b4df14,31.120137864655582,0.9299281239509583,0.26091605341609786,0.45284356781665014,0.2284350028809379,0.20758453011512756,50.24196011412378
vtm420,qp46,0d154749c7771f58e89ad343653ec4e20d6f037da829f47f5598e5d0a4ab61f0,27.126496279630473,0.8283293843269348,0.6242920929894727,0.5953686030472026,0.31127164433984195,0.36430612206459045,126.01746323529412
vtm420,qp46,1b4ad095795ac552b38a21d51be7bfaee8e7d0a70619d84767814321df4ed062,27.89152703548247,0.8598127961158752,0.5026776774933464,0.5582157240102166,0.30925955897883367,0.19514192640781403,105.66414843107525
vtm420,qp46,1cba10ad9bb4ced57e42f7656c5f2a58d32dc6bad084957d2f8d1c78e0fcd224,33.583195079971404,0.9421796798706055,0.3042528148812866,0.4454646242909061,0.2742227822252848,0.09979633241891861,28.494487676034083
vtm420,qp46,07b9f93f170a0381836bdf301280a5b80b2c4be6e66f793a3c335dc200fb4e5b,25.948239773522964,0.9043939113616943,0.41256162322619383,0.48994501513593336,0.2302769901121364,0.4192536473274231,165.2937313304228
vtm420,qp46,2a760bf1ccea6998be3890dcc2371b23f35fe3006562884b45bc534a621d5c12,35.675323021828746,0.9767889380455017,0.18444046429518995,0.1804614483282484,0.15160860172633467,0.5567533373832703,17.6014342910942
vtm420,qp46,2684452db505ddbbb53f42a3f3bcfe86fdd0d6d8d98c029db4b4c6fc1f55b750,27.774152791554293,0.8963020443916321,0.37825188715668284,0.46803219406043783,0.25163170835551096,0.39336979389190674,108.5588119207644
vtm420,qp46,4ebc0e6c463bcf8ada38673c268aae56d44864347fd74b81a9fb5659bf96a010,28.912764838974816,0.8946986794471741,0.48901179757188346,0.5560111179071314,0.24270292240030625,0.28604361414909363,83.52257534849878
vtm420,qp46,2397c73f8feeb8f630fe055da5551c671794afae80528e8612dc62fc0cf61294,27.207416628691806,0.9365199208259583,0.29096812680363654,0.34804853569058813,0.19533442784758176,0.28495943546295166,123.69117012771906
vtm420,qp46,50d13125b665e0c4c1673264807bfc3cc7a217819329696843fea4c69aff8b91,32.96062443333171,0.9718005657196045,0.09031397417968358,0.14861514257705388,0.14977310264811797,0.47044602036476135,32.88651984719669
vtm420,qp46,02809272b4ca9b08af45771501b741296187c7e26907efb44abbbfcb6cd804f7,24.157630736773847,0.9042277932167053,0.30527077295324384,0.4226671082132003,0.1948789217892815,0.4075717031955719,249.6417895747166
vtm420,qp46,581048154e3c4b579c79155742dcf643c18b9bb47782aca7f0768eff185bc32e,24.877479661192787,0.8641325831413269,0.5823478916516671,0.553919180408939,0.2596538525361281,0.21950803697109222,211.51072541959994
vtm420,qp46,8426ed2245c791232862b0a0b2a62a1f17031e8e6e38921fe939df0b3a05ac41,35.36266399790435,0.9515016078948975,0.35339946672320366,0.46219222620129585,0.2662205658853054,0.12049803137779236,18.915331681569416
vtm420,qp46,608cb09e6ffc66d4bc838d4088bf4c0ab889d7e83d4f5d78805cbc4497e432a1,24.822975510883943,0.8707862496376038,0.4115678745449758,0.48491910479816736,0.21687873204549155,0.14173488318920135,214.18192116731132
vtm420,qp46,50fe4c3d47d864858e1aaa60fecef5c453b4e18d2b368718eeb5c1e249e0c902,24.235439120381507,0.9220533967018127,0.3754824099165422,0.40745663008204214,0.2055516290811845,0.47061043977737427,245.20902406041023
vtm420,qp46,79b1bb29124f590c2e99e6c71c18affe25115d594a821cadc58bf24bf94dae8d,24.423489763030574,0.9165697693824768,0.22986615747213363,0.4058840677142143,0.19424485564231872,0.46771565079689026,234.817999903361
vtm420,qp46,a2a946cc516f9eec0f141da3c31a96df94fe342c651af46f0d38f6c04400323a,27.019513894895255,0.9024012684822083,0.30706215801046177,0.41331732948036753,0.22106174528598785,0.15511783957481384,129.16027808095893
vtm420,qp46,86127fbdb368eb28c3039cf61aff1c4cfdc4ade24070c8f2389968d5ead681e1,24.587766534496293,0.8939980864524841,0.308333230067472,0.4679263918126216,0.23296878352516986,0.381792277097702,226.10163737646218
vtm420,qp46,bb7344a2ba499b2d48b891abee1b903dc17d265437ac57028b5999b6cd5bcdc4,30.44946494201124,0.9508280158042908,0.15459608094533905,0.18111992604099214,0.1643877997994423,0.1651092916727066,58.63188632329305
vtm420,qp46,937476dd72f98638f34299dda5e9c252621b5e809c364692fc2934e000583286,20.646393250639015,0.8613923192024231,0.29463984320561093,0.24164951965212822,0.09185194969177246,0.393499493598938,560.3263366487291
vtm420,qp46,c9510efb03d1852c29ecad84cc0558768728681a3b9b04eae0dbbd9be142dd95,29.488068504800626,0.9418015480041504,0.2166276478592087,0.3861127928775899,0.17262338031740748,0.26740947365760803,73.15996859681373
vtm420,qp46,a365e6541bab5c0f4e01bf43a0c3a655d88292a8ac45403a889c308d11854555,23.522566664569425,0.8670318722724915,0.4124280841035001,0.47412222176790236,0.2257805957513697,0.2856334149837494,288.9506624109605
vtm420,qp46,e0d8e29cadfc99663c7d1a4a5afe20c454ec54d0d873776ec397c59405c74790,29.525837356040896,0.9164932370185852,0.4169842613093993,0.4594734668731689,0.2804428928038653,0.1772584617137909,72.52648423138787
vtm420,qp46,b0b3744cc6b5ad6426b1ac02909b4389ea7fc4140d72a888ccdfb21f573a6db4,22.71647792930957,0.893942654132843,0.33255884892800275,0.4302370081053061,0.18392406474141515,0.7708789110183716,347.882488415288
vtm420,qp46,ebfd571f1c6824316047a29cb5f376eec15f56dd51821119c1842be068a8b950,27.889684426540388,0.9862512946128845,0.036602135049179196,0.05413534806575626,0.060927338898181915,0.5363779067993164,105.70898874600728
vtm420,qp46,d0208a1e9b4fde642b9752da2907d82d5b530a6e2e6e18ef71d5524a92d1cf9a,22.603725524115564,0.8308318257331848,0.5772543235736735,0.5159367563969949,0.22151007108828602,0.548789918422699,357.03254729626224
vtm420,qp46,da52c4f66dc00c2f381e8475fbf8a7aa2c5433a9c59cc175646c62e02892faf7,23.234279401385216,0.9281949996948242,0.2842517169082866,0.4040868177133448,0.18730216306798597,0.365166574716568,308.7823163200827
vtm420,qp46,f67f11de4ca9ebda3db52c41fd3d26c3105687b2d37571e54631a1e4486d0b30,33.616572108286185,0.9416491985321045,0.2651025132075244,0.40615176321829066,0.213534420319632,0.18811094760894775,28.276337068844466
vtm420,qp46,eda6d42794b0d0140628fa90fc0c14a7ba88159b8474d0077027c32ee2ddf6f0,25.06518081641959,0.8990392088890076,0.44351041083242376,0.5002395387958077,0.20359459519386292,0.3998063802719116,202.56400693008322
vtm420,qp46,ff32adfa29d4b5de26293352f53cc983d12d3ededd71fe65ca0ef0d887be65c4,27.993096917369378,0.9198034405708313,0.2525211535832461,0.36591560551348856,0.17240706314058865,0.2971547544002533,103.22161960975797
vtm420,qp43,0369d229ba4c9965d5caeb38c359a027a810968eee930b81520b604e76b4df14,32.22446621393475,0.9435198307037354,0.22523848221582524,0.43401219590621837,0.20578977483160354,0.2731587588787079,38.96132692823223
vtm420,qp43,0d154749c7771f58e89ad343653ec4e20d6f037da829f47f5598e5d0a4ab61f0,28.149883008005578,0.8770450949668884,0.5618785684599595,0.5491749535588657,0.27508635766365946,0.5622826218605042,99.56164419136795
vtm420,qp43,1b4ad095795ac552b38a21d51be7bfaee8e7d0a70619d84767814321df4ed062,28.899915908115158,0.896075963973999,0.44785966449662257,0.5147810178367715,0.26590858164586517,0.2920170724391937,83.77004911188493
vtm420,qp43,1cba10ad9bb4ced57e42f7656c5f2a58d32dc6bad084957d2f8d1c78e0fcd224,34.54270143260708,0.9504990577697754,0.28829083611591927,0.43599083679683,0.2527719516198612,0.16061608493328094,22.846002375037926
vtm420,qp43,07b9f93f170a0381836bdf301280a5b80b2c4be6e66f793a3c335dc200fb4e5b,27.320897839871026,0.9295516014099121,0.3500752447282567,0.44633658852647334,0.1924916297197342,0.5647205114364624,120.50097943474265
vtm420,qp43,2a760bf1ccea6998be3890dcc2371b23f35fe3006562884b45bc534a621d5c12,37.704812311959046,0.9822401404380798,0.16753676071249204,0.1613453928509663,0.1308194907574818,0.7093700170516968,11.030599835275234
vtm420,qp43,2684452db505ddbbb53f42a3f3bcfe86fdd0d6d8d98c029db4b4c6fc1f55b750,29.17402195069828,0.9200816750526428,0.32024816598962336,0.4257270054782138,0.22027723333414864,0.5543022751808167,78.64627649643842
vtm420,qp43,4ebc0e6c463bcf8ada38673c268aae56d44864347fd74b81a9fb5659bf96a010,30.054759226244443,0.924376904964447,0.45819106768159307,0.5228767754400477,0.21343210216830757,0.401904433965683,64.21026144588694
vtm420,qp43,02809272b4ca9b08af45771501b741296187c7e26907efb44abbbfcb6cd804f7,25.98051862215248,0.9363753199577332,0.22455270570867203,0.3502431925605325,0.1566705437267528,0.5678366422653198,164.06974331724876
vtm420,qp43,2397c73f8feeb8f630fe055da5551c671794afae80528e8612dc62fc0cf61294,28.873696371179264,0.957202672958374,0.22228964501444032,0.30363984305192443,0.15911197276676403,0.47454842925071716,84.2773213704427
vtm420,qp43,50d13125b665e0c4c1673264807bfc3cc7a217819329696843fea4c69aff8b91,34.36755085777492,0.9761402606964111,0.07381931430769756,0.14064138610573376,0.13410861281787648,0.5564417243003845,23.786211440142463
vtm420,qp43,581048154e3c4b579c79155742dcf643c18b9bb47782aca7f0768eff185bc32e,26.14152323944987,0.9027535319328308,0.4979695683488479,0.5045714990778284,0.22780141283522595,0.2818824052810669,158.0986046424279
vtm420,qp43,8426ed2245c791232862b0a0b2a62a1f17031e8e6e38921fe939df0b3a05ac41,36.39659916659647,0.9592173099517822,0.3301241025328636,0.45071743428707123,0.24462421610951424,0.17136052250862122,14.908036390940348
vtm420,qp43,79b1bb29124f590c2e99e6c71c18affe25115d594a821cadc58bf24bf94dae8d,26.10541450827153,0.9380369782447815,0.17602716200053692,0.359419572353363,0.15806860327720643,0.6131682395935059,159.4185703277588
vtm420,qp43,50fe4c3d47d864858e1aaa60fecef5c453b4e18d2b368718eeb5c1e249e0c902,25.720368706187188,0.9460811614990234,0.3046289222475923,0.3559398395411762,0.16571062324959554,0.5678368806838989,174.19813066647376
vtm420,qp43,608cb09e6ffc66d4bc838d4088bf4c0ab889d7e83d4f5d78805cbc4497e432a1,26.423368467875544,0.9110265374183655,0.3350951899500454,0.4254958988989101,0.1844479064731037,0.2161136269569397,148.1642797133502
vtm420,qp43,a2a946cc516f9eec0f141da3c31a96df94fe342c651af46f0d38f6c04400323a,28.664067224762242,0.9306761622428894,0.24135347361512044,0.37055752058239544,0.18552283784922433,0.19755659997463226,88.44507171032475
vtm420,qp43,86127fbdb368eb28c3039cf61aff1c4cfdc4ade24070c8f2389968d5ead681e1,26.239789880154618,0.9309425354003906,0.23479954269332964,0.40190965499057146,0.19707603190766007,0.5359593033790588,154.561517434042
vtm420,qp43,bb7344a2ba499b2d48b891abee1b903dc17d265437ac57028b5999b6cd5bcdc4,32.343620392942334,0.9667583107948303,0.115781108092051,0.1484385741641745,0.12711192667484283,0.26191067695617676,37.906904538472496
vtm420,qp43,a365e6541bab5c0f4e01bf43a0c3a655d88292a8ac45403a889c308d11854555,25.078821261103087,0.9034097194671631,0.33130719740601144,0.4205315743299092,0.18343102055437424,0.4207148253917694,201.9287862141927
vtm420,qp43,937476dd72f98638f34299dda5e9c252621b5e809c364692fc2934e000583286,22.719868829655894,0.929980456829071,0.15251779928803444,0.17807471627990404,0.04486524065335592,0.4834071695804596,347.6109734641181
vtm420,qp43,c9510efb03d1852c29ecad84cc0558768728681a3b9b04eae0dbbd9be142dd95,31.245638410513642,0.9584453701972961,0.17367278745069223,0.34683746406260657,0.14485198960584753,0.38909873366355896,48.81086677102481
vtm420,qp43,e0d8e29cadfc99663c7d1a4a5afe20c454ec54d0d873776ec397c59405c74790,30.814294943789125,0.9387321472167969,0.36957065024796654,0.43122656652156044,0.24473999861408682,0.2636092007160187,53.90770790249694
vtm420,qp43,b0b3744cc6b5ad6426b1ac02909b4389ea7fc4140d72a888ccdfb21f573a6db4,24.293448125707855,0.9276513457298279,0.2561314066543299,0.37664718084475574,0.1557390421628952,0.8684735894203186,241.95552763097427
vtm420,qp43,ebfd571f1c6824316047a29cb5f376eec15f56dd51821119c1842be068a8b950,30.384577532129615,0.9922989010810852,0.021491855790372938,0.035255134920589626,0.042207807302474976,0.6965621113777161,59.51447510719299
vtm420,qp43,f67f11de4ca9ebda3db52c41fd3d26c3105687b2d37571e54631a1e4486d0b30,34.53246055342663,0.9484604001045227,0.25176627349619773,0.3990156184516701,0.1963234505817002,0.23068544268608093,22.899937947591145
vtm420,qp43,da52c4f66dc00c2f381e8475fbf8a7aa2c5433a9c59cc175646c62e02892faf7,24.978538407828374,0.9530985355377197,0.20242347125621402,0.3313028335571289,0.14258756795350244,0.5158780813217163,206.6457701439951
vtm420,qp43,ff32adfa29d4b5de26293352f53cc983d12d3ededd71fe65ca0ef0d887be65c4,29.587234505506544,0.9424629211425781,0.20054134717758965,0.318924178007771,0.14600961716736063,0.49765947461128235,71.50837522020527
vtm420,qp43,d0208a1e9b4fde642b9752da2907d82d5b530a6e2e6e18ef71d5524a92d1cf9a,23.995456075116333,0.8848897814750671,0.4347257383606013,0.44066681651508105,0.17252123688950258,0.6514068841934204,259.1401783662684
vtm420,qp43,eda6d42794b0d0140628fa90fc0c14a7ba88159b8474d0077027c32ee2ddf6f0,26.54502931200613,0.9210630059242249,0.3850189061725841,0.4585091302207872,0.17201972650546654,0.590124249458313,144.07128497354344
vtm420,qp40,0369d229ba4c9965d5caeb38c359a027a810968eee930b81520b604e76b4df14,33.192356314916786,0.9544441103935242,0.19308981884490042,0.41261150223367354,0.1805320688906838,0.3581397235393524,31.17774706073836
vtm420,qp40,0d154749c7771f58e89ad343653ec4e20d6f037da829f47f5598e5d0a4ab61f0,29.106174443267363,0.9104926586151123,0.5038672991535242,0.5101798149592737,0.2441055301357718,0.679792046546936,79.88457270603554
vtm420,qp40,1b4ad095795ac552b38a21d51be7bfaee8e7d0a70619d84767814321df4ed062,30.099785581460328,0.9255161285400391,0.3679199426581985,0.4627458457099764,0.22023946674246536,0.43204188346862793,63.54798768696032
vtm420,qp40,1cba10ad9bb4ced57e42f7656c5f2a58d32dc6bad084957d2f8d1c78e0fcd224,35.32854044965554,0.9581466317176819,0.26643772770478885,0.42242366856741675,0.2262435964878323,0.22619837522506714,19.064539344565382
vtm420,qp40,07b9f93f170a0381836bdf301280a5b80b2c4be6e66f793a3c335dc200fb4e5b,28.750026783105827,0.9473609328269958,0.2798338418497759,0.4014045832788243,0.16203082677196054,0.7680560350418091,86.71169637044271
vtm420,qp40,2a760bf1ccea6998be3890dcc2371b23f35fe3006562884b45bc534a621d5c12,39.07485309696868,0.9861882328987122,0.1481405612852039,0.1489895658631777,0.11178098721750851,0.7674184441566467,8.046278328731143
vtm420,qp40,02809272b4ca9b08af45771501b741296187c7e26907efb44abbbfcb6cd804f7,27.72296137951524,0.9571242332458496,0.17130454121267094,0.2928695444675053,0.12890004761078777,0.6810480952262878,109.84599393956802
vtm420,qp40,2684452db505ddbbb53f42a3f3bcfe86fdd0d6d8d98c029db4b4c6fc1f55b750,30.45527326517727,0.9384196400642395,0.2625038970480947,0.3821508567122852,0.19145069630707012,0.7236437201499939,58.55352352366728
vtm420,qp40,4ebc0e6c463bcf8ada38673c268aae56d44864347fd74b81a9fb5659bf96a010,31.064782520141524,0.943117082118988,0.4274605677408331,0.49709339948261483,0.1898025682743858,0.4947304427623749,50.88644469018076
vtm420,qp40,50d13125b665e0c4c1673264807bfc3cc7a217819329696843fea4c69aff8b91,36.058586967207596,0.9817215800285339,0.053384589853093904,0.12744029830757747,0.10977359659531537,0.7103058099746704,16.11467919443168
vtm420,qp40,2397c73f8feeb8f630fe055da5551c671794afae80528e8612dc62fc0cf61294,30.4334799913668,0.9681256413459778,0.18097180616767966,0.27095964375664205,0.1328229804249371,0.6219553351402283,58.84808864219516
vtm420,qp40,79b1bb29124f590c2e99e6c71c18affe25115d594a821cadc58bf24bf94dae8d,27.439317195990917,0.949542224407196,0.1440275523811579,0.3270800195634365,0.13724383115768432,0.736962080001831,117.25966288248698
vtm420,qp40,8426ed2245c791232862b0a0b2a62a1f17031e8e6e38921fe939df0b3a05ac41,37.425347623346596,0.9657667279243469,0.3069939697161317,0.43871002458035946,0.22669778764247894,0.2222805917263031,11.763744910558065
vtm420,qp40,581048154e3c4b579c79155742dcf643c18b9bb47782aca7f0768eff185bc32e,27.457767278895776,0.9310242533683777,0.40832965043219893,0.450237135720122,0.1935061024768012,0.3385758399963379,116.76256664681347
vtm420,qp40,50fe4c3d47d864858e1aaa60fecef5c453b4e18d2b368718eeb5c1e249e0c902,27.082617577657153,0.96128910779953,0.24041651722825605,0.3065912876232171,0.13372782590212645,0.6378652453422546,127.29712730376318
vtm420,qp40,608cb09e6ffc66d4bc838d4088bf4c0ab889d7e83d4f5d78805cbc4497e432a1,27.644481123098494,0.9331576228141785,0.2803200487704838,0.3801676810664289,0.1574983392276016,0.293081134557724,111.8490368213529
vtm420,qp40,a2a946cc516f9eec0f141da3c31a96df94fe342c651af46f0d38f6c04400323a,30.012101116550166,0.9495016932487488,0.19256096850423252,0.3361459062379949,0.1598275174112881,0.2599322497844696,64.84406750248928
vtm420,qp40,86127fbdb368eb28c3039cf61aff1c4cfdc4ade24070c8f2389968d5ead681e1,27.905395901490678,0.9542239308357239,0.18050773759357264,0.34446261664394473,0.1690949057457877,0.6813622713088989,105.3272561662184
vtm420,qp40,bb7344a2ba499b2d48b891abee1b903dc17d265437ac57028b5999b6cd5bcdc4,34.066851064804624,0.976146399974823,0.0876423041918315,0.13008496118709445,0.10602528601884842,0.3139566481113434,25.491491953531902
vtm420,qp40,a365e6541bab5c0f4e01bf43a0c3a655d88292a8ac45403a889c308d11854555,26.654466289613083,0.9335585236549377,0.2541307650944766,0.3628625485826941,0.14840470903060016,0.5594654083251953,140.48622149299172
vtm420,qp40,937476dd72f98638f34299dda5e9c252621b5e809c364692fc2934e000583286,24.986108327045198,0.964335024356842,0.07135927894463141,0.1110139029721419,0.018949687480926514,0.5372374653816223,206.28589238060846
vtm420,qp40,c9510efb03d1852c29ecad84cc0558768728681a3b9b04eae0dbbd9be142dd95,32.497301428703956,0.9684451222419739,0.15001833097023123,0.320109409707434,0.12895487161243663,0.4550420343875885,36.58897286209405
vtm420,qp40,e0d8e29cadfc99663c7d1a4a5afe20c454ec54d0d873776ec397c59405c74790,32.40341333124445,0.9544258117675781,0.30908697028370463,0.4082415041678092,0.21550190939622768,0.3308027684688568,37.38858486998315
vtm420,qp40,b0b3744cc6b5ad6426b1ac02909b4389ea7fc4140d72a888ccdfb21f573a6db4,25.58697443119314,0.9445359706878662,0.20622559075846392,0.33606916166403716,0.13767789637341218,0.9268597364425659,179.63167425417433
vtm420,qp40,ebfd571f1c6824316047a29cb5f376eec15f56dd51821119c1842be068a8b950,32.534286099242024,0.9947054982185364,0.013492374157067388,0.023658333986531943,0.028052348643541336,0.7270211577415466,36.278702894846596
vtm420,qp40,f67f11de4ca9ebda3db52c41fd3d26c3105687b2d37571e54631a1e4486d0b30,35.20353070889885,0.9546429514884949,0.2216783409353857,0.3775451521517015,0.17576078047939375,0.2465531975030899,19.62127795250587
vtm420,qp40,da52c4f66dc00c2f381e8475fbf8a7aa2c5433a9c59cc175646c62e02892faf7,26.415936335991297,0.9668553471565247,0.15077627647448988,0.279059352155994,0.11474557220935822,0.6238543391227722,148.41805204503677
vtm420,qp40,ff32adfa29d4b5de26293352f53cc983d12d3ededd71fe65ca0ef0d887be65c4,30.73065171330704,0.9558271765708923,0.1676930175984607,0.2858233285300872,0.12160998004324296,0.6260996460914612,54.95600944967831
vtm420,qp40,eda6d42794b0d0140628fa90fc0c14a7ba88159b8474d0077027c32ee2ddf6f0,27.919098429034975,0.9369699954986572,0.34302813296808915,0.4185336143070576,0.14934744905023015,0.6860965490341187,104.99545936335146
vtm420,qp40,d0208a1e9b4fde642b9752da2907d82d5b530a6e2e6e18ef71d5524a92d1cf9a,25.450642580409276,0.9185174107551575,0.3022365108132362,0.36521035993800444,0.1321258378379485,0.7749478220939636,185.36003501742493
vtm420,qp37,0369d229ba4c9965d5caeb38c359a027a810968eee930b81520b604e76b4df14,34.312690520040384,0.9637243747711182,0.16443576422684333,0.38838280991596336,0.15642469612991108,0.4636010229587555,24.08858606675092
vtm420,qp37,1b4ad095795ac552b38a21d51be7bfaee8e7d0a70619d84767814321df4ed062,31.55489398237057,0.9476880431175232,0.28370587802247,0.4036471290807975,0.17814568783107557,0.5694512724876404,45.45597344114069
vtm420,qp37,0d154749c7771f58e89ad343653ec4e20d6f037da829f47f5598e5d0a4ab61f0,30.117690858025583,0.9356436133384705,0.44657528742271313,0.46974813648883035,0.2119395952014362,0.7444383502006531,63.28652870327819
vtm420,qp37,07b9f93f170a0381836bdf301280a5b80b2c4be6e66f793a3c335dc200fb4e5b,30.364896107736943,0.9608268737792969,0.20970488401020274,0.3507885534535436,0.1372715965789907,0.8392457365989685,59.78479578354779
vtm420,qp37,1cba10ad9bb4ced57e42f7656c5f2a58d32dc6bad084957d2f8d1c78e0fcd224,36.230209293362506,0.9649156928062439,0.24373511507094486,0.4026179220346571,0.20311849513678876,0.2639605402946472,15.490285830204542
vtm420,qp37,2a760bf1ccea6998be3890dcc2371b23f35fe3006562884b45bc534a621d5c12,40.585174707550095,0.9896640777587891,0.10210440956569951,0.12541965787009945,0.0912368893623352,0.8409261107444763,5.682806782338811
vtm420,qp37,02809272b4ca9b08af45771501b741296187c7e26907efb44abbbfcb6cd804f7,29.499803176074515,0.9716797471046448,0.12284181698718492,0.23690393716096877,0.10288341623895308,0.7384923100471497,72.9625566071155
vtm420,qp37,50d13125b665e0c4c1673264807bfc3cc7a217819329696843fea4c69aff8b91,38.197156189781836,0.9881930947303772,0.03455156019532724,0.11371759965961033,0.08976354143198799,0.7689138650894165,9.848378738702513
vtm420,qp37,4ebc0e6c463bcf8ada38673c268aae56d44864347fd74b81a9fb5659bf96a010,32.051695870374914,0.9564483761787415,0.39887587349204456,0.470348702721736,0.16291417795069077,0.6241382360458374,40.54252319335937
vtm420,qp37,2684452db505ddbbb53f42a3f3bcfe86fdd0d6d8d98c029db4b4c6fc1f55b750,31.769696099603763,0.9532472491264343,0.2130324861363453,0.33610862603082375,0.16288509544204263,0.8215502500534058,43.26241419175092
vtm420,qp37,2397c73f8feeb8f630fe055da5551c671794afae80528e8612dc62fc0cf61294,32.069378465032294,0.9768159985542297,0.14144056080018771,0.23601706941776415,0.1068588979103986,0.6510791778564453,40.37778715245864
vtm420,qp37,79b1bb29124f590c2e99e6c71c18affe25115d594a821cadc58bf24bf94dae8d,28.854884668602857,0.9596969485282898,0.12098323181271553,0.294391743093729,0.1192300021648407,0.770004391670227,84.64316495259602
vtm420,qp37,50fe4c3d47d864858e1aaa60fecef5c453b4e18d2b368718eeb5c1e249e0c902,28.61900366971803,0.9730219841003418,0.16925476886975913,0.2520431132044321,0.09734165999624464,0.7555438280105591,89.36757920504597
vtm420,qp37,8426ed2245c791232862b0a0b2a62a1f17031e8e6e38921fe939df0b3a05ac41,38.41438108592296,0.971369206905365,0.285848549567163,0.42514264211058617,0.20733030885457993,0.2776116132736206,9.367900133132935
vtm420,qp37,581048154e3c4b579c79155742dcf643c18b9bb47782aca7f0768eff185bc32e,28.97456160823975,0.9519839286804199,0.3146045915373079,0.38849181149687084,0.15510024179469098,0.4259992837905884,82.342528737945
vtm420,qp37,608cb09e6ffc66d4bc838d4088bf4c0ab889d7e83d4f5d78805cbc4497e432a1,29.009399332690876,0.9511850476264954,0.23253893067001127,0.33595331349209245,0.13058583993537753,0.4045524597167969,81.6846453099469
vtm420,qp37,a2a946cc516f9eec0f141da3c31a96df94fe342c651af46f0d38f6c04400323a,31.529359358161628,0.9641361832618713,0.15263363035286173,0.29466707294478134,0.13189832182491526,0.34924161434173584,45.72402200137868
vtm420,qp37,86127fbdb368eb28c3039cf61aff1c4cfdc4ade24070c8f2389968d5ead681e1,29.49414402483574,0.9683358073234558,0.13839253557265782,0.29786490832195905,0.14488740265369415,0.768337070941925,73.0576937315894
vtm420,qp37,bb7344a2ba499b2d48b891abee1b903dc17d265437ac57028b5999b6cd5bcdc4,35.79459483200266,0.9832541346549988,0.06595657442812808,0.10392605070956051,0.08028475195169449,0.4102391004562378,17.1246174176534
vtm420,qp37,937476dd72f98638f34299dda5e9c252621b5e809c364692fc2934e000583286,27.277881380394298,0.9815831780433655,0.030050115815053385,0.06490406269828479,0.00947075585524241,0.5649940371513367,121.70046085781522
vtm420,qp37,c9510efb03d1852c29ecad84cc0558768728681a3b9b04eae0dbbd9be142dd95,33.93787692387677,0.9758794903755188,0.12701106397982906,0.2922449403825928,0.11037779222516453,0.5735809206962585,26.25987584731158
vtm420,qp37,a365e6541bab5c0f4e01bf43a0c3a655d88292a8ac45403a889c308d11854555,28.38081977964609,0.9557690620422363,0.17270187330158318,0.2989037696929539,0.11352917850017548,0.714526891708374,94.40573610791974
vtm420,qp37,e0d8e29cadfc99663c7d1a4a5afe20c454ec54d0d873776ec397c59405c74790,34.29286386763073,0.9674405455589294,0.2520023292040124,0.37908202273880737,0.18597108791856204,0.4337233304977417,24.19880801930147
vtm420,qp37,b0b3744cc6b5ad6426b1ac02909b4389ea7fc4140d72a888ccdfb21f573a6db4,27.06703964815203,0.9588594436645508,0.1658843569457531,0.2966350206557442,0.11804287153131822,0.9576436877250671,127.75455573586856
vtm420,qp37,ebfd571f1c6824316047a29cb5f376eec15f56dd51821119c1842be068a8b950,34.348122987934325,0.9959561824798584,0.011267911497270688,0.023258446162799373,0.027049481868743896,0.7294182181358337,23.892855803171795
vtm420,qp37,f67f11de4ca9ebda3db52c41fd3d26c3105687b2d37571e54631a1e4486d0b30,35.90484477483359,0.959583580493927,0.20515541960576586,0.3659103609183255,0.1618110353455824,0.33443042635917664,16.69536366182215
vtm420,qp37,da52c4f66dc00c2f381e8475fbf8a7aa2c5433a9c59cc175646c62e02892faf7,27.9673579394596,0.9770618081092834,0.1032592351164888,0.2271723825703649,0.08856385630719801,0.708319365978241,103.83519119561888
vtm420,qp37,ff32adfa29d4b5de26293352f53cc983d12d3ededd71fe65ca0ef0d887be65c4,32.081603554561404,0.9675247073173523,0.131861233864637,0.24709602050921498,0.10043900223339305,0.7079973220825195,40.264286295572916
vtm420,qp37,d0208a1e9b4fde642b9752da2907d82d5b530a6e2e6e18ef71d5524a92d1cf9a,27.10017974852863,0.9425066113471985,0.19249738126116642,0.29090320586281665,0.09836327889386345,0.8463135957717896,126.78339759976257
vtm420,qp37,eda6d42794b0d0140628fa90fc0c14a7ba88159b8474d0077027c32ee2ddf6f0,29.32883386985781,0.9507142901420593,0.30459440616415995,0.38202572073422225,0.12633334626169765,0.7974995374679565,75.8921705258438
vtm420,qp34,0369d229ba4c9965d5caeb38c359a027a810968eee930b81520b604e76b4df14,35.51085518592259,0.9717022776603699,0.13737139962613582,0.35856043144184,0.13129132319899167,0.6086449027061462,18.28078505572151
vtm420,qp34,07b9f93f170a0381836bdf301280a5b80b2c4be6e66f793a3c335dc200fb4e5b,31.979591425808763,0.9700520634651184,0.16852842901340304,0.3078312961494221,0.12031511454021229,0.8627321720123291,41.221255792356004
vtm420,qp34,1b4ad095795ac552b38a21d51be7bfaee8e7d0a70619d84767814321df4ed062,33.10676932568968,0.9629721641540527,0.20996275191244326,0.34055549102394206,0.14069991284295133,0.7205175161361694,31.798265289842035
vtm420,qp34,0d154749c7771f58e89ad343653ec4e20d6f037da829f47f5598e5d0a4ab61f0,31.1298037757391,0.953174352645874,0.3876439158530796,0.43044732142897213,0.16883075920974508,0.7882488965988159,50.1302630256204
vtm420,qp34,02809272b4ca9b08af45771501b741296187c7e26907efb44abbbfcb6cd804f7,31.319930757144554,0.9813960194587708,0.08340831957757473,0.18699289051925436,0.07852495189975289,0.8113884329795837,47.9829875871247
vtm420,qp34,2a760bf1ccea6998be3890dcc2371b23f35fe3006562884b45bc534a621d5c12,42.303664543003535,0.9921494126319885,0.05810121947835232,0.09836682934185555,0.06967839547272386,0.8609424829483032,3.825726388514727
vtm420,qp34,1cba10ad9bb4ced57e42f7656c5f2a58d32dc6bad084957d2f8d1c78e0fcd224,37.13616541795622,0.9709973931312561,0.21734116387381716,0.38126221161733553,0.17850607300846322,0.3234815299510956,12.57372098756068
vtm420,qp34,50d13125b665e0c4c1673264807bfc3cc7a217819329696843fea4c69aff8b91,40.37917577802284,0.9913990497589111,0.021506755523082306,0.10187335210742758,0.07653080961283515,0.7851001024246216,5.958854525696998
vtm420,qp34,4ebc0e6c463bcf8ada38673c268aae56d44864347fd74b81a9fb5659bf96a010,33.01715373181211,0.9667849540710449,0.371568703826736,0.4420498209841111,0.14226846467046178,0.7018124461174011,32.461231186810664
vtm420,qp34,2397c73f8feeb8f630fe055da5551c671794afae80528e8612dc62fc0cf61294,33.699929288080746,0.9825289845466614,0.11411829474656021,0.20825578506816836,0.08865691949339474,0.7408780455589294,27.73878484987745
vtm420,qp34,2684452db505ddbbb53f42a3f3bcfe86fdd0d6d8d98c029db4b4c6fc1f55b750,33.45198650359553,0.9666256904602051,0.15391501990311285,0.28141579251078996,0.1247628052445019,0.8651397824287415,29.368496285232844
vtm420,qp34,79b1bb29124f590c2e99e6c71c18affe25115d594a821cadc58bf24bf94dae8d,30.35876897574356,0.9679179787635803,0.10193744981661439,0.26199163012206556,0.09935528635978699,0.7875370383262634,59.86920115152995
vtm420,qp34,50fe4c3d47d864858e1aaa60fecef5c453b4e18d2b368718eeb5c1e249e0c902,30.32856886023555,0.9816374182701111,0.10644941326276755,0.19088930185930228,0.06715877464524021,0.8357862830162048,60.28697248545203
vtm420,qp34,8426ed2245c791232862b0a0b2a62a1f17031e8e6e38921fe939df0b3a05ac41,39.43181169474576,0.9764435887336731,0.26486003678292036,0.4019836522638798,0.18501873314380646,0.36986103653907776,7.411381880442302
vtm420,qp34,608cb09e6ffc66d4bc838d4088bf4c0ab889d7e83d4f5d78805cbc4497e432a1,30.333186744639868,0.9640219807624817,0.19421095656705836,0.295597308260553,0.1088800012480979,0.4790690839290619,60.222902983621836
vtm420,qp34,581048154e3c4b579c79155742dcf643c18b9bb47782aca7f0768eff185bc32e,30.659843347776274,0.9665643572807312,0.22651209145948126,0.3214115619168177,0.12067040293426304,0.47722530364990234,55.859369075341974
vtm420,qp34,a2a946cc516f9eec0f141da3c31a96df94fe342c651af46f0d38f6c04400323a,33.03367940154997,0.9748014807701111,0.11424564127536381,0.25845562351100587,0.10497420447714188,0.4183139503002167,32.337945197610296
vtm420,qp34,86127fbdb368eb28c3039cf61aff1c4cfdc4ade24070c8f2389968d5ead681e1,31.133111331017677,0.9781931042671204,0.09851564973837039,0.25085493226031785,0.11295953319698084,0.8174389004707336,50.09209871552681
vtm420,qp34,bb7344a2ba499b2d48b891abee1b903dc17d265437ac57028b5999b6cd5bcdc4,37.49064583841212,0.9879512190818787,0.04757455983781256,0.0823417246574536,0.06005550175905228,0.4957676827907562,11.588194529215494
vtm420,qp34,c9510efb03d1852c29ecad84cc0558768728681a3b9b04eae0dbbd9be142dd95,35.327731763437924,0.9817296862602234,0.10795803729663878,0.2653845986022669,0.09502790587789872,0.631235659122467,19.06808962354473
vtm420,qp34,937476dd72f98638f34299dda5e9c252621b5e809c364692fc2934e000583286,29.626144560928864,0.9905335307121277,0.012565551442094147,0.03524345997720957,0.004428838690121968,0.579511284828186,70.87056658003065
vtm420,qp34,a365e6541bab5c0f4e01bf43a0c3a655d88292a8ac45403a889c308d11854555,30.14776225852617,0.9710347056388855,0.10966871674446499,0.23512679342837894,0.08264214519192191,0.770443856716156,62.84983400831035
vtm420,qp34,b0b3744cc6b5ad6426b1ac02909b4389ea7fc4140d72a888ccdfb21f573a6db4,28.539139216514478,0.9691078662872314,0.13613283401902984,0.2609379593063803,0.10177114640965182,0.9688795804977417,91.02620550417433
vtm420,qp34,e0d8e29cadfc99663c7d1a4a5afe20c454ec54d0d873776ec397c59405c74790,36.23832229316577,0.9765901565551758,0.19819152200704113,0.3449067513732349,0.15648049186257756,0.5518162250518799,15.461375636680453
vtm420,qp34,ebfd571f1c6824316047a29cb5f376eec15f56dd51821119c1842be068a8b950,35.97141079246584,0.9972841143608093,0.005390441758208908,0.008224101591622457,0.01220148429274559,0.7651235461235046,16.441418409347534
vtm420,qp34,f67f11de4ca9ebda3db52c41fd3d26c3105687b2d37571e54631a1e4486d0b30,36.59340021641767,0.9636927247047424,0.19038280165370772,0.3536633895892723,0.14642734358123705,0.411954790353775,14.247554903716043
vtm420,qp34,da52c4f66dc00c2f381e8475fbf8a7aa2c5433a9c59cc175646c62e02892faf7,29.679860385644798,0.9843190312385559,0.06911478943246252,0.18426098284475945,0.06422093633343191,0.7451244592666626,69.99940077837776
vtm420,qp34,d0208a1e9b4fde642b9752da2907d82d5b530a6e2e6e18ef71d5524a92d1cf9a,28.82330490044304,0.9594351649284363,0.12193177936269957,0.2207752469707938,0.07128719354377074,0.8880096673965454,85.2608917834712
vtm420,qp34,ff32adfa29d4b5de26293352f53cc983d12d3ededd71fe65ca0ef0d887be65c4,33.41995826471659,0.9761196970939636,0.0988198968636639,0.2075092579512035,0.07552030735156115,0.7878631353378296,29.585882927389704
vtm420,qp34,eda6d42794b0d0140628fa90fc0c14a7ba88159b8474d0077027c32ee2ddf6f0,30.758667524194074,0.9629008769989014,0.2588838128482594,0.3407376500613549,0.1051679253578186,0.8369248509407043,54.60263590095869
vtmscc,qp50,2a760bf1ccea6998be3890dcc2371b23f35fe3006562884b45bc534a621d5c12,33.502150187540806,0.9662989974021912,0.20480324071029138,0.21305307553246103,0.1798987090587616,0.43133947253227234,29.031223691742994
vtmscc,qp50,bb7344a2ba499b2d48b891abee1b903dc17d265437ac57028b5999b6cd5bcdc4,28.108653955006517,0.9157300591468811,0.24392605642788112,0.22568372497335076,0.21207819133996964,0.09372813254594803,100.51131741205852
vtmscc,qp46,2a760bf1ccea6998be3890dcc2371b23f35fe3006562884b45bc534a621d5c12,36.22094843204314,0.977733314037323,0.1823927228306902,0.18167822062969208,0.1505377159036439,0.5739836692810059,15.523352436635687
vtmscc,qp50,86127fbdb368eb28c3039cf61aff1c4cfdc4ade24070c8f2389968d5ead681e1,22.5277381540989,0.8147116303443909,0.4268252866678551,0.5534478147498897,0.28381756119063645,0.1671760529279709,363.33442279419614
vtmscc,qp50,ebfd571f1c6824316047a29cb5f376eec15f56dd51821119c1842be068a8b950,24.613319366853833,0.970095157623291,0.08802358445245773,0.09633480827324092,0.09846444427967072,0.08090854436159134,224.7752162615458
vtmscc,qp50,937476dd72f98638f34299dda5e9c252621b5e809c364692fc2934e000583286,18.60520501692417,0.7062274813652039,0.419405497610569,0.2814679518342018,0.17214294771353403,0.3406835198402405,896.5197455088297
vtmscc,qp46,bb7344a2ba499b2d48b891abee1b903dc17d265437ac57028b5999b6cd5bcdc4,30.597686573134396,0.9525441527366638,0.15315860020928085,0.17387446365319192,0.15127522498369217,0.16311371326446533,56.66458384195963
vtmscc,qp46,86127fbdb368eb28c3039cf61aff1c4cfdc4ade24070c8f2389968d5ead681e1,24.65496925608898,0.8948213458061218,0.3001858497985074,0.4610155657178066,0.22798412183269126,0.4004818797111511,222.62987130587217
vtmscc,qp43,2a760bf1ccea6998be3890dcc2371b23f35fe3006562884b45bc534a621d5c12,38.2007940944594,0.9839231371879578,0.16553452026484342,0.15890068747103214,0.1280212633568665,0.7006476521492004,9.840132614661908
vtmscc,qp46,937476dd72f98638f34299dda5e9c252621b5e809c364692fc2934e000583286,20.644860131320392,0.8618267178535461,0.28624215970436734,0.24069845800598463,0.09276650846004486,0.3941950500011444,560.524174478319
vtmscc,qp46,ebfd571f1c6824316047a29cb5f376eec15f56dd51821119c1842be068a8b950,28.1292707258106,0.9883328080177307,0.03088317665969953,0.05010957922786474,0.056066978722810745,0.5219431519508362,100.03530216217041
vtmscc,qp43,bb7344a2ba499b2d48b891abee1b903dc17d265437ac57028b5999b6cd5bcdc4,32.548127720008864,0.9686521887779236,0.10973922640550882,0.14497259340714663,0.12187574803829193,0.24704815447330475,36.1632612546285
vtmscc,qp43,86127fbdb368eb28c3039cf61aff1c4cfdc4ade24070c8f2389968d5ead681e1,26.291623776821645,0.9316112399101257,0.2257997357576597,0.3927089003998725,0.18992883284560969,0.5286864638328552,152.72776035663207
vtmscc,qp40,2a760bf1ccea6998be3890dcc2371b23f35fe3006562884b45bc534a621d5c12,39.91928983295735,0.9877433776855469,0.14230898260299502,0.14553597787844724,0.11189028261036708,0.7880306243896484,6.624473659471533
vtmscc,qp43,937476dd72f98638f34299dda5e9c252621b5e809c364692fc2934e000583286,22.71443598736637,0.9299107193946838,0.1504118883361419,0.17699676876266798,0.04356094698111216,0.4675257205963135,348.04609235127765
vtmscc,qp40,bb7344a2ba499b2d48b891abee1b903dc17d265437ac57028b5999b6cd5bcdc4,34.45247552045517,0.9789260029792786,0.08171863391180523,0.12329285591840744,0.09540680795907974,0.3659212291240692,23.325599193572998
vtmscc,qp43,ebfd571f1c6824316047a29cb5f376eec15f56dd51821119c1842be068a8b950,30.798913437503373,0.9934915900230408,0.018702980771195143,0.03494093322660774,0.044073618948459625,0.6604112982749939,54.09897255897522
vtmscc,qp37,2a760bf1ccea6998be3890dcc2371b23f35fe3006562884b45bc534a621d5c12,41.72080889328291,0.9910023212432861,0.10091086830301531,0.12447534225367267,0.08776383256090098,0.8553670048713684,4.3752157277074355
vtmscc,qp40,86127fbdb368eb28c3039cf61aff1c4cfdc4ade24070c8f2389968d5ead681e1,27.995435603817434,0.9550409317016602,0.17137221338563277,0.3385329016896545,0.1650298457653796,0.6712430715560913,103.16604947783256
vtmscc,qp40,937476dd72f98638f34299dda5e9c252621b5e809c364692fc2934e000583286,24.979520569641053,0.964293897151947,0.07157578816016515,0.11006123820940654,0.017770826816558838,0.5387471914291382,206.5990422566732
vtmscc,qp40,ebfd571f1c6824316047a29cb5f376eec15f56dd51821119c1842be068a8b950,33.50944163879092,0.9966352581977844,0.010695011529605836,0.020697906613349915,0.025898709893226624,0.725196361541748,28.982523520787556
vtmscc,qp37,bb7344a2ba499b2d48b891abee1b903dc17d265437ac57028b5999b6cd5bcdc4,36.4669725025199,0.9865570068359375,0.05655420749098994,0.09519385709427297,0.06593643128871918,0.4182651937007904,14.668412367502848
vtmscc,qp34,2a760bf1ccea6998be3890dcc2371b23f35fe3006562884b45bc534a621d5c12,43.71730855350222,0.9935154318809509,0.05766139680455471,0.09730891767760803,0.06683603083265238,0.8696936964988708,2.762800370139637
vtmscc,qp37,86127fbdb368eb28c3039cf61aff1c4cfdc4ade24070c8f2389968d5ead681e1,29.67229486539045,0.969667375087738,0.1296996402813763,0.29137017211464583,0.13464769867599988,0.7440956234931946,70.12144778725879
vtmscc,qp37,937476dd72f98638f34299dda5e9c252621b5e809c364692fc2934e000583286,27.277881380394298,0.9815831780433655,0.030050115815053385,0.06490406269828479,0.00947075585524241,0.5649940371513367,121.70046085781522
vtmscc,qp37,ebfd571f1c6824316047a29cb5f376eec15f56dd51821119c1842be068a8b950,36.313213587928594,0.9981388449668884,0.005783721702755429,0.015823877038201317,0.016186699271202087,0.7384893298149109,15.19703984260559
vtmscc,qp34,bb7344a2ba499b2d48b891abee1b903dc17d265437ac57028b5999b6cd5bcdc4,38.65677634375456,0.9916461110115051,0.03551528024036088,0.07232095798826776,0.04206790030002594,0.4322883188724518,8.859367688496908
vtmscc,qp34,86127fbdb368eb28c3039cf61aff1c4cfdc4ade24070c8f2389968d5ead681e1,31.447183842764332,0.9798684120178223,0.08837066355665199,0.2413888828309833,0.09829979524260661,0.7813758850097656,46.59743128708803
vtmscc,qp34,ebfd571f1c6824316047a29cb5f376eec15f56dd51821119c1842be068a8b950,39.0866687138966,0.9990763664245605,0.002877922685001977,0.00574219471309334,0.00935262069106102,0.7718713879585266,8.02441700299581
vtmscc,qp34,937476dd72f98638f34299dda5e9c252621b5e809c364692fc2934e000583286,29.626144560928864,0.9905335307121277,0.012565551442094147,0.03524345997720957,0.004428838690121968,0.579511284828186,70.87056658003065
